material_id,period_month,qty_consumed,movement_type,plant
1,2024-09,15,261,Gamsberg
1,2024-10,14,262,Gamsberg
1,2024-11,17,262,Gamsberg
1,2024-12,14,262,Gamsberg
1,2025-01,15,262,Gamsberg
1,2025-02,16,261,Gamsberg
1,2025-03,14,262,Gamsberg
1,2025-04,13,201,Gamsberg
1,2025-05,17,261,Gamsberg
1,2025-06,14,262,Gamsberg
1,2025-07,15,262,Gamsberg
1,2025-08,13,262,Gamsberg
1,2025-09,17,261,Gamsberg
1,2025-10,15,262,Gamsberg
1,2025-11,16,261,Gamsberg
1,2025-12,17,261,Gamsberg
1,2026-01,16,261,Gamsberg
1,2026-03,15,262,Gamsberg
1,2026-04,17,262,Gamsberg
1,2026-05,15,202,Gamsberg
1,2026-06,15,261,Gamsberg
1,2026-07,15,202,Gamsberg
1,2026-08,17,262,Gamsberg
3,2024-09,6,262,Gamsberg
3,2024-10,10,202,Gamsberg
3,2024-11,7,261,Gamsberg
3,2024-12,5,262,Gamsberg
3,2025-01,7,261,Gamsberg
3,2025-03,8,261,Gamsberg
3,2025-04,9,262,Gamsberg
3,2025-06,7,201,Gamsberg
3,2025-07,4,261,Gamsberg
3,2025-08,8,201,Gamsberg
3,2025-11,5,262,Gamsberg
3,2026-01,7,262,Gamsberg
3,2026-02,7,261,Gamsberg
3,2026-03,7,262,Gamsberg
3,2026-08,6,201,Gamsberg
4,2024-09,2,201,BMM
4,2024-10,2,261,BMM
4,2024-11,2,202,BMM
4,2024-12,2,262,BMM
4,2025-01,2,261,BMM
4,2025-02,2,261,BMM
4,2025-03,2,201,BMM
4,2025-04,2,202,BMM
4,2025-05,2,201,BMM
4,2025-06,2,261,BMM
4,2025-07,2,262,BMM
4,2025-08,2,261,BMM
4,2025-09,2,262,BMM
4,2025-10,2,261,BMM
4,2025-11,2,202,BMM
4,2025-12,2,262,BMM
4,2026-01,2,202,BMM
4,2026-02,2,262,BMM
4,2026-04,2,262,BMM
4,2026-05,2,201,BMM
4,2026-06,2,262,BMM
4,2026-07,2,261,BMM
4,2026-08,2,261,BMM
5,2024-09,9,261,Gamsberg
5,2024-11,15,262,Gamsberg
5,2024-12,6,261,Gamsberg
5,2025-01,5,262,Gamsberg
5,2025-03,8,262,Gamsberg
5,2025-04,4,261,Gamsberg
5,2025-05,15,261,Gamsberg
5,2025-06,11,261,Gamsberg
5,2025-07,10,261,Gamsberg
5,2025-08,4,261,Gamsberg
5,2025-09,15,262,Gamsberg
5,2025-10,9,202,Gamsberg
5,2025-11,8,261,Gamsberg
5,2026-01,5,262,Gamsberg
5,2026-02,4,262,Gamsberg
5,2026-03,5,261,Gamsberg
5,2026-04,2,261,Gamsberg
5,2026-05,4,261,Gamsberg
5,2026-06,11,202,Gamsberg
5,2026-07,9,261,Gamsberg
5,2026-08,11,262,Gamsberg
6,2024-09,3,261,BMM
6,2024-10,3,261,BMM
6,2024-11,3,201,BMM
6,2024-12,3,262,BMM
6,2025-01,3,202,BMM
6,2025-02,3,261,BMM
6,2025-03,3,261,BMM
6,2025-04,3,201,BMM
6,2025-05,3,262,BMM
6,2025-06,3,262,BMM
6,2025-07,3,262,BMM
6,2025-08,3,201,BMM
6,2025-09,3,202,BMM
6,2025-10,3,262,BMM
6,2025-11,3,202,BMM
6,2025-12,3,262,BMM
6,2026-01,3,201,BMM
6,2026-02,3,202,BMM
6,2026-03,3,261,BMM
6,2026-04,3,202,BMM
6,2026-05,3,261,BMM
6,2026-06,3,261,BMM
6,2026-07,3,261,BMM
6,2026-08,3,262,BMM
7,2024-10,13,262,Gamsberg
7,2024-11,13,261,Gamsberg
7,2024-12,16,201,Gamsberg
7,2025-03,11,262,Gamsberg
7,2025-08,7,262,Gamsberg
7,2025-09,7,262,Gamsberg
7,2025-10,16,261,Gamsberg
7,2025-12,13,202,Gamsberg
7,2026-01,11,261,Gamsberg
7,2026-05,10,261,Gamsberg
7,2026-06,12,261,Gamsberg
7,2026-07,7,262,Gamsberg
7,2026-08,6,262,Gamsberg
8,2024-09,5,262,BMM
8,2024-10,5,262,BMM
8,2024-11,17,262,BMM
8,2024-12,8,201,BMM
8,2025-01,6,261,BMM
8,2025-02,4,262,BMM
8,2025-03,21,262,BMM
8,2025-04,8,201,BMM
8,2025-05,11,261,BMM
8,2025-06,21,201,BMM
8,2025-07,6,262,BMM
8,2025-09,7,262,BMM
8,2025-10,21,262,BMM
8,2025-11,18,262,BMM
8,2025-12,18,262,BMM
8,2026-02,19,262,BMM
8,2026-03,12,202,BMM
8,2026-04,20,201,BMM
8,2026-05,8,261,BMM
8,2026-06,17,201,BMM
8,2026-07,11,262,BMM
8,2026-08,4,201,BMM
9,2024-09,10,202,Gamsberg
9,2024-10,10,262,Gamsberg
9,2024-11,10,261,Gamsberg
9,2024-12,8,262,Gamsberg
9,2025-01,10,201,Gamsberg
9,2025-02,10,261,Gamsberg
9,2025-03,9,261,Gamsberg
9,2025-04,8,262,Gamsberg
9,2025-05,10,201,Gamsberg
9,2025-07,9,261,Gamsberg
9,2025-08,10,262,Gamsberg
9,2025-09,10,261,Gamsberg
9,2025-10,8,261,Gamsberg
9,2025-12,10,261,Gamsberg
9,2026-01,8,261,Gamsberg
9,2026-02,8,262,Gamsberg
9,2026-03,8,201,Gamsberg
9,2026-04,9,201,Gamsberg
9,2026-05,8,262,Gamsberg
9,2026-06,9,261,Gamsberg
9,2026-07,8,262,Gamsberg
9,2026-08,8,202,Gamsberg
10,2025-07,3,202,BMM
10,2025-08,12,262,BMM
10,2025-09,13,201,BMM
10,2025-11,4,261,BMM
10,2026-03,11,202,BMM
10,2026-04,14,262,BMM
10,2026-06,14,261,BMM
10,2026-07,8,261,BMM
10,2026-08,6,262,BMM
11,2024-09,1,261,Gamsberg
11,2024-10,4,261,Gamsberg
11,2024-11,5,261,Gamsberg
11,2024-12,3,201,Gamsberg
11,2025-01,5,262,Gamsberg
11,2025-02,3,261,Gamsberg
11,2025-03,5,261,Gamsberg
11,2025-04,4,202,Gamsberg
11,2025-06,1,262,Gamsberg
11,2025-07,2,262,Gamsberg
11,2025-08,3,201,Gamsberg
11,2025-09,5,201,Gamsberg
11,2025-11,4,262,Gamsberg
11,2025-12,3,262,Gamsberg
11,2026-01,2,202,Gamsberg
11,2026-02,3,261,Gamsberg
11,2026-03,4,261,Gamsberg
11,2026-04,3,202,Gamsberg
11,2026-05,3,261,Gamsberg
11,2026-07,3,261,Gamsberg
11,2026-08,4,201,Gamsberg
12,2024-09,13,262,BMM
12,2024-10,11,201,BMM
12,2024-11,14,202,BMM
12,2024-12,12,262,BMM
12,2025-01,13,262,BMM
12,2025-02,13,262,BMM
12,2025-03,13,262,BMM
12,2025-04,11,202,BMM
12,2025-05,10,262,BMM
12,2025-06,13,262,BMM
12,2025-07,12,262,BMM
12,2025-08,13,261,BMM
12,2025-09,11,261,BMM
12,2025-10,12,261,BMM
12,2025-11,12,261,BMM
12,2025-12,13,262,BMM
12,2026-01,12,201,BMM
12,2026-02,11,261,BMM
12,2026-03,12,262,BMM
12,2026-04,14,262,BMM
12,2026-05,10,261,BMM
12,2026-06,11,202,BMM
12,2026-07,12,201,BMM
12,2026-08,13,261,BMM
13,2024-09,10,262,Gamsberg
13,2024-10,10,202,Gamsberg
13,2024-11,9,201,Gamsberg
13,2024-12,10,261,Gamsberg
13,2025-01,11,262,Gamsberg
13,2025-02,11,262,Gamsberg
13,2025-03,9,261,Gamsberg
13,2025-04,10,261,Gamsberg
13,2025-05,10,262,Gamsberg
13,2025-06,9,262,Gamsberg
13,2025-07,10,262,Gamsberg
13,2025-08,11,262,Gamsberg
13,2025-09,10,262,Gamsberg
13,2025-10,9,262,Gamsberg
13,2025-11,10,261,Gamsberg
13,2025-12,9,262,Gamsberg
13,2026-01,11,262,Gamsberg
13,2026-03,10,262,Gamsberg
13,2026-04,10,261,Gamsberg
13,2026-05,10,202,Gamsberg
13,2026-06,10,261,Gamsberg
13,2026-07,11,261,Gamsberg
13,2026-08,9,202,Gamsberg
14,2024-09,5,261,BMM
14,2024-11,6,261,BMM
14,2024-12,5,262,BMM
14,2025-01,5,262,BMM
14,2025-02,5,261,BMM
14,2025-03,5,262,BMM
14,2025-04,4,261,BMM
14,2025-05,5,261,BMM
14,2025-06,5,261,BMM
14,2025-07,5,202,BMM
14,2025-08,5,201,BMM
14,2025-09,5,202,BMM
14,2025-10,6,262,BMM
14,2025-11,6,201,BMM
14,2025-12,5,261,BMM
14,2026-01,5,201,BMM
14,2026-02,5,261,BMM
14,2026-03,4,262,BMM
14,2026-04,5,261,BMM
14,2026-05,5,202,BMM
14,2026-06,5,262,BMM
14,2026-07,6,262,BMM
14,2026-08,5,262,BMM
15,2024-10,3,262,Gamsberg
15,2024-11,5,201,Gamsberg
15,2024-12,1,261,Gamsberg
15,2025-05,4,262,Gamsberg
15,2025-09,1,262,Gamsberg
15,2025-10,5,262,Gamsberg
15,2025-11,4,201,Gamsberg
15,2026-03,5,262,Gamsberg
15,2026-05,4,261,Gamsberg
16,2024-09,7,262,BMM
16,2024-10,8,201,BMM
16,2024-11,8,261,BMM
16,2024-12,7,262,BMM
16,2025-01,7,201,BMM
16,2025-02,7,202,BMM
16,2025-03,9,261,BMM
16,2025-04,7,202,BMM
16,2025-05,9,202,BMM
16,2025-06,9,261,BMM
16,2025-07,8,261,BMM
16,2025-08,9,202,BMM
16,2025-09,8,261,BMM
16,2025-10,8,261,BMM
16,2025-11,8,262,BMM
16,2025-12,8,262,BMM
16,2026-01,9,261,BMM
16,2026-02,7,202,BMM
16,2026-03,8,201,BMM
16,2026-04,8,262,BMM
16,2026-05,8,261,BMM
16,2026-06,9,261,BMM
16,2026-07,8,202,BMM
16,2026-08,8,261,BMM
17,2024-11,19,262,Gamsberg
17,2025-02,9,201,Gamsberg
17,2025-07,14,262,Gamsberg
17,2025-09,19,262,Gamsberg
17,2025-10,22,262,Gamsberg
17,2025-12,18,262,Gamsberg
17,2026-02,9,262,Gamsberg
17,2026-04,20,261,Gamsberg
17,2026-06,11,262,Gamsberg
17,2026-07,14,262,Gamsberg
18,2024-09,10,261,BMM
18,2024-10,9,261,BMM
18,2024-11,10,261,BMM
18,2024-12,10,201,BMM
18,2025-01,9,262,BMM
18,2025-03,10,262,BMM
18,2025-04,9,262,BMM
18,2025-05,9,202,BMM
18,2025-06,10,201,BMM
18,2025-07,10,261,BMM
18,2025-08,11,261,BMM
18,2025-09,9,261,BMM
18,2025-10,10,262,BMM
18,2025-11,11,261,BMM
18,2025-12,9,262,BMM
18,2026-02,10,201,BMM
18,2026-04,11,261,BMM
18,2026-05,10,261,BMM
18,2026-06,9,202,BMM
18,2026-08,11,261,BMM
19,2024-09,14,202,Gamsberg
19,2024-10,14,261,Gamsberg
19,2024-11,15,201,Gamsberg
19,2024-12,13,202,Gamsberg
19,2025-01,16,261,Gamsberg
19,2025-02,14,261,Gamsberg
19,2025-03,14,261,Gamsberg
19,2025-04,17,262,Gamsberg
19,2025-05,15,202,Gamsberg
19,2025-06,13,262,Gamsberg
19,2025-07,13,202,Gamsberg
19,2025-08,15,261,Gamsberg
19,2025-09,15,201,Gamsberg
19,2025-10,14,262,Gamsberg
19,2025-11,17,201,Gamsberg
19,2026-01,14,262,Gamsberg
19,2026-02,13,261,Gamsberg
19,2026-03,14,201,Gamsberg
19,2026-04,16,201,Gamsberg
19,2026-05,16,262,Gamsberg
19,2026-06,14,261,Gamsberg
19,2026-07,13,202,Gamsberg
19,2026-08,16,261,Gamsberg
20,2024-09,21,202,BMM
20,2024-10,18,262,BMM
20,2025-01,18,261,BMM
20,2025-02,23,262,BMM
20,2025-04,22,261,BMM
20,2025-05,12,262,BMM
20,2025-06,19,262,BMM
20,2025-07,14,261,BMM
20,2025-10,18,261,BMM
20,2025-11,15,261,BMM
20,2025-12,21,262,BMM
20,2026-02,17,261,BMM
20,2026-03,24,262,BMM
20,2026-04,19,262,BMM
20,2026-05,12,262,BMM
20,2026-06,20,262,BMM
20,2026-07,13,202,BMM
20,2026-08,24,261,BMM
21,2025-02,29,261,Gamsberg
21,2025-11,33,202,Gamsberg
21,2025-12,22,202,Gamsberg
21,2026-04,30,262,Gamsberg
22,2024-09,2,201,BMM
22,2024-10,2,262,BMM
22,2024-11,3,262,BMM
22,2025-02,2,202,BMM
22,2025-03,3,202,BMM
22,2025-04,3,201,BMM
22,2025-05,2,201,BMM
22,2025-08,3,202,BMM
22,2025-12,2,262,BMM
22,2026-01,3,261,BMM
22,2026-05,2,261,BMM
22,2026-07,3,261,BMM
23,2024-10,2,201,Gamsberg
23,2024-12,3,262,Gamsberg
23,2025-04,2,261,Gamsberg
23,2025-07,2,261,Gamsberg
23,2025-08,3,261,Gamsberg
23,2025-11,2,262,Gamsberg
23,2025-12,3,261,Gamsberg
23,2026-01,2,201,Gamsberg
23,2026-02,2,261,Gamsberg
23,2026-03,3,261,Gamsberg
23,2026-04,3,261,Gamsberg
23,2026-05,2,262,Gamsberg
23,2026-06,3,261,Gamsberg
24,2024-09,8,261,BMM
24,2024-10,8,261,BMM
24,2024-11,8,261,BMM
24,2024-12,7,262,BMM
24,2025-01,8,261,BMM
24,2025-02,7,261,BMM
24,2025-03,9,262,BMM
24,2025-04,7,201,BMM
24,2025-05,9,262,BMM
24,2025-06,9,201,BMM
24,2025-07,8,261,BMM
24,2025-08,7,261,BMM
24,2025-09,7,261,BMM
24,2025-10,7,262,BMM
24,2025-11,9,202,BMM
24,2025-12,9,202,BMM
24,2026-01,7,261,BMM
24,2026-02,9,261,BMM
24,2026-03,8,262,BMM
24,2026-05,8,262,BMM
24,2026-06,7,261,BMM
24,2026-07,8,262,BMM
24,2026-08,8,261,BMM
25,2024-11,23,262,Gamsberg
25,2025-01,16,202,Gamsberg
25,2025-10,29,202,Gamsberg
25,2026-01,26,261,Gamsberg
25,2026-02,28,261,Gamsberg
25,2026-03,22,201,Gamsberg
25,2026-04,15,201,Gamsberg
25,2026-05,39,202,Gamsberg
25,2026-07,14,262,Gamsberg
25,2026-08,17,262,Gamsberg
26,2024-09,9,262,BMM
26,2024-10,9,202,BMM
26,2024-11,8,202,BMM
26,2024-12,7,261,BMM
26,2025-01,8,202,BMM
26,2025-02,8,201,BMM
26,2025-03,8,262,BMM
26,2025-04,8,202,BMM
26,2025-05,7,262,BMM
26,2025-06,9,261,BMM
26,2025-07,9,261,BMM
26,2025-08,7,262,BMM
26,2025-09,9,261,BMM
26,2025-10,8,262,BMM
26,2025-11,9,261,BMM
26,2025-12,7,202,BMM
26,2026-01,8,262,BMM
26,2026-02,7,261,BMM
26,2026-03,8,261,BMM
26,2026-04,9,262,BMM
26,2026-05,8,202,BMM
26,2026-06,8,202,BMM
26,2026-07,9,261,BMM
26,2026-08,7,201,BMM
27,2024-10,13,202,Gamsberg
27,2024-12,12,262,Gamsberg
27,2025-01,14,262,Gamsberg
27,2025-02,13,261,Gamsberg
27,2025-03,13,261,Gamsberg
27,2025-05,8,261,Gamsberg
27,2025-06,7,202,Gamsberg
27,2025-07,10,202,Gamsberg
27,2026-01,6,261,Gamsberg
27,2026-02,13,261,Gamsberg
27,2026-03,12,261,Gamsberg
27,2026-05,13,261,Gamsberg
27,2026-06,14,262,Gamsberg
27,2026-08,10,262,Gamsberg
28,2024-09,21,262,BMM
28,2024-10,10,202,BMM
28,2024-12,14,261,BMM
28,2025-04,18,261,BMM
28,2025-05,13,262,BMM
28,2025-06,15,262,BMM
28,2025-07,9,261,BMM
28,2025-08,23,261,BMM
28,2025-09,10,262,BMM
28,2025-11,17,261,BMM
28,2025-12,16,262,BMM
28,2026-02,15,202,BMM
28,2026-03,11,261,BMM
28,2026-04,24,202,BMM
28,2026-05,14,261,BMM
28,2026-06,18,202,BMM
28,2026-07,13,202,BMM
28,2026-08,10,202,BMM
29,2024-09,9,201,Gamsberg
29,2024-10,8,262,Gamsberg
29,2024-11,9,202,Gamsberg
29,2024-12,7,261,Gamsberg
29,2025-01,8,202,Gamsberg
29,2025-02,7,262,Gamsberg
29,2025-03,9,262,Gamsberg
29,2025-04,7,202,Gamsberg
29,2025-06,8,262,Gamsberg
29,2025-08,8,261,Gamsberg
29,2025-09,8,262,Gamsberg
29,2025-10,8,262,Gamsberg
29,2025-11,7,262,Gamsberg
29,2025-12,7,261,Gamsberg
29,2026-01,9,262,Gamsberg
29,2026-02,8,262,Gamsberg
29,2026-03,7,201,Gamsberg
29,2026-04,8,201,Gamsberg
29,2026-05,9,262,Gamsberg
29,2026-06,9,261,Gamsberg
29,2026-07,8,201,Gamsberg
29,2026-08,8,201,Gamsberg
30,2024-09,9,261,BMM
30,2024-10,10,262,BMM
30,2024-12,7,261,BMM
30,2025-01,10,261,BMM
30,2025-02,9,262,BMM
30,2025-04,7,262,BMM
30,2025-08,7,202,BMM
30,2025-09,7,201,BMM
30,2025-10,11,261,BMM
30,2026-02,8,261,BMM
30,2026-05,11,201,BMM
30,2026-06,10,261,BMM
30,2026-07,9,201,BMM
31,2024-09,4,262,Gamsberg
31,2024-10,4,261,Gamsberg
31,2024-11,3,262,Gamsberg
31,2024-12,4,261,Gamsberg
31,2025-01,4,262,Gamsberg
31,2025-02,4,262,Gamsberg
31,2025-03,4,261,Gamsberg
31,2025-04,4,202,Gamsberg
31,2025-05,4,262,Gamsberg
31,2025-06,4,201,Gamsberg
31,2025-07,3,261,Gamsberg
31,2025-08,4,262,Gamsberg
31,2025-09,4,261,Gamsberg
31,2025-10,4,262,Gamsberg
31,2025-11,4,262,Gamsberg
31,2025-12,3,261,Gamsberg
31,2026-01,4,201,Gamsberg
31,2026-02,4,261,Gamsberg
31,2026-03,4,262,Gamsberg
31,2026-04,4,201,Gamsberg
31,2026-06,4,262,Gamsberg
31,2026-07,4,261,Gamsberg
31,2026-08,4,262,Gamsberg
32,2024-09,24,262,BMM
32,2024-10,17,262,BMM
32,2024-11,26,262,BMM
32,2024-12,26,261,BMM
32,2025-01,10,261,BMM
32,2025-02,14,202,BMM
32,2025-03,7,262,BMM
32,2025-04,23,201,BMM
32,2025-05,13,262,BMM
32,2025-06,26,261,BMM
32,2025-07,16,262,BMM
32,2025-08,8,202,BMM
32,2025-10,12,262,BMM
32,2025-11,10,262,BMM
32,2025-12,26,262,BMM
32,2026-01,9,262,BMM
32,2026-02,19,262,BMM
32,2026-04,6,261,BMM
32,2026-05,9,202,BMM
32,2026-06,17,202,BMM
32,2026-07,17,202,BMM
32,2026-08,21,262,BMM
33,2024-09,6,201,Gamsberg
33,2024-10,10,261,Gamsberg
33,2024-12,11,262,Gamsberg
33,2025-01,8,262,Gamsberg
33,2025-05,11,202,Gamsberg
33,2025-06,7,261,Gamsberg
33,2025-08,7,262,Gamsberg
33,2025-09,7,262,Gamsberg
33,2026-01,11,201,Gamsberg
33,2026-02,11,261,Gamsberg
33,2026-03,9,262,Gamsberg
33,2026-04,12,201,Gamsberg
33,2026-06,8,201,Gamsberg
33,2026-08,7,202,Gamsberg
34,2024-09,12,262,BMM
34,2024-10,13,262,BMM
34,2024-12,7,202,BMM
34,2025-03,5,261,BMM
34,2025-04,12,261,BMM
34,2025-05,11,262,BMM
34,2025-08,8,261,BMM
34,2025-09,10,261,BMM
34,2025-10,5,201,BMM
34,2025-11,7,261,BMM
34,2026-03,11,262,BMM
34,2026-04,12,201,BMM
34,2026-05,9,261,BMM
34,2026-06,11,201,BMM
34,2026-07,8,261,BMM
34,2026-08,8,261,BMM
35,2024-09,25,262,Gamsberg
35,2024-10,28,201,Gamsberg
35,2024-11,19,261,Gamsberg
35,2024-12,25,262,Gamsberg
35,2025-01,30,261,Gamsberg
35,2025-03,29,202,Gamsberg
35,2025-04,27,261,Gamsberg
35,2025-05,5,202,Gamsberg
35,2025-06,28,262,Gamsberg
35,2025-07,8,261,Gamsberg
35,2025-08,30,261,Gamsberg
35,2025-09,24,202,Gamsberg
35,2025-10,21,202,Gamsberg
35,2025-11,32,261,Gamsberg
35,2025-12,32,201,Gamsberg
35,2026-01,7,202,Gamsberg
35,2026-02,6,261,Gamsberg
35,2026-03,8,202,Gamsberg
35,2026-04,35,202,Gamsberg
35,2026-05,26,262,Gamsberg
35,2026-06,5,261,Gamsberg
35,2026-08,12,261,Gamsberg
37,2024-09,15,262,Gamsberg
37,2024-10,15,202,Gamsberg
37,2024-11,14,201,Gamsberg
37,2024-12,13,202,Gamsberg
37,2025-01,13,202,Gamsberg
37,2025-02,14,261,Gamsberg
37,2025-03,17,262,Gamsberg
37,2025-05,14,261,Gamsberg
37,2025-06,17,261,Gamsberg
37,2025-07,15,261,Gamsberg
37,2025-08,16,261,Gamsberg
37,2025-10,15,201,Gamsberg
37,2025-11,17,262,Gamsberg
37,2025-12,15,201,Gamsberg
37,2026-01,17,262,Gamsberg
37,2026-02,13,202,Gamsberg
37,2026-03,16,261,Gamsberg
37,2026-04,14,261,Gamsberg
37,2026-05,13,202,Gamsberg
37,2026-06,17,202,Gamsberg
37,2026-07,13,261,Gamsberg
37,2026-08,13,262,Gamsberg
39,2024-09,9,261,Gamsberg
39,2024-10,9,262,Gamsberg
39,2024-11,10,261,Gamsberg
39,2024-12,10,261,Gamsberg
39,2025-01,9,261,Gamsberg
39,2025-02,9,262,Gamsberg
39,2025-03,9,261,Gamsberg
39,2025-04,8,262,Gamsberg
39,2025-05,8,262,Gamsberg
39,2025-06,9,261,Gamsberg
39,2025-07,8,261,Gamsberg
39,2025-08,10,261,Gamsberg
39,2025-09,8,262,Gamsberg
39,2025-10,9,261,Gamsberg
39,2025-11,10,201,Gamsberg
39,2025-12,9,202,Gamsberg
39,2026-01,10,261,Gamsberg
39,2026-02,8,261,Gamsberg
39,2026-03,8,201,Gamsberg
39,2026-04,10,261,Gamsberg
39,2026-05,8,262,Gamsberg
39,2026-06,10,261,Gamsberg
39,2026-07,10,261,Gamsberg
39,2026-08,8,202,Gamsberg
40,2024-12,1,261,BMM
40,2025-02,2,262,BMM
40,2025-04,5,262,BMM
40,2025-09,2,262,BMM
40,2025-12,6,262,BMM
40,2026-04,2,201,BMM
41,2024-09,6,262,Gamsberg
41,2024-10,7,202,Gamsberg
41,2024-11,6,202,Gamsberg
41,2024-12,6,261,Gamsberg
41,2025-01,7,261,Gamsberg
41,2025-02,7,262,Gamsberg
41,2025-03,6,262,Gamsberg
41,2025-04,5,201,Gamsberg
41,2025-05,5,261,Gamsberg
41,2025-06,7,202,Gamsberg
41,2025-07,6,202,Gamsberg
41,2025-08,7,201,Gamsberg
41,2025-09,6,202,Gamsberg
41,2025-10,5,261,Gamsberg
41,2025-11,6,261,Gamsberg
41,2025-12,5,201,Gamsberg
41,2026-01,6,261,Gamsberg
41,2026-02,7,202,Gamsberg
41,2026-03,6,262,Gamsberg
41,2026-04,5,261,Gamsberg
41,2026-05,6,262,Gamsberg
41,2026-06,5,262,Gamsberg
41,2026-07,5,262,Gamsberg
41,2026-08,6,261,Gamsberg
42,2024-09,2,261,BMM
42,2024-10,1,202,BMM
42,2024-11,4,262,BMM
42,2025-01,3,202,BMM
42,2025-02,1,201,BMM
42,2025-03,1,201,BMM
42,2025-04,1,262,BMM
42,2025-05,1,202,BMM
42,2025-06,4,262,BMM
42,2025-07,3,261,BMM
42,2025-08,1,262,BMM
42,2025-09,3,262,BMM
42,2025-12,5,201,BMM
42,2026-01,5,201,BMM
42,2026-02,5,262,BMM
42,2026-03,5,262,BMM
42,2026-04,3,202,BMM
42,2026-06,3,201,BMM
42,2026-07,3,262,BMM
42,2026-08,3,202,BMM
43,2024-09,1,262,Gamsberg
43,2024-10,2,261,Gamsberg
43,2024-11,5,262,Gamsberg
43,2024-12,3,261,Gamsberg
43,2025-01,5,261,Gamsberg
43,2025-02,4,202,Gamsberg
43,2025-03,4,202,Gamsberg
43,2025-04,2,262,Gamsberg
43,2025-05,3,202,Gamsberg
43,2025-07,3,261,Gamsberg
43,2025-08,7,262,Gamsberg
43,2025-09,2,261,Gamsberg
43,2025-10,7,262,Gamsberg
43,2025-11,6,261,Gamsberg
43,2025-12,4,262,Gamsberg
43,2026-01,5,201,Gamsberg
43,2026-02,7,202,Gamsberg
43,2026-03,2,202,Gamsberg
43,2026-04,3,202,Gamsberg
43,2026-05,4,262,Gamsberg
43,2026-06,4,261,Gamsberg
43,2026-08,3,201,Gamsberg
44,2024-09,9,261,BMM
44,2024-10,14,262,BMM
44,2024-12,10,262,BMM
44,2025-01,10,261,BMM
44,2025-02,7,262,BMM
44,2025-03,17,261,BMM
44,2025-05,9,201,BMM
44,2025-06,14,262,BMM
44,2025-08,7,261,BMM
44,2025-09,10,201,BMM
44,2025-12,12,202,BMM
44,2026-02,17,261,BMM
44,2026-05,11,261,BMM
44,2026-06,10,202,BMM
45,2024-11,10,261,Gamsberg
45,2025-01,15,262,Gamsberg
45,2025-03,18,262,Gamsberg
45,2025-05,10,201,Gamsberg
45,2025-09,24,202,Gamsberg
45,2025-10,17,262,Gamsberg
45,2025-12,22,202,Gamsberg
45,2026-02,24,261,Gamsberg
45,2026-03,20,262,Gamsberg
45,2026-08,18,262,Gamsberg
46,2024-09,10,262,BMM
46,2024-10,2,262,BMM
46,2024-11,4,262,BMM
46,2024-12,12,262,BMM
46,2025-01,4,261,BMM
46,2025-02,9,202,BMM
46,2025-03,3,262,BMM
46,2025-04,6,261,BMM
46,2025-05,9,201,BMM
46,2025-06,10,261,BMM
46,2025-07,11,261,BMM
46,2025-08,8,261,BMM
46,2025-10,8,261,BMM
46,2025-11,5,262,BMM
46,2025-12,2,262,BMM
46,2026-01,10,261,BMM
46,2026-02,3,201,BMM
46,2026-03,10,261,BMM
46,2026-04,12,202,BMM
46,2026-05,6,262,BMM
46,2026-06,9,201,BMM
46,2026-07,7,261,BMM
46,2026-08,12,262,BMM
47,2024-11,15,261,Gamsberg
47,2025-01,11,262,Gamsberg
47,2025-05,13,261,Gamsberg
47,2025-06,8,201,Gamsberg
47,2025-11,13,262,Gamsberg
47,2026-03,8,261,Gamsberg
47,2026-04,11,262,Gamsberg
47,2026-05,15,261,Gamsberg
47,2026-07,9,262,Gamsberg
47,2026-08,17,202,Gamsberg
48,2024-09,8,261,BMM
48,2024-10,6,261,BMM
48,2024-11,8,201,BMM
48,2024-12,7,202,BMM
48,2025-01,7,262,BMM
48,2025-02,6,261,BMM
48,2025-03,8,262,BMM
48,2025-04,7,201,BMM
48,2025-05,7,202,BMM
48,2025-07,7,262,BMM
48,2025-08,7,201,BMM
48,2025-09,6,261,BMM
48,2025-10,7,261,BMM
48,2025-11,8,262,BMM
48,2025-12,7,261,BMM
48,2026-01,7,201,BMM
48,2026-02,7,262,BMM
48,2026-03,8,261,BMM
48,2026-04,6,261,BMM
48,2026-05,7,261,BMM
48,2026-06,8,261,BMM
48,2026-07,8,261,BMM
49,2024-11,3,262,Gamsberg
49,2024-12,2,262,Gamsberg
49,2025-01,5,261,Gamsberg
49,2025-02,5,262,Gamsberg
49,2025-04,2,262,Gamsberg
49,2025-06,3,261,Gamsberg
49,2025-09,4,201,Gamsberg
49,2025-10,4,261,Gamsberg
49,2025-12,2,202,Gamsberg
49,2026-01,4,261,Gamsberg
49,2026-02,4,262,Gamsberg
49,2026-03,4,261,Gamsberg
49,2026-04,3,201,Gamsberg
50,2024-09,14,262,BMM
50,2024-10,17,261,BMM
50,2024-11,14,261,BMM
50,2024-12,17,262,BMM
50,2025-02,16,261,BMM
50,2025-03,14,202,BMM
50,2025-04,16,262,BMM
50,2025-05,15,201,BMM
50,2025-06,16,201,BMM
50,2025-09,17,202,BMM
50,2025-10,13,261,BMM
50,2025-11,15,261,BMM
50,2025-12,13,262,BMM
50,2026-01,15,202,BMM
50,2026-02,17,261,BMM
50,2026-03,16,202,BMM
50,2026-04,14,261,BMM
50,2026-05,14,261,BMM
50,2026-06,16,262,BMM
50,2026-08,15,261,BMM
51,2024-09,12,262,Gamsberg
51,2024-12,11,261,Gamsberg
51,2025-03,5,262,Gamsberg
51,2025-04,12,262,Gamsberg
51,2025-06,7,262,Gamsberg
51,2025-07,13,261,Gamsberg
51,2025-08,9,261,Gamsberg
51,2025-10,12,262,Gamsberg
51,2025-12,11,261,Gamsberg
51,2026-03,5,201,Gamsberg
51,2026-04,12,261,Gamsberg
51,2026-05,8,261,Gamsberg
51,2026-06,6,202,Gamsberg
51,2026-07,12,262,Gamsberg
51,2026-08,7,261,Gamsberg
52,2024-12,34,201,BMM
52,2025-02,23,262,BMM
52,2025-03,21,261,BMM
52,2025-05,6,262,BMM
52,2025-07,6,261,BMM
52,2025-08,4,261,BMM
52,2025-12,18,201,BMM
52,2026-03,9,261,BMM
53,2024-09,4,201,Gamsberg
53,2024-10,3,261,Gamsberg
53,2024-11,11,201,Gamsberg
53,2024-12,10,261,Gamsberg
53,2025-01,7,262,Gamsberg
53,2025-02,10,262,Gamsberg
53,2025-03,5,262,Gamsberg
53,2025-04,13,262,Gamsberg
53,2025-05,12,202,Gamsberg
53,2025-06,9,261,Gamsberg
53,2025-08,4,261,Gamsberg
53,2025-09,4,262,Gamsberg
53,2025-10,13,261,Gamsberg
53,2025-11,5,202,Gamsberg
53,2025-12,10,262,Gamsberg
53,2026-01,9,202,Gamsberg
53,2026-02,10,262,Gamsberg
53,2026-03,8,262,Gamsberg
53,2026-04,6,201,Gamsberg
53,2026-05,14,262,Gamsberg
53,2026-07,14,261,Gamsberg
53,2026-08,5,262,Gamsberg
54,2024-11,30,262,BMM
54,2025-02,15,201,BMM
54,2025-09,30,262,BMM
54,2025-11,7,201,BMM
54,2026-02,6,262,BMM
54,2026-05,12,261,BMM
54,2026-08,23,261,BMM
55,2024-10,18,261,Gamsberg
55,2024-12,20,201,Gamsberg
55,2025-02,10,202,Gamsberg
55,2025-03,12,262,Gamsberg
55,2025-04,20,201,Gamsberg
55,2025-10,17,202,Gamsberg
55,2026-04,18,261,Gamsberg
55,2026-05,11,261,Gamsberg
55,2026-06,10,262,Gamsberg
56,2024-09,8,202,BMM
56,2024-10,7,262,BMM
56,2024-11,7,261,BMM
56,2025-01,7,261,BMM
56,2025-02,9,202,BMM
56,2025-03,8,202,BMM
56,2025-04,8,261,BMM
56,2025-05,8,202,BMM
56,2025-06,7,262,BMM
56,2025-07,8,262,BMM
56,2025-08,8,201,BMM
56,2025-10,7,261,BMM
56,2025-11,8,201,BMM
56,2025-12,7,262,BMM
56,2026-01,7,261,BMM
56,2026-02,8,201,BMM
56,2026-03,9,202,BMM
56,2026-04,9,202,BMM
56,2026-05,9,201,BMM
56,2026-06,8,262,BMM
56,2026-07,9,262,BMM
56,2026-08,9,262,BMM
57,2024-09,13,201,Gamsberg
57,2024-10,13,261,Gamsberg
57,2024-11,14,202,Gamsberg
57,2024-12,14,201,Gamsberg
57,2025-01,14,261,Gamsberg
57,2025-02,14,201,Gamsberg
57,2025-03,12,262,Gamsberg
57,2025-04,12,262,Gamsberg
57,2025-05,11,201,Gamsberg
57,2025-06,14,201,Gamsberg
57,2025-07,15,262,Gamsberg
57,2025-08,12,261,Gamsberg
57,2025-09,14,262,Gamsberg
57,2025-10,13,261,Gamsberg
57,2025-11,12,261,Gamsberg
57,2026-01,15,262,Gamsberg
57,2026-02,13,262,Gamsberg
57,2026-03,13,261,Gamsberg
57,2026-04,15,202,Gamsberg
57,2026-05,13,261,Gamsberg
57,2026-06,12,262,Gamsberg
57,2026-07,12,262,Gamsberg
57,2026-08,12,261,Gamsberg
58,2024-11,3,261,BMM
58,2025-01,4,261,BMM
58,2025-02,3,261,BMM
58,2025-04,3,261,BMM
58,2025-05,3,262,BMM
58,2025-09,4,261,BMM
58,2025-11,4,261,BMM
58,2025-12,3,201,BMM
58,2026-06,2,262,BMM
58,2026-08,5,262,BMM
59,2025-01,2,261,Gamsberg
59,2025-03,3,262,Gamsberg
59,2025-05,2,202,Gamsberg
59,2025-10,2,261,Gamsberg
59,2025-11,2,261,Gamsberg
59,2025-12,3,262,Gamsberg
59,2026-02,2,262,Gamsberg
59,2026-03,2,262,Gamsberg
59,2026-06,3,201,Gamsberg
59,2026-08,2,262,Gamsberg
60,2024-09,3,201,BMM
60,2024-10,3,262,BMM
60,2024-11,3,262,BMM
60,2024-12,3,202,BMM
60,2025-01,3,261,BMM
60,2025-02,3,201,BMM
60,2025-03,3,262,BMM
60,2025-04,3,202,BMM
60,2025-05,3,262,BMM
60,2025-06,3,262,BMM
60,2025-07,3,202,BMM
60,2025-08,3,261,BMM
60,2025-09,3,262,BMM
60,2025-10,3,261,BMM
60,2025-11,3,262,BMM
60,2025-12,3,202,BMM
60,2026-01,3,261,BMM
60,2026-02,3,262,BMM
60,2026-03,3,262,BMM
60,2026-04,3,262,BMM
60,2026-05,3,261,BMM
60,2026-06,3,261,BMM
60,2026-07,3,262,BMM
60,2026-08,3,261,BMM
61,2024-10,10,202,Gamsberg
61,2024-11,10,261,Gamsberg
61,2024-12,15,202,Gamsberg
61,2025-01,12,262,Gamsberg
61,2025-02,9,202,Gamsberg
61,2025-05,16,202,Gamsberg
61,2025-06,9,261,Gamsberg
61,2025-07,20,202,Gamsberg
61,2025-08,18,201,Gamsberg
61,2025-10,11,262,Gamsberg
61,2025-11,11,262,Gamsberg
61,2025-12,18,262,Gamsberg
61,2026-03,9,262,Gamsberg
61,2026-04,19,261,Gamsberg
61,2026-06,17,262,Gamsberg
61,2026-07,13,261,Gamsberg
61,2026-08,9,201,Gamsberg
62,2024-09,12,262,BMM
62,2024-12,10,262,BMM
62,2025-02,7,202,BMM
62,2025-03,12,261,BMM
62,2025-04,10,202,BMM
62,2025-06,11,262,BMM
62,2025-08,7,261,BMM
62,2025-11,7,202,BMM
62,2026-04,10,201,BMM
62,2026-05,14,202,BMM
62,2026-08,6,202,BMM
63,2024-10,6,261,Gamsberg
63,2025-01,9,261,Gamsberg
63,2025-02,7,262,Gamsberg
63,2025-04,7,261,Gamsberg
63,2025-08,4,262,Gamsberg
63,2025-11,5,201,Gamsberg
63,2025-12,9,261,Gamsberg
63,2026-01,9,201,Gamsberg
63,2026-04,9,202,Gamsberg
63,2026-05,5,261,Gamsberg
63,2026-06,9,262,Gamsberg
63,2026-08,4,202,Gamsberg
64,2024-10,11,202,BMM
64,2025-05,6,201,BMM
64,2025-06,6,201,BMM
64,2026-02,9,261,BMM
64,2026-03,8,202,BMM
64,2026-04,7,261,BMM
65,2024-10,13,202,Gamsberg
65,2024-11,10,261,Gamsberg
65,2024-12,11,261,Gamsberg
65,2025-03,6,262,Gamsberg
65,2025-06,11,261,Gamsberg
65,2025-10,8,261,Gamsberg
65,2025-11,8,261,Gamsberg
65,2025-12,6,202,Gamsberg
65,2026-03,12,262,Gamsberg
65,2026-04,7,261,Gamsberg
65,2026-05,9,261,Gamsberg
65,2026-06,6,262,Gamsberg
65,2026-08,12,262,Gamsberg
66,2024-09,5,261,BMM
66,2024-10,5,262,BMM
66,2024-11,5,262,BMM
66,2024-12,5,262,BMM
66,2025-02,6,261,BMM
66,2025-03,5,201,BMM
66,2025-04,5,261,BMM
66,2025-05,4,202,BMM
66,2025-06,4,261,BMM
66,2025-07,5,262,BMM
66,2025-08,5,261,BMM
66,2025-09,5,261,BMM
66,2025-10,4,201,BMM
66,2025-12,5,201,BMM
66,2026-01,5,201,BMM
66,2026-02,5,202,BMM
66,2026-03,5,262,BMM
66,2026-04,5,261,BMM
66,2026-05,6,262,BMM
66,2026-06,5,262,BMM
66,2026-07,5,262,BMM
66,2026-08,4,261,BMM
68,2024-09,10,262,BMM
68,2024-10,9,262,BMM
68,2024-11,9,261,BMM
68,2024-12,8,262,BMM
68,2025-01,10,202,BMM
68,2025-02,10,202,BMM
68,2025-03,9,261,BMM
68,2025-04,9,261,BMM
68,2025-05,8,261,BMM
68,2025-06,10,261,BMM
68,2025-07,8,262,BMM
68,2025-08,10,261,BMM
68,2025-09,9,261,BMM
68,2025-10,9,262,BMM
68,2025-11,9,261,BMM
68,2025-12,9,261,BMM
68,2026-01,10,262,BMM
68,2026-02,10,262,BMM
68,2026-03,8,261,BMM
68,2026-04,8,261,BMM
68,2026-05,10,262,BMM
68,2026-06,9,261,BMM
68,2026-07,9,202,BMM
68,2026-08,10,261,BMM
69,2024-09,9,262,Gamsberg
69,2024-11,11,262,Gamsberg
69,2025-02,8,201,Gamsberg
69,2025-04,15,261,Gamsberg
69,2025-05,10,261,Gamsberg
69,2025-06,15,261,Gamsberg
69,2025-08,15,261,Gamsberg
69,2025-09,15,262,Gamsberg
69,2025-11,16,261,Gamsberg
69,2026-01,17,261,Gamsberg
69,2026-02,20,262,Gamsberg
69,2026-03,9,262,Gamsberg
69,2026-07,9,202,Gamsberg
71,2024-10,11,261,Gamsberg
71,2025-04,14,261,Gamsberg
71,2025-05,10,202,Gamsberg
71,2025-07,11,261,Gamsberg
71,2025-11,17,261,Gamsberg
71,2025-12,11,261,Gamsberg
71,2026-02,11,262,Gamsberg
71,2026-04,24,201,Gamsberg
71,2026-05,11,261,Gamsberg
71,2026-06,14,262,Gamsberg
71,2026-08,14,261,Gamsberg
72,2024-09,24,261,BMM
72,2024-10,16,261,BMM
72,2024-11,25,261,BMM
72,2025-03,26,261,BMM
72,2025-04,9,262,BMM
72,2025-05,32,261,BMM
72,2025-06,32,262,BMM
72,2025-07,28,202,BMM
72,2025-08,32,262,BMM
72,2025-09,23,262,BMM
72,2025-10,30,202,BMM
72,2025-11,24,261,BMM
72,2025-12,9,201,BMM
72,2026-01,31,262,BMM
72,2026-02,8,261,BMM
72,2026-03,24,261,BMM
72,2026-04,24,202,BMM
72,2026-05,31,202,BMM
72,2026-06,26,262,BMM
72,2026-07,19,261,BMM
72,2026-08,6,202,BMM
73,2024-09,7,261,Gamsberg
73,2024-10,4,261,Gamsberg
73,2024-11,4,202,Gamsberg
73,2024-12,6,262,Gamsberg
73,2025-01,3,262,Gamsberg
73,2025-02,4,262,Gamsberg
73,2025-04,6,262,Gamsberg
73,2025-06,6,202,Gamsberg
73,2025-08,5,262,Gamsberg
73,2025-10,5,202,Gamsberg
73,2025-12,8,262,Gamsberg
73,2026-04,7,261,Gamsberg
73,2026-05,5,261,Gamsberg
73,2026-06,3,262,Gamsberg
74,2024-09,14,261,BMM
74,2024-10,10,261,BMM
74,2024-11,15,262,BMM
74,2024-12,17,262,BMM
74,2025-01,29,202,BMM
74,2025-02,28,201,BMM
74,2025-03,15,262,BMM
74,2025-04,7,261,BMM
74,2025-05,11,261,BMM
74,2025-07,29,261,BMM
74,2025-08,15,261,BMM
74,2025-09,27,201,BMM
74,2025-10,11,262,BMM
74,2025-11,29,201,BMM
74,2025-12,27,201,BMM
74,2026-01,18,262,BMM
74,2026-02,16,261,BMM
74,2026-03,8,262,BMM
74,2026-04,19,201,BMM
74,2026-05,26,261,BMM
74,2026-06,14,261,BMM
74,2026-07,13,262,BMM
74,2026-08,12,202,BMM
75,2024-09,13,261,Gamsberg
75,2024-10,10,261,Gamsberg
75,2025-02,7,201,Gamsberg
75,2025-03,12,261,Gamsberg
75,2025-04,9,262,Gamsberg
75,2025-06,5,202,Gamsberg
75,2025-07,12,262,Gamsberg
75,2025-08,7,262,Gamsberg
75,2025-12,9,261,Gamsberg
75,2026-03,5,262,Gamsberg
75,2026-04,9,202,Gamsberg
75,2026-05,9,261,Gamsberg
75,2026-06,11,261,Gamsberg
75,2026-07,6,262,Gamsberg
76,2024-09,11,201,BMM
76,2024-10,11,262,BMM
76,2024-11,12,201,BMM
76,2024-12,12,261,BMM
76,2025-01,12,261,BMM
76,2025-02,10,201,BMM
76,2025-03,10,261,BMM
76,2025-04,10,201,BMM
76,2025-05,11,261,BMM
76,2025-06,10,261,BMM
76,2025-07,10,261,BMM
76,2025-08,11,261,BMM
76,2025-09,11,262,BMM
76,2025-10,10,262,BMM
76,2025-11,12,262,BMM
76,2026-01,12,201,BMM
76,2026-02,12,202,BMM
76,2026-03,10,261,BMM
76,2026-04,9,262,BMM
76,2026-05,12,202,BMM
76,2026-06,11,261,BMM
76,2026-07,9,201,BMM
76,2026-08,12,261,BMM
77,2024-09,11,262,Gamsberg
77,2024-10,7,202,Gamsberg
77,2024-12,12,201,Gamsberg
77,2025-01,12,261,Gamsberg
77,2025-02,7,261,Gamsberg
77,2025-03,7,262,Gamsberg
77,2025-05,6,202,Gamsberg
77,2025-09,5,261,Gamsberg
77,2025-10,11,262,Gamsberg
77,2025-12,12,261,Gamsberg
77,2026-01,8,261,Gamsberg
77,2026-02,12,201,Gamsberg
77,2026-04,7,261,Gamsberg
77,2026-06,13,262,Gamsberg
77,2026-07,10,262,Gamsberg
78,2024-09,5,261,BMM
78,2024-10,28,262,BMM
78,2024-12,27,262,BMM
78,2025-03,16,261,BMM
78,2025-04,10,262,BMM
78,2025-05,26,262,BMM
78,2025-06,22,261,BMM
78,2025-09,12,261,BMM
78,2026-02,9,202,BMM
78,2026-04,23,202,BMM
78,2026-07,25,262,BMM
78,2026-08,15,262,BMM
79,2024-09,5,261,Gamsberg
79,2024-10,4,262,Gamsberg
79,2024-11,3,262,Gamsberg
79,2025-01,6,262,Gamsberg
79,2025-02,3,261,Gamsberg
79,2025-04,6,262,Gamsberg
79,2025-07,6,202,Gamsberg
79,2025-08,4,261,Gamsberg
79,2025-10,4,201,Gamsberg
79,2025-12,3,262,Gamsberg
79,2026-02,4,201,Gamsberg
79,2026-03,5,262,Gamsberg
79,2026-04,4,202,Gamsberg
79,2026-05,5,202,Gamsberg
79,2026-08,3,261,Gamsberg
80,2024-10,5,261,BMM
80,2025-02,5,261,BMM
80,2025-04,6,261,BMM
80,2025-10,6,201,BMM
80,2025-11,4,262,BMM
80,2026-01,4,261,BMM
80,2026-02,7,262,BMM
80,2026-04,8,262,BMM
80,2026-05,6,262,BMM
80,2026-06,4,262,BMM
80,2026-07,7,261,BMM
80,2026-08,8,261,BMM
81,2024-10,32,261,Gamsberg
81,2025-01,33,201,Gamsberg
81,2025-04,34,261,Gamsberg
81,2025-05,7,202,Gamsberg
81,2025-10,22,261,Gamsberg
81,2026-01,10,261,Gamsberg
81,2026-02,27,202,Gamsberg
81,2026-05,6,262,Gamsberg
86,2024-09,18,262,BMM
86,2024-11,11,261,BMM
86,2024-12,11,201,BMM
86,2025-02,13,261,BMM
86,2025-03,15,262,BMM
86,2025-08,14,262,BMM
86,2025-09,20,261,BMM
86,2025-10,10,262,BMM
86,2026-04,18,202,BMM
86,2026-06,21,262,BMM
86,2026-07,18,261,BMM
88,2024-09,7,261,BMM
88,2024-10,6,202,BMM
88,2024-11,7,262,BMM
88,2024-12,7,261,BMM
88,2025-01,7,262,BMM
88,2025-02,6,201,BMM
88,2025-03,8,261,BMM
88,2025-04,7,262,BMM
88,2025-05,8,262,BMM
88,2025-06,6,201,BMM
88,2025-07,7,201,BMM
88,2025-08,8,262,BMM
88,2025-09,8,262,BMM
88,2025-10,8,261,BMM
88,2025-11,7,262,BMM
88,2025-12,6,201,BMM
88,2026-01,6,261,BMM
88,2026-02,6,262,BMM
88,2026-04,7,201,BMM
88,2026-05,8,262,BMM
88,2026-06,6,262,BMM
88,2026-07,7,262,BMM
88,2026-08,6,262,BMM
89,2024-09,14,261,Gamsberg
89,2024-10,16,201,Gamsberg
89,2024-11,16,261,Gamsberg
89,2024-12,16,261,Gamsberg
89,2025-01,14,262,Gamsberg
89,2025-02,13,262,Gamsberg
89,2025-03,15,202,Gamsberg
89,2025-04,15,262,Gamsberg
89,2025-05,12,202,Gamsberg
89,2025-06,16,262,Gamsberg
89,2025-07,12,262,Gamsberg
89,2025-08,16,261,Gamsberg
89,2025-09,12,201,Gamsberg
89,2025-10,14,262,Gamsberg
89,2025-11,13,201,Gamsberg
89,2025-12,16,201,Gamsberg
89,2026-01,14,201,Gamsberg
89,2026-02,14,262,Gamsberg
89,2026-03,16,201,Gamsberg
89,2026-05,13,262,Gamsberg
89,2026-06,14,261,Gamsberg
89,2026-07,14,262,Gamsberg
89,2026-08,16,202,Gamsberg
90,2024-09,2,202,BMM
90,2024-10,2,262,BMM
90,2024-11,2,261,BMM
90,2024-12,2,262,BMM
90,2025-01,2,261,BMM
90,2025-02,2,262,BMM
90,2025-03,2,202,BMM
90,2025-04,2,262,BMM
90,2025-05,2,261,BMM
90,2025-06,2,261,BMM
90,2025-07,2,262,BMM
90,2025-08,2,261,BMM
90,2025-09,2,201,BMM
90,2025-10,2,261,BMM
90,2025-11,2,262,BMM
90,2025-12,2,262,BMM
90,2026-01,2,261,BMM
90,2026-02,2,262,BMM
90,2026-03,2,261,BMM
90,2026-04,2,261,BMM
90,2026-05,2,262,BMM
90,2026-06,2,262,BMM
90,2026-07,2,262,BMM
90,2026-08,2,201,BMM
92,2024-09,11,261,BMM
92,2024-10,11,261,BMM
92,2024-11,10,202,BMM
92,2024-12,10,261,BMM
92,2025-01,11,262,BMM
92,2025-02,9,261,BMM
92,2025-03,11,262,BMM
92,2025-04,11,201,BMM
92,2025-05,10,261,BMM
92,2025-06,11,262,BMM
92,2025-07,10,262,BMM
92,2025-08,9,262,BMM
92,2025-09,10,202,BMM
92,2025-10,10,261,BMM
92,2025-11,11,261,BMM
92,2025-12,10,262,BMM
92,2026-01,11,202,BMM
92,2026-03,10,261,BMM
92,2026-04,11,261,BMM
92,2026-05,11,262,BMM
92,2026-06,9,262,BMM
92,2026-07,9,262,BMM
92,2026-08,11,202,BMM
93,2024-09,20,262,Gamsberg
93,2024-11,16,262,Gamsberg
93,2025-02,10,261,Gamsberg
93,2025-03,11,202,Gamsberg
93,2025-05,17,261,Gamsberg
93,2025-06,13,261,Gamsberg
93,2025-08,9,262,Gamsberg
93,2025-11,20,202,Gamsberg
93,2025-12,9,262,Gamsberg
93,2026-02,18,261,Gamsberg
93,2026-03,18,262,Gamsberg
93,2026-04,22,261,Gamsberg
93,2026-06,18,201,Gamsberg
93,2026-07,21,261,Gamsberg
94,2024-09,12,262,BMM
94,2024-10,11,202,BMM
94,2024-11,12,202,BMM
94,2024-12,11,262,BMM
94,2025-01,12,262,BMM
94,2025-02,10,261,BMM
94,2025-03,10,262,BMM
94,2025-05,10,262,BMM
94,2025-06,10,202,BMM
94,2025-07,11,261,BMM
94,2025-08,10,261,BMM
94,2025-09,10,262,BMM
94,2025-10,13,202,BMM
94,2025-11,10,261,BMM
94,2025-12,10,202,BMM
94,2026-01,12,201,BMM
94,2026-02,10,262,BMM
94,2026-03,10,201,BMM
94,2026-04,11,261,BMM
94,2026-05,12,261,BMM
94,2026-06,12,262,BMM
94,2026-08,11,261,BMM
95,2024-09,8,261,Gamsberg
95,2024-10,7,262,Gamsberg
95,2024-11,8,261,Gamsberg
95,2024-12,7,262,Gamsberg
95,2025-01,7,202,Gamsberg
95,2025-02,8,262,Gamsberg
95,2025-03,8,262,Gamsberg
95,2025-05,8,201,Gamsberg
95,2025-06,7,261,Gamsberg
95,2025-07,9,261,Gamsberg
95,2025-08,8,202,Gamsberg
95,2025-09,8,201,Gamsberg
95,2025-10,8,202,Gamsberg
95,2025-11,7,201,Gamsberg
95,2025-12,9,262,Gamsberg
95,2026-01,8,202,Gamsberg
95,2026-02,7,261,Gamsberg
95,2026-03,8,261,Gamsberg
95,2026-04,9,261,Gamsberg
95,2026-05,8,261,Gamsberg
95,2026-06,9,202,Gamsberg
95,2026-07,9,261,Gamsberg
95,2026-08,7,261,Gamsberg
96,2024-09,4,262,BMM
96,2024-10,2,262,BMM
96,2024-12,4,201,BMM
96,2025-01,1,261,BMM
96,2025-02,4,261,BMM
96,2025-03,5,261,BMM
96,2025-04,5,201,BMM
96,2025-05,3,262,BMM
96,2025-08,4,202,BMM
96,2025-09,4,262,BMM
96,2025-10,1,261,BMM
96,2025-11,1,262,BMM
96,2025-12,2,262,BMM
96,2026-01,2,261,BMM
96,2026-02,5,202,BMM
96,2026-03,3,201,BMM
96,2026-04,1,261,BMM
96,2026-05,4,261,BMM
96,2026-06,2,261,BMM
96,2026-07,3,261,BMM
97,2024-09,10,201,Gamsberg
97,2024-12,9,261,Gamsberg
97,2025-03,19,261,Gamsberg
97,2025-04,15,261,Gamsberg
97,2025-07,11,262,Gamsberg
97,2025-10,10,201,Gamsberg
97,2025-12,14,202,Gamsberg
97,2026-01,9,261,Gamsberg
97,2026-02,7,201,Gamsberg
97,2026-03,19,262,Gamsberg
97,2026-05,12,201,Gamsberg
97,2026-06,13,261,Gamsberg
97,2026-08,11,262,Gamsberg
98,2024-09,6,262,BMM
98,2024-11,3,262,BMM
98,2024-12,5,261,BMM
98,2025-01,3,261,BMM
98,2025-03,3,201,BMM
98,2025-06,5,261,BMM
98,2025-08,5,262,BMM
98,2025-09,5,261,BMM
98,2025-12,4,261,BMM
98,2026-06,4,262,BMM
98,2026-07,3,262,BMM
98,2026-08,4,202,BMM
99,2024-09,10,262,Gamsberg
99,2024-10,10,261,Gamsberg
99,2024-11,11,262,Gamsberg
99,2024-12,11,261,Gamsberg
99,2025-01,13,262,Gamsberg
99,2025-02,13,262,Gamsberg
99,2025-03,11,202,Gamsberg
99,2025-04,11,261,Gamsberg
99,2025-05,11,261,Gamsberg
99,2025-06,10,201,Gamsberg
99,2025-07,10,202,Gamsberg
99,2025-08,13,261,Gamsberg
99,2025-09,13,262,Gamsberg
99,2025-10,10,202,Gamsberg
99,2025-11,12,261,Gamsberg
99,2025-12,11,262,Gamsberg
99,2026-01,13,262,Gamsberg
99,2026-02,11,201,Gamsberg
99,2026-03,10,261,Gamsberg
99,2026-04,13,261,Gamsberg
99,2026-05,13,261,Gamsberg
99,2026-06,13,262,Gamsberg
99,2026-07,12,261,Gamsberg
99,2026-08,11,262,Gamsberg
101,2024-09,4,262,Gamsberg
101,2024-10,4,202,Gamsberg
101,2024-11,4,262,Gamsberg
101,2024-12,4,261,Gamsberg
101,2025-01,4,261,Gamsberg
101,2025-02,4,261,Gamsberg
101,2025-03,4,261,Gamsberg
101,2025-04,4,262,Gamsberg
101,2025-05,4,261,Gamsberg
101,2025-06,4,261,Gamsberg
101,2025-07,4,202,Gamsberg
101,2025-08,4,262,Gamsberg
101,2025-09,4,201,Gamsberg
101,2025-10,4,262,Gamsberg
101,2025-11,4,261,Gamsberg
101,2025-12,4,262,Gamsberg
101,2026-01,5,202,Gamsberg
101,2026-02,5,202,Gamsberg
101,2026-03,4,262,Gamsberg
101,2026-04,4,262,Gamsberg
101,2026-05,4,262,Gamsberg
101,2026-06,4,202,Gamsberg
101,2026-07,4,262,Gamsberg
101,2026-08,4,262,Gamsberg
102,2024-09,4,261,BMM
102,2024-10,4,201,BMM
102,2024-11,4,201,BMM
102,2024-12,3,262,BMM
102,2025-01,3,262,BMM
102,2025-02,4,261,BMM
102,2025-03,5,201,BMM
102,2025-04,4,261,BMM
102,2025-05,4,202,BMM
102,2025-06,3,202,BMM
102,2025-07,4,201,BMM
102,2025-09,4,262,BMM
102,2025-10,4,201,BMM
102,2025-12,4,202,BMM
102,2026-01,4,262,BMM
102,2026-02,4,262,BMM
102,2026-03,4,202,BMM
102,2026-04,4,262,BMM
102,2026-05,4,262,BMM
102,2026-06,5,261,BMM
102,2026-07,4,261,BMM
102,2026-08,4,262,BMM
103,2024-09,13,262,Gamsberg
103,2024-10,13,202,Gamsberg
103,2024-11,16,261,Gamsberg
103,2024-12,13,201,Gamsberg
103,2025-01,13,262,Gamsberg
103,2025-02,16,202,Gamsberg
103,2025-03,13,261,Gamsberg
103,2025-04,13,262,Gamsberg
103,2025-05,13,262,Gamsberg
103,2025-06,15,261,Gamsberg
103,2025-07,15,261,Gamsberg
103,2025-09,16,201,Gamsberg
103,2025-10,16,261,Gamsberg
103,2025-11,15,261,Gamsberg
103,2025-12,14,261,Gamsberg
103,2026-01,12,201,Gamsberg
103,2026-02,13,261,Gamsberg
103,2026-04,15,262,Gamsberg
103,2026-05,16,261,Gamsberg
103,2026-07,14,262,Gamsberg
103,2026-08,16,262,Gamsberg
104,2024-09,12,202,BMM
104,2024-10,13,262,BMM
104,2024-11,12,201,BMM
104,2024-12,15,261,BMM
104,2025-01,12,261,BMM
104,2025-02,12,261,BMM
104,2025-03,11,262,BMM
104,2025-04,12,261,BMM
104,2025-05,12,262,BMM
104,2025-06,13,261,BMM
104,2025-07,11,262,BMM
104,2025-08,13,261,BMM
104,2025-09,13,262,BMM
104,2025-10,12,262,BMM
104,2025-11,13,261,BMM
104,2025-12,13,261,BMM
104,2026-01,13,261,BMM
104,2026-02,13,261,BMM
104,2026-03,15,262,BMM
104,2026-04,14,262,BMM
104,2026-05,15,261,BMM
104,2026-06,12,261,BMM
104,2026-07,14,201,BMM
104,2026-08,13,202,BMM
105,2024-10,11,261,Gamsberg
105,2024-12,15,202,Gamsberg
105,2025-05,7,262,Gamsberg
105,2026-01,23,261,Gamsberg
105,2026-02,21,262,Gamsberg
105,2026-03,17,261,Gamsberg
105,2026-07,19,261,Gamsberg
106,2024-09,1,201,BMM
106,2024-11,2,201,BMM
106,2024-12,2,262,BMM
106,2025-01,2,201,BMM
106,2025-02,4,262,BMM
106,2025-03,4,262,BMM
106,2025-04,2,261,BMM
106,2025-05,5,261,BMM
106,2025-06,1,261,BMM
106,2025-07,5,262,BMM
106,2025-08,3,202,BMM
106,2025-09,3,261,BMM
106,2025-10,1,201,BMM
106,2025-11,1,202,BMM
106,2025-12,2,262,BMM
106,2026-01,2,261,BMM
106,2026-02,2,262,BMM
106,2026-03,3,261,BMM
106,2026-04,2,201,BMM
106,2026-05,5,202,BMM
106,2026-06,4,262,BMM
106,2026-07,5,202,BMM
106,2026-08,1,201,BMM
107,2024-09,6,261,Gamsberg
107,2024-10,6,261,Gamsberg
107,2024-11,2,262,Gamsberg
107,2024-12,3,202,Gamsberg
107,2025-01,3,261,Gamsberg
107,2025-02,6,261,Gamsberg
107,2025-03,4,262,Gamsberg
107,2025-04,5,262,Gamsberg
107,2025-05,5,201,Gamsberg
107,2025-06,4,262,Gamsberg
107,2025-07,6,262,Gamsberg
107,2025-09,7,262,Gamsberg
107,2025-10,3,261,Gamsberg
107,2025-11,1,202,Gamsberg
107,2025-12,4,261,Gamsberg
107,2026-01,4,261,Gamsberg
107,2026-02,4,262,Gamsberg
107,2026-04,7,201,Gamsberg
107,2026-05,7,261,Gamsberg
107,2026-06,7,201,Gamsberg
107,2026-07,7,202,Gamsberg
107,2026-08,4,261,Gamsberg
109,2024-11,11,261,Gamsberg
109,2024-12,12,261,Gamsberg
109,2025-01,12,261,Gamsberg
109,2025-03,8,261,Gamsberg
109,2025-05,9,261,Gamsberg
109,2025-07,8,261,Gamsberg
109,2025-08,7,201,Gamsberg
109,2025-09,9,262,Gamsberg
109,2025-10,6,262,Gamsberg
109,2025-12,10,261,Gamsberg
109,2026-01,8,201,Gamsberg
109,2026-02,12,201,Gamsberg
109,2026-03,7,261,Gamsberg
109,2026-04,6,202,Gamsberg
109,2026-07,8,261,Gamsberg
110,2024-09,3,262,BMM
110,2024-10,3,261,BMM
110,2024-11,3,262,BMM
110,2024-12,3,261,BMM
110,2025-01,3,202,BMM
110,2025-02,3,262,BMM
110,2025-03,3,261,BMM
110,2025-04,3,202,BMM
110,2025-05,3,262,BMM
110,2025-06,3,262,BMM
110,2025-07,3,262,BMM
110,2025-08,3,201,BMM
110,2025-09,3,261,BMM
110,2025-10,3,262,BMM
110,2025-11,3,261,BMM
110,2026-01,3,261,BMM
110,2026-02,3,261,BMM
110,2026-03,3,262,BMM
110,2026-04,3,261,BMM
110,2026-05,3,262,BMM
110,2026-06,3,262,BMM
110,2026-07,3,262,BMM
110,2026-08,3,262,BMM
113,2024-10,17,202,Gamsberg
113,2024-12,11,261,Gamsberg
113,2025-03,12,261,Gamsberg
113,2025-04,19,262,Gamsberg
113,2025-05,17,261,Gamsberg
113,2025-08,9,261,Gamsberg
113,2025-09,12,261,Gamsberg
113,2025-11,9,261,Gamsberg
113,2026-01,13,261,Gamsberg
113,2026-02,18,262,Gamsberg
113,2026-03,17,201,Gamsberg
113,2026-04,18,201,Gamsberg
113,2026-05,13,262,Gamsberg
113,2026-06,21,262,Gamsberg
114,2024-09,14,261,BMM
114,2024-10,10,261,BMM
114,2024-11,5,261,BMM
114,2024-12,5,262,BMM
114,2025-01,7,262,BMM
114,2025-02,12,261,BMM
114,2025-03,21,262,BMM
114,2025-04,6,201,BMM
114,2025-05,18,262,BMM
114,2025-06,17,262,BMM
114,2025-07,20,261,BMM
114,2025-09,17,202,BMM
114,2025-11,15,262,BMM
114,2025-12,13,202,BMM
114,2026-01,20,261,BMM
114,2026-02,19,202,BMM
114,2026-03,16,202,BMM
114,2026-04,8,261,BMM
114,2026-05,13,202,BMM
114,2026-06,15,262,BMM
114,2026-07,4,262,BMM
114,2026-08,18,261,BMM
115,2024-09,3,202,Gamsberg
115,2024-10,3,261,Gamsberg
115,2024-11,3,262,Gamsberg
115,2025-01,3,202,Gamsberg
115,2025-02,3,262,Gamsberg
115,2025-03,3,201,Gamsberg
115,2025-04,3,201,Gamsberg
115,2025-05,3,201,Gamsberg
115,2025-06,3,202,Gamsberg
115,2025-07,3,261,Gamsberg
115,2025-08,3,202,Gamsberg
115,2025-09,3,261,Gamsberg
115,2025-10,3,262,Gamsberg
115,2025-11,3,261,Gamsberg
115,2025-12,3,262,Gamsberg
115,2026-01,3,202,Gamsberg
115,2026-02,3,262,Gamsberg
115,2026-03,3,261,Gamsberg
115,2026-04,3,201,Gamsberg
115,2026-05,3,201,Gamsberg
115,2026-06,3,261,Gamsberg
115,2026-07,3,202,Gamsberg
115,2026-08,3,262,Gamsberg
116,2024-09,9,202,BMM
116,2024-10,8,262,BMM
116,2024-11,7,261,BMM
116,2025-01,8,202,BMM
116,2025-02,9,262,BMM
116,2025-03,7,262,BMM
116,2025-04,9,201,BMM
116,2025-05,9,262,BMM
116,2025-06,8,262,BMM
116,2025-07,7,262,BMM
116,2025-08,8,202,BMM
116,2025-09,8,261,BMM
116,2025-10,8,262,BMM
116,2025-11,9,202,BMM
116,2025-12,8,262,BMM
116,2026-01,9,261,BMM
116,2026-02,9,261,BMM
116,2026-03,8,261,BMM
116,2026-04,8,262,BMM
116,2026-05,8,201,BMM
116,2026-06,9,201,BMM
116,2026-07,9,262,BMM
116,2026-08,8,261,BMM
117,2024-09,16,261,Gamsberg
117,2024-10,13,201,Gamsberg
117,2024-11,14,261,Gamsberg
117,2024-12,15,261,Gamsberg
117,2025-02,13,261,Gamsberg
117,2025-03,17,262,Gamsberg
117,2025-04,16,202,Gamsberg
117,2025-05,16,262,Gamsberg
117,2025-06,14,201,Gamsberg
117,2025-07,17,262,Gamsberg
117,2025-08,16,261,Gamsberg
117,2025-09,17,262,Gamsberg
117,2025-11,13,261,Gamsberg
117,2025-12,13,202,Gamsberg
117,2026-01,14,261,Gamsberg
117,2026-02,14,262,Gamsberg
117,2026-03,15,262,Gamsberg
117,2026-04,14,262,Gamsberg
117,2026-05,17,262,Gamsberg
117,2026-06,17,201,Gamsberg
118,2024-10,6,261,BMM
118,2024-12,4,201,BMM
118,2025-03,5,201,BMM
118,2025-04,9,202,BMM
118,2025-05,4,201,BMM
118,2025-06,5,262,BMM
118,2025-07,9,261,BMM
118,2025-08,5,201,BMM
118,2025-11,6,261,BMM
118,2026-02,9,202,BMM
118,2026-05,7,261,BMM
118,2026-06,5,262,BMM
119,2024-10,9,262,Gamsberg
119,2025-01,6,201,Gamsberg
119,2025-02,7,201,Gamsberg
119,2025-04,10,262,Gamsberg
119,2025-06,11,261,Gamsberg
119,2025-07,12,262,Gamsberg
119,2025-08,13,262,Gamsberg
119,2025-09,7,202,Gamsberg
119,2025-10,10,202,Gamsberg
119,2025-11,12,201,Gamsberg
119,2025-12,10,262,Gamsberg
119,2026-01,5,202,Gamsberg
119,2026-03,9,202,Gamsberg
119,2026-06,12,202,Gamsberg
120,2024-09,14,262,BMM
120,2024-10,16,262,BMM
120,2024-11,14,262,BMM
120,2024-12,13,262,BMM
120,2025-01,16,262,BMM
120,2025-02,13,261,BMM
120,2025-03,15,262,BMM
120,2025-05,15,262,BMM
120,2025-06,14,262,BMM
120,2025-08,15,201,BMM
120,2025-10,14,262,BMM
120,2025-11,13,262,BMM
120,2025-12,14,261,BMM
120,2026-01,16,261,BMM
120,2026-02,13,262,BMM
120,2026-03,13,262,BMM
120,2026-04,14,262,BMM
120,2026-05,14,202,BMM
120,2026-06,14,261,BMM
120,2026-07,13,261,BMM
120,2026-08,16,261,BMM
121,2024-10,11,261,Gamsberg
121,2024-11,19,261,Gamsberg
121,2024-12,19,201,Gamsberg
121,2025-01,18,201,Gamsberg
121,2025-02,8,202,Gamsberg
121,2025-06,15,262,Gamsberg
121,2025-07,8,201,Gamsberg
121,2025-08,8,261,Gamsberg
121,2025-09,12,262,Gamsberg
121,2025-11,15,202,Gamsberg
121,2025-12,12,261,Gamsberg
121,2026-02,15,261,Gamsberg
121,2026-03,18,261,Gamsberg
121,2026-05,15,262,Gamsberg
121,2026-06,11,262,Gamsberg
121,2026-08,16,201,Gamsberg
122,2024-09,16,202,BMM
122,2024-10,14,261,BMM
122,2024-11,16,202,BMM
122,2025-01,14,262,BMM
122,2025-02,17,261,BMM
122,2025-03,14,201,BMM
122,2025-04,15,262,BMM
122,2025-05,14,261,BMM
122,2025-06,14,262,BMM
122,2025-07,16,262,BMM
122,2025-08,14,201,BMM
122,2025-09,14,202,BMM
122,2025-10,14,261,BMM
122,2025-11,13,202,BMM
122,2025-12,16,202,BMM
122,2026-01,13,261,BMM
122,2026-02,15,201,BMM
122,2026-03,16,261,BMM
122,2026-04,17,262,BMM
122,2026-05,13,261,BMM
122,2026-06,14,261,BMM
122,2026-07,14,261,BMM
122,2026-08,14,262,BMM
124,2024-09,4,262,BMM
124,2024-10,4,201,BMM
124,2024-11,4,202,BMM
124,2024-12,4,262,BMM
124,2025-01,4,202,BMM
124,2025-02,3,202,BMM
124,2025-04,4,202,BMM
124,2025-05,4,262,BMM
124,2025-06,3,261,BMM
124,2025-07,4,262,BMM
124,2025-08,4,261,BMM
124,2025-09,4,262,BMM
124,2025-10,4,262,BMM
124,2025-11,4,262,BMM
124,2025-12,3,261,BMM
124,2026-01,4,261,BMM
124,2026-02,4,261,BMM
124,2026-03,4,261,BMM
124,2026-04,4,261,BMM
124,2026-05,5,262,BMM
124,2026-06,4,262,BMM
124,2026-07,4,261,BMM
124,2026-08,4,262,BMM
125,2024-09,15,201,Gamsberg
125,2024-10,7,262,Gamsberg
125,2024-11,14,261,Gamsberg
125,2024-12,11,261,Gamsberg
125,2025-01,11,261,Gamsberg
125,2025-02,11,261,Gamsberg
125,2025-06,17,262,Gamsberg
125,2025-07,12,202,Gamsberg
125,2025-08,11,202,Gamsberg
125,2025-10,10,262,Gamsberg
125,2025-11,8,261,Gamsberg
125,2025-12,13,261,Gamsberg
125,2026-01,11,261,Gamsberg
125,2026-03,12,261,Gamsberg
125,2026-04,14,202,Gamsberg
125,2026-06,10,201,Gamsberg
125,2026-07,9,262,Gamsberg
126,2024-09,18,261,BMM
126,2024-10,20,261,BMM
126,2024-11,7,261,BMM
126,2024-12,5,261,BMM
126,2025-01,25,261,BMM
126,2025-03,24,262,BMM
126,2025-04,8,201,BMM
126,2025-05,4,262,BMM
126,2025-06,9,261,BMM
126,2025-07,11,202,BMM
126,2025-08,9,202,BMM
126,2025-09,20,262,BMM
126,2025-10,12,201,BMM
126,2025-11,21,261,BMM
126,2025-12,7,262,BMM
126,2026-01,9,262,BMM
126,2026-02,3,201,BMM
126,2026-03,20,262,BMM
126,2026-04,22,262,BMM
126,2026-05,24,262,BMM
126,2026-06,8,202,BMM
126,2026-07,10,202,BMM
126,2026-08,12,261,BMM
127,2024-10,32,261,Gamsberg
127,2024-11,29,262,Gamsberg
127,2025-01,14,261,Gamsberg
127,2025-02,18,262,Gamsberg
127,2025-03,26,262,Gamsberg
127,2025-04,34,262,Gamsberg
127,2025-05,19,262,Gamsberg
127,2025-06,17,262,Gamsberg
127,2025-07,33,261,Gamsberg
127,2025-08,34,262,Gamsberg
127,2025-09,28,261,Gamsberg
127,2025-10,34,261,Gamsberg
127,2025-11,10,201,Gamsberg
127,2025-12,33,202,Gamsberg
127,2026-02,33,262,Gamsberg
127,2026-03,7,262,Gamsberg
127,2026-04,35,201,Gamsberg
127,2026-05,36,261,Gamsberg
127,2026-07,27,261,Gamsberg
127,2026-08,27,262,Gamsberg
128,2024-09,18,202,BMM
128,2024-10,16,262,BMM
128,2024-11,9,261,BMM
128,2024-12,21,261,BMM
128,2025-01,14,262,BMM
128,2025-02,11,261,BMM
128,2025-03,4,261,BMM
128,2025-04,18,262,BMM
128,2025-05,17,201,BMM
128,2025-07,6,262,BMM
128,2025-08,19,261,BMM
128,2025-09,12,262,BMM
128,2025-10,19,261,BMM
128,2025-11,17,201,BMM
128,2025-12,16,201,BMM
128,2026-01,22,261,BMM
128,2026-02,15,262,BMM
128,2026-03,6,261,BMM
128,2026-04,4,262,BMM
128,2026-05,9,261,BMM
128,2026-06,11,261,BMM
128,2026-07,7,201,BMM
128,2026-08,12,262,BMM
129,2024-09,12,262,Gamsberg
129,2024-10,12,262,Gamsberg
129,2024-11,14,262,Gamsberg
129,2024-12,13,202,Gamsberg
129,2025-01,14,202,Gamsberg
129,2025-02,13,261,Gamsberg
129,2025-03,13,201,Gamsberg
129,2025-04,16,261,Gamsberg
129,2025-05,12,261,Gamsberg
129,2025-06,14,261,Gamsberg
129,2025-07,16,202,Gamsberg
129,2025-08,14,262,Gamsberg
129,2025-09,14,261,Gamsberg
129,2025-10,14,202,Gamsberg
129,2025-11,16,261,Gamsberg
129,2025-12,13,201,Gamsberg
129,2026-01,15,261,Gamsberg
129,2026-02,13,262,Gamsberg
129,2026-03,16,201,Gamsberg
129,2026-04,14,261,Gamsberg
129,2026-06,15,261,Gamsberg
129,2026-07,13,262,Gamsberg
129,2026-08,15,261,Gamsberg
130,2024-12,18,202,BMM
130,2025-01,9,201,BMM
130,2025-03,9,201,BMM
130,2025-06,5,201,BMM
130,2025-08,13,262,BMM
130,2025-10,9,262,BMM
130,2026-01,4,261,BMM
130,2026-03,10,261,BMM
130,2026-06,13,262,BMM
130,2026-08,17,201,BMM
131,2024-10,5,262,Gamsberg
131,2024-11,8,261,Gamsberg
131,2024-12,3,261,Gamsberg
131,2025-02,6,202,Gamsberg
131,2025-03,7,202,Gamsberg
131,2025-04,7,262,Gamsberg
131,2025-07,7,261,Gamsberg
131,2025-08,6,262,Gamsberg
131,2025-09,4,261,Gamsberg
131,2025-10,4,261,Gamsberg
131,2025-12,6,262,Gamsberg
131,2026-02,7,262,Gamsberg
131,2026-03,7,202,Gamsberg
131,2026-04,4,261,Gamsberg
131,2026-05,6,262,Gamsberg
131,2026-06,7,202,Gamsberg
131,2026-07,4,261,Gamsberg
131,2026-08,5,201,Gamsberg
133,2024-09,11,201,Gamsberg
133,2024-10,11,261,Gamsberg
133,2024-11,10,261,Gamsberg
133,2025-02,11,201,Gamsberg
133,2025-04,11,202,Gamsberg
133,2025-05,13,262,Gamsberg
133,2025-06,13,261,Gamsberg
133,2025-07,11,262,Gamsberg
133,2025-09,14,261,Gamsberg
133,2025-10,11,201,Gamsberg
133,2025-11,10,201,Gamsberg
133,2025-12,13,262,Gamsberg
133,2026-01,10,261,Gamsberg
133,2026-02,12,262,Gamsberg
133,2026-03,10,262,Gamsberg
133,2026-04,13,202,Gamsberg
133,2026-05,12,202,Gamsberg
133,2026-06,12,261,Gamsberg
133,2026-07,13,261,Gamsberg
133,2026-08,11,262,Gamsberg
134,2024-09,5,202,BMM
134,2024-10,12,262,BMM
134,2024-11,12,261,BMM
134,2024-12,9,261,BMM
134,2025-01,12,202,BMM
134,2025-02,7,202,BMM
134,2025-03,7,261,BMM
134,2025-04,3,262,BMM
134,2025-05,3,262,BMM
134,2025-06,2,261,BMM
134,2025-07,9,262,BMM
134,2025-08,6,201,BMM
134,2025-09,6,261,BMM
134,2025-10,2,262,BMM
134,2025-11,12,262,BMM
134,2025-12,3,202,BMM
134,2026-01,7,201,BMM
134,2026-02,10,201,BMM
134,2026-03,12,261,BMM
134,2026-04,6,262,BMM
134,2026-05,5,262,BMM
134,2026-06,9,261,BMM
134,2026-07,3,202,BMM
134,2026-08,7,262,BMM
135,2024-09,10,201,Gamsberg
135,2024-10,5,261,Gamsberg
135,2024-11,10,202,Gamsberg
135,2024-12,14,202,Gamsberg
135,2025-01,8,202,Gamsberg
135,2025-03,12,261,Gamsberg
135,2025-04,7,201,Gamsberg
135,2025-05,12,261,Gamsberg
135,2025-06,5,261,Gamsberg
135,2025-07,9,262,Gamsberg
135,2025-08,3,201,Gamsberg
135,2025-09,14,261,Gamsberg
135,2025-10,11,261,Gamsberg
135,2025-11,22,202,Gamsberg
135,2025-12,5,261,Gamsberg
135,2026-01,20,261,Gamsberg
135,2026-02,3,262,Gamsberg
135,2026-03,11,262,Gamsberg
135,2026-04,5,201,Gamsberg
135,2026-05,16,261,Gamsberg
135,2026-07,21,261,Gamsberg
135,2026-08,16,262,Gamsberg
136,2024-09,11,262,BMM
136,2024-10,9,262,BMM
136,2024-11,10,261,BMM
136,2024-12,11,262,BMM
136,2025-01,10,262,BMM
136,2025-03,11,201,BMM
136,2025-04,10,201,BMM
136,2025-05,11,262,BMM
136,2025-06,10,262,BMM
136,2025-07,10,202,BMM
136,2025-08,10,261,BMM
136,2025-09,11,261,BMM
136,2025-10,11,201,BMM
136,2025-11,10,202,BMM
136,2025-12,11,262,BMM
136,2026-01,11,261,BMM
136,2026-02,10,261,BMM
136,2026-03,11,262,BMM
136,2026-04,11,261,BMM
136,2026-05,10,261,BMM
136,2026-06,11,261,BMM
136,2026-07,11,261,BMM
136,2026-08,10,201,BMM
137,2024-09,10,202,Gamsberg
137,2024-10,9,262,Gamsberg
137,2024-11,10,262,Gamsberg
137,2024-12,10,202,Gamsberg
137,2025-01,9,201,Gamsberg
137,2025-02,10,201,Gamsberg
137,2025-03,10,261,Gamsberg
137,2025-04,10,201,Gamsberg
137,2025-05,11,202,Gamsberg
137,2025-06,10,201,Gamsberg
137,2025-07,10,261,Gamsberg
137,2025-08,10,201,Gamsberg
137,2025-09,10,262,Gamsberg
137,2025-10,10,201,Gamsberg
137,2025-11,9,202,Gamsberg
137,2026-01,11,262,Gamsberg
137,2026-02,11,202,Gamsberg
137,2026-03,11,202,Gamsberg
137,2026-04,9,262,Gamsberg
137,2026-05,10,261,Gamsberg
137,2026-06,9,262,Gamsberg
137,2026-07,10,262,Gamsberg
137,2026-08,10,202,Gamsberg
138,2024-09,4,262,BMM
138,2024-10,17,262,BMM
138,2024-11,2,262,BMM
138,2024-12,8,262,BMM
138,2025-01,14,261,BMM
138,2025-03,7,262,BMM
138,2025-04,5,201,BMM
138,2025-05,16,261,BMM
138,2025-06,7,261,BMM
138,2025-07,8,201,BMM
138,2025-08,12,262,BMM
138,2025-10,16,261,BMM
138,2025-12,4,261,BMM
138,2026-01,6,261,BMM
138,2026-02,8,261,BMM
138,2026-03,6,201,BMM
138,2026-04,9,261,BMM
138,2026-06,12,202,BMM
138,2026-07,16,261,BMM
138,2026-08,5,202,BMM
139,2024-09,13,201,Gamsberg
139,2024-10,13,202,Gamsberg
139,2024-12,11,261,Gamsberg
139,2025-01,13,261,Gamsberg
139,2025-02,13,261,Gamsberg
139,2025-03,13,201,Gamsberg
139,2025-04,11,262,Gamsberg
139,2025-05,10,262,Gamsberg
139,2025-06,12,261,Gamsberg
139,2025-07,12,262,Gamsberg
139,2025-08,13,201,Gamsberg
139,2025-09,11,261,Gamsberg
139,2025-10,13,261,Gamsberg
139,2025-11,11,261,Gamsberg
139,2025-12,13,262,Gamsberg
139,2026-01,14,262,Gamsberg
139,2026-02,10,201,Gamsberg
139,2026-03,13,262,Gamsberg
139,2026-04,11,262,Gamsberg
139,2026-05,13,261,Gamsberg
139,2026-06,13,261,Gamsberg
139,2026-07,12,262,Gamsberg
139,2026-08,13,262,Gamsberg
140,2024-09,11,262,BMM
140,2024-10,10,262,BMM
140,2024-11,10,201,BMM
140,2024-12,9,202,BMM
140,2025-01,10,202,BMM
140,2025-02,12,202,BMM
140,2025-03,11,201,BMM
140,2025-04,11,262,BMM
140,2025-05,12,261,BMM
140,2025-06,10,202,BMM
140,2025-07,10,261,BMM
140,2025-08,11,201,BMM
140,2025-09,12,261,BMM
140,2025-10,11,201,BMM
140,2025-11,11,262,BMM
140,2025-12,12,201,BMM
140,2026-01,12,202,BMM
140,2026-02,10,201,BMM
140,2026-03,9,261,BMM
140,2026-04,12,261,BMM
140,2026-05,11,201,BMM
140,2026-06,12,202,BMM
140,2026-07,11,201,BMM
140,2026-08,11,202,BMM
141,2024-09,4,262,Gamsberg
141,2025-01,11,202,Gamsberg
141,2025-06,16,202,Gamsberg
141,2025-07,16,261,Gamsberg
141,2025-08,28,262,Gamsberg
141,2025-12,8,262,Gamsberg
141,2026-05,31,201,Gamsberg
142,2024-09,13,262,BMM
142,2024-11,17,201,BMM
142,2024-12,19,261,BMM
142,2025-03,19,262,BMM
142,2025-04,9,262,BMM
142,2025-06,14,262,BMM
142,2025-07,12,262,BMM
142,2025-08,11,262,BMM
142,2025-11,12,261,BMM
142,2025-12,10,202,BMM
142,2026-01,11,202,BMM
142,2026-02,12,262,BMM
142,2026-05,16,261,BMM
142,2026-06,9,262,BMM
142,2026-08,11,262,BMM
143,2024-10,2,261,Gamsberg
143,2024-11,3,261,Gamsberg
143,2024-12,7,261,Gamsberg
143,2025-01,1,202,Gamsberg
143,2025-03,6,201,Gamsberg
143,2025-04,6,261,Gamsberg
143,2025-05,7,261,Gamsberg
143,2025-07,6,202,Gamsberg
143,2025-08,2,262,Gamsberg
143,2025-09,2,261,Gamsberg
143,2025-10,2,261,Gamsberg
143,2025-11,5,201,Gamsberg
143,2025-12,2,261,Gamsberg
143,2026-01,2,261,Gamsberg
143,2026-02,6,262,Gamsberg
143,2026-03,2,262,Gamsberg
143,2026-04,2,261,Gamsberg
143,2026-05,3,262,Gamsberg
143,2026-06,2,262,Gamsberg
143,2026-07,6,261,Gamsberg
143,2026-08,5,261,Gamsberg
144,2024-09,5,262,BMM
144,2024-10,4,261,BMM
144,2024-11,4,201,BMM
144,2025-01,4,201,BMM
144,2025-02,3,262,BMM
144,2025-05,4,261,BMM
144,2025-06,4,201,BMM
144,2025-08,4,261,BMM
144,2025-10,5,262,BMM
144,2026-01,2,201,BMM
144,2026-06,2,262,BMM
144,2026-07,3,201,BMM
144,2026-08,3,261,BMM
145,2024-09,12,261,Gamsberg
145,2024-10,12,262,Gamsberg
145,2024-11,12,262,Gamsberg
145,2024-12,12,261,Gamsberg
145,2025-01,12,262,Gamsberg
145,2025-02,12,262,Gamsberg
145,2025-03,12,262,Gamsberg
145,2025-04,12,262,Gamsberg
145,2025-05,13,202,Gamsberg
145,2025-07,12,261,Gamsberg
145,2025-08,11,201,Gamsberg
145,2025-09,13,261,Gamsberg
145,2025-10,12,262,Gamsberg
145,2025-11,12,261,Gamsberg
145,2025-12,14,261,Gamsberg
145,2026-01,14,261,Gamsberg
145,2026-02,15,262,Gamsberg
145,2026-03,12,261,Gamsberg
145,2026-04,11,262,Gamsberg
145,2026-05,14,262,Gamsberg
145,2026-06,12,262,Gamsberg
145,2026-07,12,201,Gamsberg
145,2026-08,11,261,Gamsberg
146,2024-09,15,201,BMM
146,2024-10,7,261,BMM
146,2024-11,8,201,BMM
146,2024-12,11,262,BMM
146,2025-01,18,262,BMM
146,2025-02,17,201,BMM
146,2025-03,21,262,BMM
146,2025-04,17,262,BMM
146,2025-05,21,202,BMM
146,2025-06,5,201,BMM
146,2025-08,6,201,BMM
146,2025-09,12,262,BMM
146,2025-10,7,262,BMM
146,2025-11,20,202,BMM
146,2025-12,7,262,BMM
146,2026-01,8,262,BMM
146,2026-02,8,262,BMM
146,2026-03,6,262,BMM
146,2026-04,9,262,BMM
146,2026-05,17,201,BMM
146,2026-06,25,201,BMM
146,2026-07,21,262,BMM
146,2026-08,10,201,BMM
147,2024-09,9,261,Gamsberg
147,2024-10,9,262,Gamsberg
147,2024-11,8,262,Gamsberg
147,2024-12,10,262,Gamsberg
147,2025-01,9,261,Gamsberg
147,2025-02,10,261,Gamsberg
147,2025-03,8,262,Gamsberg
147,2025-04,8,201,Gamsberg
147,2025-05,8,261,Gamsberg
147,2025-06,8,262,Gamsberg
147,2025-07,8,262,Gamsberg
147,2025-08,8,261,Gamsberg
147,2025-09,8,261,Gamsberg
147,2025-10,9,201,Gamsberg
147,2025-11,9,261,Gamsberg
147,2025-12,10,262,Gamsberg
147,2026-01,9,262,Gamsberg
147,2026-02,9,262,Gamsberg
147,2026-03,8,262,Gamsberg
147,2026-04,10,261,Gamsberg
147,2026-05,8,201,Gamsberg
147,2026-06,10,261,Gamsberg
147,2026-07,9,261,Gamsberg
147,2026-08,9,261,Gamsberg
148,2024-10,4,261,BMM
148,2024-11,4,261,BMM
148,2024-12,4,202,BMM
148,2025-01,3,261,BMM
148,2025-02,4,262,BMM
148,2025-03,4,202,BMM
148,2025-04,4,262,BMM
148,2025-05,4,262,BMM
148,2025-06,4,261,BMM
148,2025-07,4,261,BMM
148,2025-08,4,261,BMM
148,2025-09,4,261,BMM
148,2025-10,4,202,BMM
148,2025-11,4,261,BMM
148,2025-12,4,202,BMM
148,2026-01,5,261,BMM
148,2026-02,4,262,BMM
148,2026-03,4,261,BMM
148,2026-04,3,262,BMM
148,2026-05,4,261,BMM
148,2026-06,4,262,BMM
148,2026-07,4,201,BMM
148,2026-08,4,201,BMM
149,2024-09,7,262,Gamsberg
149,2024-10,7,262,Gamsberg
149,2024-11,8,262,Gamsberg
149,2024-12,6,201,Gamsberg
149,2025-01,7,262,Gamsberg
149,2025-02,8,262,Gamsberg
149,2025-03,8,261,Gamsberg
149,2025-05,8,262,Gamsberg
149,2025-06,6,262,Gamsberg
149,2025-07,7,261,Gamsberg
149,2025-08,7,261,Gamsberg
149,2025-09,6,201,Gamsberg
149,2025-10,6,261,Gamsberg
149,2025-11,7,262,Gamsberg
149,2025-12,6,262,Gamsberg
149,2026-01,6,262,Gamsberg
149,2026-02,6,262,Gamsberg
149,2026-03,7,262,Gamsberg
149,2026-04,8,262,Gamsberg
149,2026-05,6,261,Gamsberg
149,2026-06,6,202,Gamsberg
149,2026-07,6,262,Gamsberg
149,2026-08,6,262,Gamsberg
150,2025-04,6,261,BMM
150,2025-06,7,202,BMM
150,2025-08,12,261,BMM
150,2025-11,13,201,BMM
150,2026-04,5,262,BMM
150,2026-05,8,201,BMM
150,2026-06,9,262,BMM
150,2026-07,13,262,BMM
150,2026-08,4,262,BMM
151,2024-09,11,261,Gamsberg
151,2024-10,12,261,Gamsberg
151,2024-11,13,261,Gamsberg
151,2024-12,13,261,Gamsberg
151,2025-01,10,262,Gamsberg
151,2025-02,12,261,Gamsberg
151,2025-03,13,201,Gamsberg
151,2025-05,12,201,Gamsberg
151,2025-06,13,202,Gamsberg
151,2025-07,13,262,Gamsberg
151,2025-08,12,261,Gamsberg
151,2025-09,14,261,Gamsberg
151,2025-10,10,262,Gamsberg
151,2025-11,13,202,Gamsberg
151,2025-12,11,262,Gamsberg
151,2026-01,12,261,Gamsberg
151,2026-02,12,202,Gamsberg
151,2026-03,14,202,Gamsberg
151,2026-04,10,262,Gamsberg
151,2026-05,12,261,Gamsberg
151,2026-06,10,261,Gamsberg
151,2026-07,13,262,Gamsberg
151,2026-08,11,202,Gamsberg
152,2024-09,16,262,BMM
152,2024-10,12,261,BMM
152,2024-11,14,261,BMM
152,2024-12,13,202,BMM
152,2025-01,12,201,BMM
152,2025-02,13,202,BMM
152,2025-03,13,201,BMM
152,2025-04,12,201,BMM
152,2025-05,13,261,BMM
152,2025-06,13,261,BMM
152,2025-07,12,262,BMM
152,2025-08,16,262,BMM
152,2025-09,13,202,BMM
152,2025-10,12,262,BMM
152,2025-11,15,261,BMM
152,2025-12,14,202,BMM
152,2026-01,13,261,BMM
152,2026-02,16,262,BMM
152,2026-03,15,202,BMM
152,2026-04,13,261,BMM
152,2026-05,16,201,BMM
152,2026-07,13,261,BMM
152,2026-08,15,261,BMM
153,2024-09,12,262,Gamsberg
153,2024-10,14,262,Gamsberg
153,2024-11,13,201,Gamsberg
153,2024-12,14,261,Gamsberg
153,2025-01,12,261,Gamsberg
153,2025-03,14,262,Gamsberg
153,2025-04,13,202,Gamsberg
153,2025-05,14,262,Gamsberg
153,2025-06,15,261,Gamsberg
153,2025-07,11,261,Gamsberg
153,2025-08,13,262,Gamsberg
153,2025-09,15,262,Gamsberg
153,2025-10,13,261,Gamsberg
153,2025-11,13,201,Gamsberg
153,2025-12,14,261,Gamsberg
153,2026-01,13,262,Gamsberg
153,2026-02,13,261,Gamsberg
153,2026-03,15,201,Gamsberg
153,2026-04,12,202,Gamsberg
153,2026-05,11,261,Gamsberg
153,2026-06,13,261,Gamsberg
153,2026-07,14,261,Gamsberg
153,2026-08,13,261,Gamsberg
154,2024-09,21,202,BMM
154,2024-10,8,261,BMM
154,2024-11,13,261,BMM
154,2024-12,11,262,BMM
154,2025-01,5,201,BMM
154,2025-02,14,261,BMM
154,2025-03,9,202,BMM
154,2025-04,19,202,BMM
154,2025-05,17,262,BMM
154,2025-06,19,262,BMM
154,2025-07,13,201,BMM
154,2025-08,7,261,BMM
154,2025-09,8,201,BMM
154,2025-10,14,261,BMM
154,2025-11,22,202,BMM
154,2025-12,15,262,BMM
154,2026-02,11,202,BMM
154,2026-03,12,201,BMM
154,2026-04,15,261,BMM
154,2026-05,7,262,BMM
154,2026-06,8,261,BMM
154,2026-07,17,262,BMM
154,2026-08,5,262,BMM
155,2024-10,14,201,Gamsberg
155,2024-11,12,261,Gamsberg
155,2025-01,8,261,Gamsberg
155,2025-02,15,262,Gamsberg
155,2025-03,12,202,Gamsberg
155,2025-06,8,262,Gamsberg
155,2025-08,8,262,Gamsberg
155,2025-10,6,202,Gamsberg
155,2026-01,7,262,Gamsberg
155,2026-02,12,262,Gamsberg
155,2026-03,10,262,Gamsberg
155,2026-05,9,261,Gamsberg
155,2026-06,6,261,Gamsberg
155,2026-07,14,201,Gamsberg
155,2026-08,8,261,Gamsberg
156,2024-09,19,261,BMM
156,2024-10,18,202,BMM
156,2024-11,19,201,BMM
156,2025-01,8,262,BMM
156,2025-03,16,261,BMM
156,2025-06,11,261,BMM
156,2025-07,8,201,BMM
156,2025-08,15,201,BMM
156,2025-11,17,262,BMM
156,2026-04,16,201,BMM
156,2026-05,9,262,BMM
156,2026-08,19,201,BMM
157,2024-09,8,262,Gamsberg
157,2024-10,9,261,Gamsberg
157,2024-11,8,262,Gamsberg
157,2024-12,8,201,Gamsberg
157,2025-01,8,261,Gamsberg
157,2025-02,9,201,Gamsberg
157,2025-03,8,262,Gamsberg
157,2025-04,8,262,Gamsberg
157,2025-05,7,202,Gamsberg
157,2025-06,8,262,Gamsberg
157,2025-07,8,262,Gamsberg
157,2025-08,9,261,Gamsberg
157,2025-09,9,202,Gamsberg
157,2025-10,8,262,Gamsberg
157,2025-11,8,262,Gamsberg
157,2025-12,9,262,Gamsberg
157,2026-01,7,262,Gamsberg
157,2026-02,9,201,Gamsberg
157,2026-03,7,262,Gamsberg
157,2026-04,7,261,Gamsberg
157,2026-05,9,201,Gamsberg
157,2026-06,8,262,Gamsberg
157,2026-07,7,261,Gamsberg
157,2026-08,7,261,Gamsberg
158,2024-09,2,261,BMM
158,2024-12,13,262,BMM
158,2025-01,7,261,BMM
158,2025-02,13,261,BMM
158,2025-05,12,261,BMM
158,2025-08,4,201,BMM
158,2025-11,8,261,BMM
158,2026-01,6,262,BMM
158,2026-04,5,262,BMM
158,2026-06,13,202,BMM
159,2024-09,18,261,Gamsberg
159,2024-10,18,202,Gamsberg
159,2024-11,29,201,Gamsberg
159,2024-12,27,262,Gamsberg
159,2025-01,13,201,Gamsberg
159,2025-02,35,261,Gamsberg
159,2025-03,14,262,Gamsberg
159,2025-04,17,262,Gamsberg
159,2025-06,17,262,Gamsberg
159,2025-07,11,261,Gamsberg
159,2025-08,10,261,Gamsberg
159,2025-09,21,262,Gamsberg
159,2025-10,10,202,Gamsberg
159,2025-11,6,262,Gamsberg
159,2025-12,20,202,Gamsberg
159,2026-01,32,261,Gamsberg
159,2026-02,21,262,Gamsberg
159,2026-03,29,262,Gamsberg
159,2026-04,6,262,Gamsberg
159,2026-05,18,261,Gamsberg
159,2026-06,24,262,Gamsberg
159,2026-07,5,262,Gamsberg
159,2026-08,32,262,Gamsberg
160,2024-09,1,262,BMM
160,2024-10,1,201,BMM
160,2024-11,1,261,BMM
160,2024-12,3,202,BMM
160,2025-01,5,262,BMM
160,2025-02,4,262,BMM
160,2025-03,2,262,BMM
160,2025-04,1,262,BMM
160,2025-05,3,261,BMM
160,2025-07,3,262,BMM
160,2025-08,2,262,BMM
160,2025-09,1,262,BMM
160,2025-10,5,202,BMM
160,2025-11,4,262,BMM
160,2025-12,3,262,BMM
160,2026-01,3,262,BMM
160,2026-02,4,202,BMM
160,2026-03,5,261,BMM
160,2026-04,3,201,BMM
160,2026-05,3,261,BMM
160,2026-06,1,261,BMM
160,2026-07,4,261,BMM
160,2026-08,3,261,BMM
161,2024-09,2,262,Gamsberg
161,2024-10,1,201,Gamsberg
161,2024-12,2,261,Gamsberg
161,2025-01,1,262,Gamsberg
161,2025-02,3,262,Gamsberg
161,2025-03,1,202,Gamsberg
161,2025-04,2,201,Gamsberg
161,2025-06,1,201,Gamsberg
161,2025-07,2,261,Gamsberg
161,2025-10,1,262,Gamsberg
161,2026-02,2,261,Gamsberg
161,2026-04,3,262,Gamsberg
161,2026-05,2,262,Gamsberg
161,2026-06,1,202,Gamsberg
161,2026-07,3,262,Gamsberg
162,2024-10,16,202,BMM
162,2024-12,12,262,BMM
162,2025-01,12,261,BMM
162,2025-02,15,202,BMM
162,2025-05,15,201,BMM
162,2025-06,10,262,BMM
162,2025-07,15,262,BMM
162,2025-09,16,261,BMM
162,2025-10,17,261,BMM
162,2025-11,15,202,BMM
162,2026-01,11,262,BMM
162,2026-02,11,261,BMM
162,2026-03,9,261,BMM
162,2026-04,12,261,BMM
162,2026-06,13,261,BMM
162,2026-08,8,202,BMM
164,2024-09,20,262,BMM
164,2024-10,30,262,BMM
164,2024-12,34,262,BMM
164,2025-01,31,202,BMM
164,2025-02,30,262,BMM
164,2025-03,16,262,BMM
164,2025-04,18,262,BMM
164,2025-05,14,262,BMM
164,2025-06,6,262,BMM
164,2025-08,19,261,BMM
164,2025-09,10,261,BMM
164,2025-10,8,261,BMM
164,2025-11,18,262,BMM
164,2025-12,18,262,BMM
164,2026-01,12,261,BMM
164,2026-02,14,202,BMM
164,2026-03,12,202,BMM
164,2026-04,13,261,BMM
164,2026-05,15,202,BMM
164,2026-06,6,261,BMM
164,2026-07,29,202,BMM
164,2026-08,11,201,BMM
165,2024-09,17,261,Gamsberg
165,2024-10,16,262,Gamsberg
165,2024-11,15,262,Gamsberg
165,2024-12,14,201,Gamsberg
165,2025-02,17,261,Gamsberg
165,2025-03,15,261,Gamsberg
165,2025-04,17,202,Gamsberg
165,2025-05,13,262,Gamsberg
165,2025-06,14,261,Gamsberg
165,2025-07,16,262,Gamsberg
165,2025-08,14,261,Gamsberg
165,2025-10,13,262,Gamsberg
165,2025-11,13,262,Gamsberg
165,2025-12,13,262,Gamsberg
165,2026-01,15,262,Gamsberg
165,2026-02,16,262,Gamsberg
165,2026-03,15,201,Gamsberg
165,2026-04,14,261,Gamsberg
165,2026-05,15,262,Gamsberg
165,2026-06,14,262,Gamsberg
165,2026-07,14,262,Gamsberg
165,2026-08,14,262,Gamsberg
166,2024-10,19,261,BMM
166,2024-11,8,262,BMM
166,2024-12,14,261,BMM
166,2025-03,8,262,BMM
166,2025-05,4,262,BMM
166,2025-07,8,261,BMM
166,2025-09,8,262,BMM
166,2026-04,9,262,BMM
166,2026-06,13,262,BMM
166,2026-07,12,202,BMM
166,2026-08,11,202,BMM
168,2024-09,5,261,BMM
168,2024-10,31,261,BMM
168,2024-11,30,262,BMM
168,2025-01,15,262,BMM
168,2025-02,20,262,BMM
168,2025-03,20,261,BMM
168,2025-05,20,261,BMM
168,2025-06,35,261,BMM
168,2025-07,12,201,BMM
168,2025-08,7,262,BMM
168,2025-09,21,261,BMM
168,2025-10,28,201,BMM
168,2025-11,5,262,BMM
168,2025-12,33,261,BMM
168,2026-01,8,261,BMM
168,2026-02,35,262,BMM
168,2026-03,21,262,BMM
168,2026-04,31,261,BMM
168,2026-05,9,261,BMM
168,2026-06,25,261,BMM
168,2026-07,20,262,BMM
168,2026-08,6,261,BMM
170,2024-09,1,261,BMM
170,2024-11,1,201,BMM
170,2024-12,5,262,BMM
170,2025-01,3,261,BMM
170,2025-02,5,262,BMM
170,2025-03,6,262,BMM
170,2025-04,2,261,BMM
170,2025-06,5,261,BMM
170,2025-07,5,262,BMM
170,2025-08,5,262,BMM
170,2025-09,6,261,BMM
170,2025-10,2,262,BMM
170,2025-11,7,261,BMM
170,2025-12,7,262,BMM
170,2026-01,3,262,BMM
170,2026-02,3,202,BMM
170,2026-03,4,261,BMM
170,2026-05,1,202,BMM
170,2026-06,6,261,BMM
170,2026-07,6,261,BMM
170,2026-08,2,202,BMM
171,2024-09,5,201,Gamsberg
171,2024-10,5,261,Gamsberg
171,2024-11,5,202,Gamsberg
171,2024-12,5,261,Gamsberg
171,2025-01,6,202,Gamsberg
171,2025-02,5,202,Gamsberg
171,2025-03,5,261,Gamsberg
171,2025-04,6,261,Gamsberg
171,2025-05,5,261,Gamsberg
171,2025-06,4,261,Gamsberg
171,2025-07,6,201,Gamsberg
171,2025-08,5,262,Gamsberg
171,2025-09,5,262,Gamsberg
171,2025-10,6,202,Gamsberg
171,2025-11,5,262,Gamsberg
171,2025-12,5,202,Gamsberg
171,2026-01,5,261,Gamsberg
171,2026-02,5,262,Gamsberg
171,2026-03,5,262,Gamsberg
171,2026-04,6,261,Gamsberg
171,2026-05,4,262,Gamsberg
171,2026-06,4,262,Gamsberg
171,2026-07,4,201,Gamsberg
171,2026-08,4,202,Gamsberg
172,2024-09,3,261,BMM
172,2024-11,24,261,BMM
172,2024-12,23,262,BMM
172,2025-02,5,262,BMM
172,2025-03,10,262,BMM
172,2025-06,17,261,BMM
172,2025-08,5,262,BMM
172,2025-11,3,261,BMM
172,2026-03,12,262,BMM
172,2026-04,5,262,BMM
172,2026-08,17,262,BMM
173,2024-09,11,262,Gamsberg
173,2025-02,11,262,Gamsberg
173,2025-03,8,201,Gamsberg
173,2025-04,8,262,Gamsberg
173,2025-06,10,261,Gamsberg
173,2025-07,6,201,Gamsberg
173,2025-09,10,201,Gamsberg
173,2025-10,6,262,Gamsberg
173,2025-12,6,262,Gamsberg
173,2026-01,8,201,Gamsberg
173,2026-02,9,201,Gamsberg
173,2026-03,10,262,Gamsberg
173,2026-04,5,261,Gamsberg
173,2026-05,11,201,Gamsberg
173,2026-06,8,201,Gamsberg
174,2025-02,11,262,BMM
174,2025-08,14,261,BMM
174,2025-09,2,262,BMM
174,2025-10,3,202,BMM
174,2026-01,4,261,BMM
174,2026-02,17,261,BMM
174,2026-03,11,261,BMM
174,2026-06,12,261,BMM
174,2026-07,13,261,BMM
174,2026-08,9,261,BMM
175,2024-09,15,262,Gamsberg
175,2024-10,13,202,Gamsberg
175,2024-11,15,261,Gamsberg
175,2024-12,13,261,Gamsberg
175,2025-01,15,262,Gamsberg
175,2025-02,16,201,Gamsberg
175,2025-03,15,262,Gamsberg
175,2025-04,12,201,Gamsberg
175,2025-05,13,262,Gamsberg
175,2025-06,15,262,Gamsberg
175,2025-07,14,262,Gamsberg
175,2025-08,15,202,Gamsberg
175,2025-09,15,261,Gamsberg
175,2025-10,14,262,Gamsberg
175,2025-11,15,262,Gamsberg
175,2025-12,15,261,Gamsberg
175,2026-01,12,262,Gamsberg
175,2026-02,15,261,Gamsberg
175,2026-03,15,202,Gamsberg
175,2026-04,15,202,Gamsberg
175,2026-05,15,262,Gamsberg
175,2026-08,14,261,Gamsberg
176,2024-09,5,201,BMM
176,2024-10,6,261,BMM
176,2025-01,4,262,BMM
176,2025-02,8,202,BMM
176,2025-04,8,262,BMM
176,2025-07,10,202,BMM
176,2025-08,5,201,BMM
176,2025-09,8,202,BMM
176,2025-11,4,262,BMM
176,2025-12,8,262,BMM
176,2026-02,5,262,BMM
176,2026-04,4,261,BMM
176,2026-08,9,262,BMM
177,2024-09,5,262,Gamsberg
177,2024-11,5,261,Gamsberg
177,2024-12,5,201,Gamsberg
177,2025-01,5,201,Gamsberg
177,2025-02,4,261,Gamsberg
177,2025-03,5,202,Gamsberg
177,2025-04,5,202,Gamsberg
177,2025-05,4,261,Gamsberg
177,2025-06,5,261,Gamsberg
177,2025-08,6,202,Gamsberg
177,2025-09,5,261,Gamsberg
177,2025-10,5,261,Gamsberg
177,2025-11,5,262,Gamsberg
177,2025-12,5,262,Gamsberg
177,2026-01,6,202,Gamsberg
177,2026-02,5,261,Gamsberg
177,2026-03,6,202,Gamsberg
177,2026-04,5,261,Gamsberg
177,2026-05,5,202,Gamsberg
177,2026-06,5,261,Gamsberg
177,2026-07,5,262,Gamsberg
177,2026-08,6,261,Gamsberg
178,2024-09,2,202,BMM
178,2024-12,3,262,BMM
178,2025-01,3,262,BMM
178,2025-02,3,262,BMM
178,2025-04,2,261,BMM
178,2025-05,2,262,BMM
178,2025-06,1,202,BMM
178,2025-10,2,262,BMM
178,2025-11,2,262,BMM
178,2026-03,3,261,BMM
178,2026-06,2,261,BMM
178,2026-07,1,262,BMM
178,2026-08,2,202,BMM
179,2024-09,2,262,Gamsberg
179,2024-10,4,261,Gamsberg
179,2024-11,4,262,Gamsberg
179,2024-12,9,262,Gamsberg
179,2025-01,3,262,Gamsberg
179,2025-02,4,201,Gamsberg
179,2025-03,7,201,Gamsberg
179,2025-05,4,262,Gamsberg
179,2025-07,10,262,Gamsberg
179,2025-08,3,261,Gamsberg
179,2025-09,4,262,Gamsberg
179,2025-10,10,202,Gamsberg
179,2025-11,11,262,Gamsberg
179,2025-12,8,262,Gamsberg
179,2026-01,3,262,Gamsberg
179,2026-02,10,262,Gamsberg
179,2026-03,3,262,Gamsberg
179,2026-04,7,262,Gamsberg
179,2026-05,7,202,Gamsberg
179,2026-06,9,262,Gamsberg
179,2026-08,7,262,Gamsberg
180,2024-10,9,262,BMM
180,2024-11,8,262,BMM
180,2024-12,9,261,BMM
180,2025-01,8,262,BMM
180,2025-02,9,202,BMM
180,2025-03,10,261,BMM
180,2025-04,9,201,BMM
180,2025-05,8,261,BMM
180,2025-06,10,262,BMM
180,2025-07,8,201,BMM
180,2025-08,9,262,BMM
180,2025-09,8,261,BMM
180,2025-10,8,262,BMM
180,2025-11,9,202,BMM
180,2025-12,9,261,BMM
180,2026-02,9,202,BMM
180,2026-03,8,261,BMM
180,2026-04,8,262,BMM
180,2026-05,8,202,BMM
180,2026-06,9,262,BMM
180,2026-07,10,261,BMM
180,2026-08,9,262,BMM
181,2024-09,3,261,Gamsberg
181,2024-11,3,262,Gamsberg
181,2025-04,3,201,Gamsberg
181,2025-06,3,261,Gamsberg
181,2025-11,3,261,Gamsberg
181,2025-12,3,262,Gamsberg
181,2026-01,3,262,Gamsberg
181,2026-07,4,262,Gamsberg
181,2026-08,3,262,Gamsberg
182,2024-09,31,261,BMM
182,2025-02,11,262,BMM
182,2025-04,8,202,BMM
182,2025-06,29,202,BMM
182,2025-10,22,262,BMM
182,2025-11,24,201,BMM
182,2026-03,29,262,BMM
182,2026-04,32,261,BMM
182,2026-06,7,201,BMM
182,2026-07,19,201,BMM
183,2024-09,10,201,Gamsberg
183,2024-10,10,202,Gamsberg
183,2024-11,10,261,Gamsberg
183,2024-12,12,262,Gamsberg
183,2025-01,12,262,Gamsberg
183,2025-02,10,202,Gamsberg
183,2025-03,11,202,Gamsberg
183,2025-04,12,262,Gamsberg
183,2025-05,11,261,Gamsberg
183,2025-06,11,262,Gamsberg
183,2025-07,12,202,Gamsberg
183,2025-08,11,261,Gamsberg
183,2025-09,12,262,Gamsberg
183,2025-11,10,201,Gamsberg
183,2025-12,11,202,Gamsberg
183,2026-01,11,261,Gamsberg
183,2026-03,9,202,Gamsberg
183,2026-04,11,201,Gamsberg
183,2026-05,10,261,Gamsberg
183,2026-06,12,261,Gamsberg
183,2026-07,11,261,Gamsberg
183,2026-08,12,261,Gamsberg
184,2024-09,6,261,BMM
184,2024-11,6,262,BMM
184,2024-12,10,202,BMM
184,2025-04,8,261,BMM
184,2025-05,9,261,BMM
184,2025-06,9,201,BMM
184,2025-07,5,262,BMM
184,2025-10,9,262,BMM
184,2025-11,8,202,BMM
184,2026-01,6,261,BMM
184,2026-03,7,261,BMM
184,2026-08,9,202,BMM
185,2024-10,4,201,Gamsberg
185,2025-01,5,262,Gamsberg
185,2025-02,9,262,Gamsberg
185,2025-03,4,261,Gamsberg
185,2025-04,4,261,Gamsberg
185,2025-05,4,261,Gamsberg
185,2025-06,9,201,Gamsberg
185,2025-09,8,201,Gamsberg
185,2025-11,6,261,Gamsberg
185,2026-01,8,262,Gamsberg
185,2026-03,9,262,Gamsberg
185,2026-05,4,262,Gamsberg
185,2026-06,8,261,Gamsberg
185,2026-07,6,262,Gamsberg
185,2026-08,5,262,Gamsberg
186,2024-09,5,202,BMM
186,2024-10,4,261,BMM
186,2024-11,4,262,BMM
186,2025-02,4,261,BMM
186,2025-03,4,261,BMM
186,2025-04,4,262,BMM
186,2025-05,4,261,BMM
186,2025-06,4,201,BMM
186,2025-07,4,261,BMM
186,2025-08,4,262,BMM
186,2025-09,4,201,BMM
186,2025-10,4,261,BMM
186,2026-01,3,202,BMM
186,2026-02,4,262,BMM
186,2026-03,4,202,BMM
186,2026-04,4,202,BMM
186,2026-05,4,202,BMM
186,2026-06,4,262,BMM
186,2026-07,4,201,BMM
186,2026-08,4,202,BMM
187,2024-09,12,261,Gamsberg
187,2024-10,11,262,Gamsberg
187,2024-11,12,261,Gamsberg
187,2024-12,12,262,Gamsberg
187,2025-01,12,201,Gamsberg
187,2025-02,11,262,Gamsberg
187,2025-03,10,201,Gamsberg
187,2025-04,12,262,Gamsberg
187,2025-05,11,261,Gamsberg
187,2025-06,12,262,Gamsberg
187,2025-07,11,202,Gamsberg
187,2025-08,10,202,Gamsberg
187,2025-09,10,262,Gamsberg
187,2025-10,10,261,Gamsberg
187,2025-11,12,201,Gamsberg
187,2025-12,10,261,Gamsberg
187,2026-01,10,261,Gamsberg
187,2026-02,11,261,Gamsberg
187,2026-03,9,261,Gamsberg
187,2026-06,12,201,Gamsberg
187,2026-07,12,262,Gamsberg
187,2026-08,11,261,Gamsberg
188,2024-09,4,262,BMM
188,2025-07,6,201,BMM
188,2025-08,7,201,BMM
188,2025-09,5,262,BMM
188,2025-12,5,261,BMM
188,2026-01,8,262,BMM
188,2026-04,8,261,BMM
188,2026-05,5,201,BMM
188,2026-06,7,261,BMM
188,2026-08,6,262,BMM
189,2024-10,11,262,Gamsberg
189,2024-12,15,261,Gamsberg
189,2025-02,14,202,Gamsberg
189,2025-05,3,262,Gamsberg
189,2025-11,17,202,Gamsberg
189,2025-12,5,262,Gamsberg
189,2026-02,14,262,Gamsberg
189,2026-04,13,261,Gamsberg
189,2026-05,24,262,Gamsberg
189,2026-07,15,201,Gamsberg
189,2026-08,7,202,Gamsberg
191,2024-10,15,261,Gamsberg
191,2024-11,32,262,Gamsberg
191,2024-12,26,262,Gamsberg
191,2025-01,23,261,Gamsberg
191,2025-03,14,262,Gamsberg
191,2025-04,19,261,Gamsberg
191,2025-06,28,201,Gamsberg
191,2025-07,35,261,Gamsberg
191,2025-08,28,262,Gamsberg
191,2025-09,31,201,Gamsberg
191,2025-10,5,261,Gamsberg
191,2025-11,14,262,Gamsberg
191,2025-12,23,262,Gamsberg
191,2026-01,20,261,Gamsberg
191,2026-02,34,262,Gamsberg
191,2026-03,10,261,Gamsberg
191,2026-04,33,262,Gamsberg
191,2026-05,19,201,Gamsberg
191,2026-06,4,202,Gamsberg
191,2026-07,11,262,Gamsberg
192,2024-09,11,261,BMM
192,2024-10,11,261,BMM
192,2024-11,15,201,BMM
192,2024-12,31,261,BMM
192,2025-01,22,201,BMM
192,2025-02,32,261,BMM
192,2025-04,13,261,BMM
192,2025-05,30,261,BMM
192,2025-06,16,261,BMM
192,2025-07,11,201,BMM
192,2025-08,18,201,BMM
192,2025-09,16,261,BMM
192,2025-10,21,262,BMM
192,2025-11,27,202,BMM
192,2025-12,23,262,BMM
192,2026-01,32,202,BMM
192,2026-02,29,201,BMM
192,2026-03,22,261,BMM
192,2026-04,14,262,BMM
192,2026-05,23,202,BMM
192,2026-06,9,262,BMM
192,2026-07,18,261,BMM
192,2026-08,8,202,BMM
193,2024-09,2,202,Gamsberg
193,2024-10,2,262,Gamsberg
193,2024-11,2,261,Gamsberg
193,2024-12,2,261,Gamsberg
193,2025-01,2,261,Gamsberg
193,2025-02,2,262,Gamsberg
193,2025-04,2,262,Gamsberg
193,2025-05,2,261,Gamsberg
193,2025-06,2,201,Gamsberg
193,2025-07,2,261,Gamsberg
193,2025-08,2,262,Gamsberg
193,2025-09,2,262,Gamsberg
193,2025-10,2,262,Gamsberg
193,2025-11,2,261,Gamsberg
193,2025-12,2,261,Gamsberg
193,2026-01,2,261,Gamsberg
193,2026-02,2,202,Gamsberg
193,2026-03,2,261,Gamsberg
193,2026-04,2,201,Gamsberg
193,2026-05,2,201,Gamsberg
193,2026-06,2,261,Gamsberg
193,2026-07,2,201,Gamsberg
193,2026-08,2,261,Gamsberg
194,2024-09,34,261,BMM
194,2025-05,15,261,BMM
194,2025-10,5,261,BMM
194,2025-11,30,261,BMM
194,2025-12,31,261,BMM
194,2026-01,20,262,BMM
194,2026-02,31,262,BMM
194,2026-07,24,261,BMM
195,2024-09,10,202,Gamsberg
195,2024-10,3,201,Gamsberg
195,2024-11,3,202,Gamsberg
195,2024-12,6,202,Gamsberg
195,2025-01,7,262,Gamsberg
195,2025-02,9,261,Gamsberg
195,2025-04,6,262,Gamsberg
195,2025-05,4,261,Gamsberg
195,2025-06,1,201,Gamsberg
195,2025-07,8,201,Gamsberg
195,2025-08,1,262,Gamsberg
195,2025-09,5,262,Gamsberg
195,2025-10,9,201,Gamsberg
195,2025-11,10,262,Gamsberg
195,2025-12,6,262,Gamsberg
195,2026-01,5,202,Gamsberg
195,2026-02,6,201,Gamsberg
195,2026-03,6,262,Gamsberg
195,2026-04,4,261,Gamsberg
195,2026-05,7,201,Gamsberg
195,2026-06,3,262,Gamsberg
195,2026-07,7,201,Gamsberg
195,2026-08,3,262,Gamsberg
196,2024-09,9,262,BMM
196,2024-10,11,262,BMM
196,2024-11,11,202,BMM
196,2024-12,11,201,BMM
196,2025-01,11,261,BMM
196,2025-02,10,201,BMM
196,2025-03,10,261,BMM
196,2025-04,9,262,BMM
196,2025-05,10,261,BMM
196,2025-06,10,262,BMM
196,2025-07,11,202,BMM
196,2025-08,11,262,BMM
196,2025-09,11,262,BMM
196,2025-10,9,262,BMM
196,2025-11,9,261,BMM
196,2025-12,11,262,BMM
196,2026-01,9,201,BMM
196,2026-03,11,202,BMM
196,2026-04,11,261,BMM
196,2026-05,9,201,BMM
196,2026-06,10,201,BMM
196,2026-07,9,202,BMM
196,2026-08,10,261,BMM
197,2024-09,26,202,Gamsberg
197,2024-10,17,262,Gamsberg
197,2024-11,20,202,Gamsberg
197,2024-12,7,262,Gamsberg
197,2025-01,8,261,Gamsberg
197,2025-02,25,201,Gamsberg
197,2025-03,9,262,Gamsberg
197,2025-04,27,262,Gamsberg
197,2025-05,14,262,Gamsberg
197,2025-06,18,261,Gamsberg
197,2025-07,18,261,Gamsberg
197,2025-08,4,262,Gamsberg
197,2025-09,12,261,Gamsberg
197,2025-10,20,261,Gamsberg
197,2025-11,19,202,Gamsberg
197,2025-12,15,262,Gamsberg
197,2026-03,20,262,Gamsberg
197,2026-05,23,261,Gamsberg
197,2026-06,23,261,Gamsberg
197,2026-07,7,202,Gamsberg
197,2026-08,23,261,Gamsberg
198,2024-09,9,261,BMM
198,2024-10,3,262,BMM
198,2024-11,14,261,BMM
198,2024-12,8,202,BMM
198,2025-01,14,202,BMM
198,2025-02,5,261,BMM
198,2025-03,15,202,BMM
198,2025-04,4,261,BMM
198,2025-05,14,201,BMM
198,2025-06,9,262,BMM
198,2025-07,9,201,BMM
198,2025-08,11,262,BMM
198,2025-09,13,201,BMM
198,2025-10,7,261,BMM
198,2025-11,7,262,BMM
198,2025-12,11,262,BMM
198,2026-01,13,262,BMM
198,2026-03,14,262,BMM
198,2026-04,12,262,BMM
198,2026-05,6,262,BMM
198,2026-06,13,262,BMM
198,2026-07,9,262,BMM
198,2026-08,6,262,BMM
199,2024-09,8,261,Gamsberg
199,2025-08,7,201,Gamsberg
199,2025-10,6,201,Gamsberg
199,2025-11,8,262,Gamsberg
199,2025-12,6,262,Gamsberg
199,2026-02,9,262,Gamsberg
199,2026-03,6,262,Gamsberg
199,2026-04,6,261,Gamsberg
199,2026-05,4,262,Gamsberg
199,2026-06,7,262,Gamsberg
199,2026-07,7,201,Gamsberg
200,2024-09,8,262,BMM
200,2024-10,6,262,BMM
200,2024-11,8,262,BMM
200,2024-12,8,262,BMM
200,2025-01,6,202,BMM
200,2025-02,8,262,BMM
200,2025-03,7,201,BMM
200,2025-04,7,201,BMM
200,2025-05,7,261,BMM
200,2025-06,6,202,BMM
200,2025-07,6,262,BMM
200,2025-08,7,262,BMM
200,2025-09,8,261,BMM
200,2025-10,8,201,BMM
200,2025-11,6,261,BMM
200,2025-12,8,202,BMM
200,2026-02,6,262,BMM
200,2026-03,7,202,BMM
200,2026-04,6,262,BMM
200,2026-05,6,261,BMM
200,2026-06,8,261,BMM
200,2026-07,8,262,BMM
200,2026-08,6,261,BMM
201,2024-09,7,262,Gamsberg
201,2024-10,26,262,Gamsberg
201,2024-11,19,262,Gamsberg
201,2024-12,17,262,Gamsberg
201,2025-01,27,261,Gamsberg
201,2025-02,13,262,Gamsberg
201,2025-03,26,261,Gamsberg
201,2025-04,7,201,Gamsberg
201,2025-05,10,261,Gamsberg
201,2025-06,5,261,Gamsberg
201,2025-08,18,201,Gamsberg
201,2025-09,4,202,Gamsberg
201,2025-10,4,201,Gamsberg
201,2025-11,12,202,Gamsberg
201,2025-12,25,262,Gamsberg
201,2026-01,16,262,Gamsberg
201,2026-02,13,261,Gamsberg
201,2026-03,17,261,Gamsberg
201,2026-04,12,202,Gamsberg
201,2026-05,22,262,Gamsberg
201,2026-06,25,262,Gamsberg
201,2026-07,21,262,Gamsberg
201,2026-08,22,201,Gamsberg
202,2025-05,7,201,BMM
202,2025-06,8,261,BMM
202,2025-08,7,202,BMM
202,2025-09,12,262,BMM
202,2025-10,6,262,BMM
202,2025-11,9,261,BMM
202,2025-12,10,261,BMM
202,2026-01,12,261,BMM
202,2026-02,8,202,BMM
202,2026-03,6,261,BMM
202,2026-06,7,261,BMM
202,2026-07,12,262,BMM
202,2026-08,5,261,BMM
203,2024-09,21,202,Gamsberg
203,2024-10,11,261,Gamsberg
203,2024-11,23,261,Gamsberg
203,2024-12,28,262,Gamsberg
203,2025-01,12,261,Gamsberg
203,2025-02,16,261,Gamsberg
203,2025-03,4,262,Gamsberg
203,2025-04,16,202,Gamsberg
203,2025-05,30,201,Gamsberg
203,2025-06,7,201,Gamsberg
203,2025-07,7,261,Gamsberg
203,2025-08,4,201,Gamsberg
203,2025-09,17,262,Gamsberg
203,2025-10,22,261,Gamsberg
203,2025-11,28,261,Gamsberg
203,2025-12,15,262,Gamsberg
203,2026-01,7,261,Gamsberg
203,2026-02,27,261,Gamsberg
203,2026-03,22,262,Gamsberg
203,2026-04,21,262,Gamsberg
203,2026-05,31,202,Gamsberg
203,2026-06,21,261,Gamsberg
203,2026-07,20,261,Gamsberg
203,2026-08,21,261,Gamsberg
204,2024-10,35,201,BMM
204,2024-11,24,261,BMM
204,2025-02,15,261,BMM
204,2025-04,18,262,BMM
204,2025-05,10,262,BMM
204,2025-09,16,262,BMM
204,2025-11,19,202,BMM
204,2025-12,33,202,BMM
204,2026-06,20,262,BMM
204,2026-08,30,201,BMM
205,2024-09,2,201,Gamsberg
205,2024-10,2,262,Gamsberg
205,2024-11,2,262,Gamsberg
205,2024-12,2,261,Gamsberg
205,2025-01,2,262,Gamsberg
205,2025-02,2,262,Gamsberg
205,2025-03,2,261,Gamsberg
205,2025-04,2,262,Gamsberg
205,2025-05,2,261,Gamsberg
205,2025-06,2,202,Gamsberg
205,2025-07,2,262,Gamsberg
205,2025-08,2,201,Gamsberg
205,2025-09,2,201,Gamsberg
205,2025-10,2,262,Gamsberg
205,2025-11,2,262,Gamsberg
205,2025-12,2,201,Gamsberg
205,2026-01,2,201,Gamsberg
205,2026-02,2,262,Gamsberg
205,2026-03,2,262,Gamsberg
205,2026-04,2,202,Gamsberg
205,2026-05,2,201,Gamsberg
205,2026-06,2,202,Gamsberg
205,2026-07,2,261,Gamsberg
205,2026-08,2,261,Gamsberg
2,2025-10,3,262,BMM
2,2026-08,1,262,BMM
2,2025-06,1,262,BMM
2,2026-05,1,261,BMM
36,2025-04,2,262,BMM
67,2026-02,3,262,Gamsberg
67,2024-11,2,202,Gamsberg
70,2025-01,3,202,BMM
70,2024-10,2,262,BMM
70,2025-09,1,261,BMM
82,2025-10,1,261,BMM
82,2026-08,1,261,BMM
84,2024-11,3,261,BMM
84,2026-06,2,202,BMM
84,2026-01,3,202,BMM
85,2025-09,2,261,Gamsberg
85,2026-08,3,261,Gamsberg
85,2026-05,1,262,Gamsberg
87,2026-01,1,202,Gamsberg
87,2025-11,2,262,Gamsberg
87,2024-10,2,262,Gamsberg
87,2025-12,2,261,Gamsberg
91,2025-01,3,201,Gamsberg
91,2025-04,3,261,Gamsberg
100,2026-01,2,202,BMM
100,2025-05,1,201,BMM
100,2026-05,3,261,BMM
111,2025-04,2,261,Gamsberg
111,2025-09,2,261,Gamsberg
111,2026-06,1,261,Gamsberg
112,2025-10,2,261,BMM
112,2026-07,1,202,BMM
123,2025-02,3,261,Gamsberg
123,2026-05,3,261,Gamsberg
132,2026-02,2,202,BMM
132,2025-05,1,261,BMM
132,2025-08,1,261,BMM
132,2026-05,2,261,BMM
163,2025-03,2,202,Gamsberg
163,2024-10,2,202,Gamsberg
163,2025-02,2,202,Gamsberg
167,2025-09,3,201,Gamsberg
169,2025-03,3,262,Gamsberg
169,2026-03,2,261,Gamsberg
169,2025-11,1,262,Gamsberg
190,2024-09,2,201,BMM
190,2026-02,2,261,BMM
190,2025-12,2,262,BMM
190,2025-03,3,262,BMM
