Objectclas,Objectid,Changenr,Tabname,Tabkey,Fname,Chngind,ValueOld,ValueNew
MATERIAL,000000000010000000,0001000000,MARC,0000000000100000002000,MINBE,U,49.407,65.900
MATERIAL,000000000010000000,0001000000,MARC,0000000000100000002000,MABST,U,264.458,154.200
MATERIAL,000000000010000001,0001000001,MARC,0000000000100000012000,MINBE,U,98.127,73.500
MATERIAL,000000000010000001,0001000001,MARC,0000000000100000012000,MABST,U,214.199,163.500
MATERIAL,000000000030000001,0001000002,MARC,0000000000300000012000,MINBE,U,0.000,4.000
MATERIAL,000000000030000001,0001000002,MARC,0000000000300000012000,MABST,U,0.000,7.500
MATERIAL,000000000010000005,0001000003,MARC,0000000000100000051000,MINBE,U,7.095,4.200
MATERIAL,000000000010000005,0001000003,MARC,0000000000100000051000,MABST,U,7.095,7.000
MATERIAL,000000000080000002,0001000004,MARC,0000000000800000022000,MINBE,U,3.953,5.500
MATERIAL,000000000080000002,0001000004,MARC,0000000000800000022000,MABST,U,19.344,13.400
MATERIAL,000000000010000008,0001000005,MARC,0000000000100000084000,MINBE,U,78.667,49.100
MATERIAL,000000000010000008,0001000005,MARC,0000000000100000084000,MABST,U,110.821,129.000
MATERIAL,000000000010000012,0001000006,MARC,0000000000100000123000,MINBE,U,10.010,5.600
MATERIAL,000000000010000012,0001000006,MARC,0000000000100000123000,MABST,U,10.010,8.300
MATERIAL,000000000010000014,0001000007,MARC,0000000000100000143000,MINBE,U,8.009,7.600
MATERIAL,000000000010000014,0001000007,MARC,0000000000100000143000,MABST,U,15.179,15.000
MATERIAL,000000000080000003,0001000008,MARC,0000000000800000031000,MINBE,U,10.224,18.400
MATERIAL,000000000080000003,0001000008,MARC,0000000000800000031000,MABST,U,41.188,24.300
MATERIAL,000000000010000015,0001000009,MARC,0000000000100000151000,MINBE,U,5.034,4.300
MATERIAL,000000000010000015,0001000009,MARC,0000000000100000151000,MABST,U,6.081,6.200
MATERIAL,000000000010000018,0001000010,MARC,0000000000100000183000,MINBE,U,20.711,18.100
MATERIAL,000000000010000018,0001000010,MARC,0000000000100000183000,MABST,U,37.670,25.500
MATERIAL,000000000010000019,0001000011,MARC,0000000000100000191000,MINBE,U,49.843,46.500
MATERIAL,000000000010000019,0001000011,MARC,0000000000100000191000,MABST,U,173.463,131.800
MATERIAL,000000000010000023,0001000012,MARC,0000000000100000233000,MINBE,U,8.166,5.800
MATERIAL,000000000010000023,0001000012,MARC,0000000000100000233000,MABST,U,8.166,7.400
MATERIAL,000000000010000024,0001000013,MARC,0000000000100000241000,MINBE,U,8.337,7.000
MATERIAL,000000000010000024,0001000013,MARC,0000000000100000241000,MABST,U,8.337,8.900
MATERIAL,000000000080000008,0001000014,MARC,0000000000800000082000,MINBE,U,15.944,12.400
MATERIAL,000000000080000008,0001000014,MARC,0000000000800000082000,MABST,U,15.944,15.200
MATERIAL,000000000010000032,0001000015,MARC,0000000000100000323000,MINBE,U,1.330,2.200
MATERIAL,000000000010000032,0001000015,MARC,0000000000100000323000,MABST,U,5.889,5.800
MATERIAL,000000000010000037,0001000016,MARC,0000000000100000373000,MINBE,U,78.030,57.700
MATERIAL,000000000010000037,0001000016,MARC,0000000000100000373000,MABST,U,143.783,126.000
MATERIAL,000000000080000012,0001000017,MARC,0000000000800000123000,MINBE,U,1.374,2.100
MATERIAL,000000000080000012,0001000017,MARC,0000000000800000123000,MABST,U,6.826,4.100
MATERIAL,000000000010000038,0001000018,MARC,0000000000100000384000,MINBE,U,8.875,5.200
MATERIAL,000000000010000038,0001000018,MARC,0000000000100000384000,MABST,U,8.875,8.800
MATERIAL,000000000010000042,0001000019,MARC,0000000000100000424000,MINBE,U,69.992,48.500
MATERIAL,000000000010000042,0001000019,MARC,0000000000100000424000,MABST,U,69.992,87.800
MATERIAL,000000000030000004,0001000020,MARC,0000000000300000044000,MINBE,U,0.000,11.500
MATERIAL,000000000030000004,0001000020,MARC,0000000000300000044000,MABST,U,0.000,16.800
MATERIAL,000000000080000014,0001000021,MARC,0000000000800000143000,MINBE,U,1.889,1.900
MATERIAL,000000000080000014,0001000021,MARC,0000000000800000143000,MABST,U,3.273,4.700
MATERIAL,000000000030000007,0001000022,MARC,0000000000300000072000,MINBE,U,0.000,6.500
MATERIAL,000000000030000007,0001000022,MARC,0000000000300000072000,MABST,U,0.000,8.900
MATERIAL,000000000010000050,0001000023,MARC,0000000000100000504000,MINBE,U,3.781,8.500
MATERIAL,000000000010000050,0001000023,MARC,0000000000100000504000,MABST,U,14.283,11.900
MATERIAL,000000000080000017,0001000024,MARC,0000000000800000172000,MINBE,U,9.493,5.800
MATERIAL,000000000080000017,0001000024,MARC,0000000000800000172000,MABST,U,10.457,8.600
MATERIAL,000000000010000051,0001000025,MARC,0000000000100000514000,MINBE,U,4.888,7.000
MATERIAL,000000000010000051,0001000025,MARC,0000000000100000514000,MABST,U,11.396,9.100
MATERIAL,000000000080000018,0001000026,MARC,0000000000800000182000,MINBE,U,4.722,3.000
MATERIAL,000000000080000018,0001000026,MARC,0000000000800000182000,MABST,U,4.722,3.400
MATERIAL,000000000010000055,0001000027,MARC,0000000000100000552000,MINBE,U,5.507,3.100
MATERIAL,000000000010000055,0001000027,MARC,0000000000100000552000,MABST,U,9.402,7.100
MATERIAL,000000000010000055,0001000028,MARC,0000000000100000551000,MINBE,U,3.986,2.400
MATERIAL,000000000010000055,0001000028,MARC,0000000000100000551000,MABST,U,6.088,5.800
MATERIAL,000000000010000058,0001000029,MARC,0000000000100000581000,MINBE,U,6.040,4.400
MATERIAL,000000000010000058,0001000029,MARC,0000000000100000581000,MABST,U,8.268,6.000
MATERIAL,000000000010000068,0001000030,MARC,0000000000100000683000,MINBE,U,8.745,11.100
MATERIAL,000000000010000068,0001000030,MARC,0000000000100000683000,MABST,U,13.077,16.000
MATERIAL,000000000010000068,0001000031,MARC,0000000000100000682000,MINBE,U,12.357,11.900
MATERIAL,000000000010000068,0001000031,MARC,0000000000100000682000,MABST,U,15.633,16.100
MATERIAL,000000000010000070,0001000032,MARC,0000000000100000703000,MINBE,U,27.567,18.100
MATERIAL,000000000010000070,0001000032,MARC,0000000000100000703000,MABST,U,43.085,24.700
MATERIAL,000000000010000071,0001000033,MARC,0000000000100000712000,MINBE,U,26.102,16.500
MATERIAL,000000000010000071,0001000033,MARC,0000000000100000712000,MABST,U,71.628,83.000
MATERIAL,000000000010000072,0001000034,MARC,0000000000100000721000,MINBE,U,0.819,1.400
MATERIAL,000000000010000072,0001000034,MARC,0000000000100000721000,MABST,U,3.329,4.500
MATERIAL,000000000080000021,0001000035,MARC,0000000000800000212000,MINBE,U,3.808,2.400
MATERIAL,000000000080000021,0001000035,MARC,0000000000800000212000,MABST,U,5.828,4.500
MATERIAL,000000000010000076,0001000036,MARC,0000000000100000761000,MINBE,U,5.879,5.700
MATERIAL,000000000010000076,0001000036,MARC,0000000000100000761000,MABST,U,5.879,7.300
MATERIAL,000000000080000022,0001000037,MARC,0000000000800000223000,MINBE,U,8.512,6.100
MATERIAL,000000000080000022,0001000037,MARC,0000000000800000223000,MABST,U,20.745,13.700
MATERIAL,000000000080000022,0001000038,MARC,0000000000800000221000,MINBE,U,3.700,3.600
MATERIAL,000000000080000022,0001000038,MARC,0000000000800000221000,MABST,U,7.196,8.100
MATERIAL,000000000030000014,0001000039,MARC,0000000000300000142000,MINBE,U,0.000,1.000
MATERIAL,000000000030000014,0001000039,MARC,0000000000300000142000,MABST,U,0.000,3.100
MATERIAL,000000000010000090,0001000040,MARC,0000000000100000904000,MINBE,U,4.403,2.600
MATERIAL,000000000010000090,0001000040,MARC,0000000000100000904000,MABST,U,5.333,3.500
MATERIAL,000000000010000095,0001000041,MARC,0000000000100000953000,MINBE,U,11.177,8.700
MATERIAL,000000000010000095,0001000041,MARC,0000000000100000953000,MABST,U,11.177,11.200
MATERIAL,000000000010000095,0001000042,MARC,0000000000100000952000,MINBE,U,4.839,9.600
MATERIAL,000000000010000095,0001000042,MARC,0000000000100000952000,MABST,U,10.875,12.700
MATERIAL,000000000010000105,0001000043,MARC,0000000000100001054000,MINBE,U,0.990,0.800
MATERIAL,000000000010000105,0001000043,MARC,0000000000100001054000,MABST,U,1.150,1.300
MATERIAL,000000000010000107,0001000044,MARC,0000000000100001074000,MINBE,U,8.898,8.500
MATERIAL,000000000010000107,0001000044,MARC,0000000000100001074000,MABST,U,10.798,13.600
MATERIAL,000000000080000032,0001000045,MARC,0000000000800000324000,MINBE,U,0.595,1.200
MATERIAL,000000000080000032,0001000045,MARC,0000000000800000324000,MABST,U,3.828,3.500
MATERIAL,000000000010000110,0001000046,MARC,0000000000100001103000,MINBE,U,4.180,3.400
MATERIAL,000000000010000110,0001000046,MARC,0000000000100001103000,MABST,U,6.003,6.000
MATERIAL,000000000010000115,0001000047,MARC,0000000000100001153000,MINBE,U,1.406,0.800
MATERIAL,000000000010000115,0001000047,MARC,0000000000100001153000,MABST,U,1.533,1.600
MATERIAL,000000000030000026,0001000048,MARC,0000000000300000264000,MINBE,U,0.000,19.400
MATERIAL,000000000030000026,0001000048,MARC,0000000000300000264000,MABST,U,0.000,25.800
MATERIAL,000000000080000036,0001000049,MARC,0000000000800000363000,MINBE,U,2.236,5.100
MATERIAL,000000000080000036,0001000049,MARC,0000000000800000363000,MABST,U,8.203,9.200
MATERIAL,000000000010000121,0001000050,MARC,0000000000100001214000,MINBE,U,1.273,1.600
MATERIAL,000000000010000121,0001000050,MARC,0000000000100001214000,MABST,U,8.101,4.600
MATERIAL,000000000010000123,0001000051,MARC,0000000000100001234000,MINBE,U,7.248,4.000
MATERIAL,000000000010000123,0001000051,MARC,0000000000100001234000,MABST,U,12.408,7.100
MATERIAL,000000000010000129,0001000052,MARC,0000000000100001293000,MINBE,U,0.976,1.200
MATERIAL,000000000010000129,0001000052,MARC,0000000000100001293000,MABST,U,6.793,4.500
MATERIAL,000000000010000134,0001000053,MARC,0000000000100001341000,MINBE,U,2.985,3.400
MATERIAL,000000000010000134,0001000053,MARC,0000000000100001341000,MABST,U,9.255,6.400
MATERIAL,000000000010000135,0001000054,MARC,0000000000100001352000,MINBE,U,0.508,0.300
MATERIAL,000000000010000135,0001000054,MARC,0000000000100001352000,MABST,U,1.290,0.800
MATERIAL,000000000010000138,0001000055,MARC,0000000000100001384000,MINBE,U,7.415,4.600
MATERIAL,000000000010000138,0001000055,MARC,0000000000100001384000,MABST,U,7.458,8.600
MATERIAL,000000000030000032,0001000056,MARC,0000000000300000321000,MINBE,U,0.000,5.400
MATERIAL,000000000030000032,0001000056,MARC,0000000000300000321000,MABST,U,0.000,10.700
MATERIAL,000000000080000042,0001000057,MARC,0000000000800000424000,MINBE,U,1.968,2.700
MATERIAL,000000000080000042,0001000057,MARC,0000000000800000424000,MABST,U,8.222,4.700
MATERIAL,000000000080000043,0001000058,MARC,0000000000800000434000,MINBE,U,3.908,2.500
MATERIAL,000000000080000043,0001000058,MARC,0000000000800000434000,MABST,U,6.563,4.200
MATERIAL,000000000010000150,0001000059,MARC,0000000000100001504000,MINBE,U,2.392,1.800
MATERIAL,000000000010000150,0001000059,MARC,0000000000100001504000,MABST,U,2.674,2.800
MATERIAL,000000000010000151,0001000060,MARC,0000000000100001512000,MINBE,U,4.920,3.900
MATERIAL,000000000010000151,0001000060,MARC,0000000000100001512000,MABST,U,7.395,5.400
MATERIAL,000000000010000153,0001000061,MARC,0000000000100001534000,MINBE,U,0.668,0.600
MATERIAL,000000000010000153,0001000061,MARC,0000000000100001534000,MABST,U,1.571,1.200
MATERIAL,000000000010000155,0001000062,MARC,0000000000100001552000,MINBE,U,4.132,3.200
MATERIAL,000000000010000155,0001000062,MARC,0000000000100001552000,MABST,U,7.262,5.500
MATERIAL,000000000010000157,0001000063,MARC,0000000000100001571000,MINBE,U,1.750,1.600
MATERIAL,000000000010000157,0001000063,MARC,0000000000100001571000,MABST,U,6.665,6.100
MATERIAL,000000000080000044,0001000064,MARC,0000000000800000443000,MINBE,U,19.381,11.200
MATERIAL,000000000080000044,0001000064,MARC,0000000000800000443000,MABST,U,19.381,15.700
MATERIAL,000000000080000047,0001000065,MARC,0000000000800000472000,MINBE,U,1.427,1.200
MATERIAL,000000000080000047,0001000065,MARC,0000000000800000472000,MABST,U,4.618,2.700
MATERIAL,000000000010000168,0001000066,MARC,0000000000100001683000,MINBE,U,3.746,2.200
MATERIAL,000000000010000168,0001000066,MARC,0000000000100001683000,MABST,U,8.289,5.200
MATERIAL,000000000080000050,0001000067,MARC,0000000000800000503000,MINBE,U,4.032,3.100
MATERIAL,000000000080000050,0001000067,MARC,0000000000800000503000,MABST,U,11.950,7.100
MATERIAL,000000000030000039,0001000068,MARC,0000000000300000391000,MINBE,U,0.000,4.200
MATERIAL,000000000030000039,0001000068,MARC,0000000000300000391000,MABST,U,0.000,7.000
MATERIAL,000000000010000187,0001000069,MARC,0000000000100001874000,MINBE,U,6.034,5.700
MATERIAL,000000000010000187,0001000069,MARC,0000000000100001874000,MABST,U,13.861,9.100
MATERIAL,000000000010000188,0001000070,MARC,0000000000100001882000,MINBE,U,6.156,5.100
MATERIAL,000000000010000188,0001000070,MARC,0000000000100001882000,MABST,U,7.340,6.700
MATERIAL,000000000010000189,0001000071,MARC,0000000000100001894000,MINBE,U,0.615,1.400
MATERIAL,000000000010000189,0001000071,MARC,0000000000100001894000,MABST,U,5.656,3.100
MATERIAL,000000000010000194,0001000072,MARC,0000000000100001944000,MINBE,U,6.601,4.400
MATERIAL,000000000010000194,0001000072,MARC,0000000000100001944000,MABST,U,7.746,7.800
MATERIAL,000000000010000195,0001000073,MARC,0000000000100001954000,MINBE,U,49.007,62.800
MATERIAL,000000000010000195,0001000073,MARC,0000000000100001954000,MABST,U,141.651,119.300
MATERIAL,000000000010000203,0001000074,MARC,0000000000100002031000,MINBE,U,6.701,6.300
MATERIAL,000000000010000203,0001000074,MARC,0000000000100002031000,MABST,U,11.796,8.700
MATERIAL,000000000010000204,0001000075,MARC,0000000000100002041000,MINBE,U,5.010,5.900
MATERIAL,000000000010000204,0001000075,MARC,0000000000100002041000,MABST,U,7.655,8.000
MATERIAL,000000000010000206,0001000076,MARC,0000000000100002063000,MINBE,U,33.314,62.700
MATERIAL,000000000010000206,0001000076,MARC,0000000000100002063000,MABST,U,142.779,151.300
MATERIAL,000000000010000208,0001000077,MARC,0000000000100002083000,MINBE,U,1.717,2.400
MATERIAL,000000000010000208,0001000077,MARC,0000000000100002083000,MABST,U,3.904,3.600
MATERIAL,000000000010000212,0001000078,MARC,0000000000100002124000,MINBE,U,24.489,13.800
MATERIAL,000000000010000212,0001000078,MARC,0000000000100002124000,MABST,U,119.462,82.200
MATERIAL,000000000010000213,0001000079,MARC,0000000000100002134000,MINBE,U,30.284,22.200
MATERIAL,000000000010000213,0001000079,MARC,0000000000100002134000,MABST,U,169.763,117.700
MATERIAL,000000000010000214,0001000080,MARC,0000000000100002144000,MINBE,U,4.176,2.500
MATERIAL,000000000010000214,0001000080,MARC,0000000000100002144000,MABST,U,6.833,3.900
MATERIAL,000000000010000215,0001000081,MARC,0000000000100002151000,MINBE,U,0.848,0.600
MATERIAL,000000000010000215,0001000081,MARC,0000000000100002151000,MABST,U,1.008,1.100
MATERIAL,000000000010000216,0001000082,MARC,0000000000100002163000,MINBE,U,14.517,11.800
MATERIAL,000000000010000216,0001000082,MARC,0000000000100002163000,MABST,U,16.376,17.600
MATERIAL,000000000010000217,0001000083,MARC,0000000000100002174000,MINBE,U,1.869,1.800
MATERIAL,000000000010000217,0001000083,MARC,0000000000100002174000,MABST,U,6.511,3.800
MATERIAL,000000000010000228,0001000084,MARC,0000000000100002281000,MINBE,U,13.393,11.300
MATERIAL,000000000010000228,0001000084,MARC,0000000000100002281000,MABST,U,19.561,14.300
MATERIAL,000000000010000235,0001000085,MARC,0000000000100002352000,MINBE,U,4.519,2.600
MATERIAL,000000000010000235,0001000085,MARC,0000000000100002352000,MABST,U,4.981,4.700
MATERIAL,000000000010000244,0001000086,MARC,0000000000100002443000,MINBE,U,12.683,10.200
MATERIAL,000000000010000244,0001000086,MARC,0000000000100002443000,MABST,U,27.276,15.600
MATERIAL,000000000010000245,0001000087,MARC,0000000000100002451000,MINBE,U,23.367,18.900
MATERIAL,000000000010000245,0001000087,MARC,0000000000100002451000,MABST,U,23.367,24.300
MATERIAL,000000000080000059,0001000088,MARC,0000000000800000592000,MINBE,U,2.979,2.600
MATERIAL,000000000080000059,0001000088,MARC,0000000000800000592000,MABST,U,4.196,4.800
MATERIAL,000000000010000251,0001000089,MARC,0000000000100002513000,MINBE,U,16.962,17.900
MATERIAL,000000000010000251,0001000089,MARC,0000000000100002513000,MABST,U,22.162,25.300
MATERIAL,000000000010000254,0001000090,MARC,0000000000100002542000,MINBE,U,10.179,21.700
MATERIAL,000000000010000254,0001000090,MARC,0000000000100002542000,MABST,U,41.925,27.300
MATERIAL,000000000010000256,0001000091,MARC,0000000000100002562000,MINBE,U,24.406,16.000
MATERIAL,000000000010000256,0001000091,MARC,0000000000100002562000,MABST,U,42.778,57.000
MATERIAL,000000000010000263,0001000092,MARC,0000000000100002634000,MINBE,U,30.439,18.900
MATERIAL,000000000010000263,0001000092,MARC,0000000000100002634000,MABST,U,64.828,74.500
MATERIAL,000000000010000265,0001000093,MARC,0000000000100002653000,MINBE,U,14.607,15.200
MATERIAL,000000000010000265,0001000093,MARC,0000000000100002653000,MABST,U,21.395,20.800
MATERIAL,000000000010000268,0001000094,MARC,0000000000100002684000,MINBE,U,5.453,3.600
MATERIAL,000000000010000268,0001000094,MARC,0000000000100002684000,MABST,U,16.513,10.100
MATERIAL,000000000010000269,0001000095,MARC,0000000000100002691000,MINBE,U,7.247,5.000
MATERIAL,000000000010000269,0001000095,MARC,0000000000100002691000,MABST,U,12.717,12.000
MATERIAL,000000000080000065,0001000096,MARC,0000000000800000654000,MINBE,U,2.300,3.300
MATERIAL,000000000080000065,0001000096,MARC,0000000000800000654000,MABST,U,5.463,6.500
MATERIAL,000000000010000275,0001000097,MARC,0000000000100002753000,MINBE,U,1.684,1.000
MATERIAL,000000000010000275,0001000097,MARC,0000000000100002753000,MABST,U,3.445,2.500
MATERIAL,000000000030000060,0001000098,MARC,0000000000300000601000,MINBE,U,0.000,4.800
MATERIAL,000000000030000060,0001000098,MARC,0000000000300000601000,MABST,U,0.000,7.400
MATERIAL,000000000080000066,0001000099,MARC,0000000000800000664000,MINBE,U,8.948,7.500
MATERIAL,000000000080000066,0001000099,MARC,0000000000800000664000,MABST,U,11.086,15.400
MATERIAL,000000000010000276,0001000100,MARC,0000000000100002762000,MINBE,U,32.532,29.600
MATERIAL,000000000010000276,0001000100,MARC,0000000000100002762000,MABST,U,132.568,129.000
MATERIAL,000000000010000284,0001000101,MARC,0000000000100002842000,MINBE,U,4.894,7.500
MATERIAL,000000000010000284,0001000101,MARC,0000000000100002842000,MABST,U,15.980,9.600
MATERIAL,000000000080000069,0001000102,MARC,0000000000800000692000,MINBE,U,11.388,6.400
MATERIAL,000000000080000069,0001000102,MARC,0000000000800000692000,MABST,U,19.084,11.400
MATERIAL,000000000080000069,0001000103,MARC,0000000000800000694000,MINBE,U,3.769,4.000
MATERIAL,000000000080000069,0001000103,MARC,0000000000800000694000,MABST,U,8.834,7.400
MATERIAL,000000000010000287,0001000104,MARC,0000000000100002872000,MINBE,U,1.994,1.800
MATERIAL,000000000010000287,0001000104,MARC,0000000000100002872000,MABST,U,4.102,2.500
MATERIAL,000000000010000288,0001000105,MARC,0000000000100002883000,MINBE,U,4.124,4.800
MATERIAL,000000000010000288,0001000105,MARC,0000000000100002883000,MABST,U,15.149,12.700
MATERIAL,000000000010000288,0001000106,MARC,0000000000100002881000,MINBE,U,3.812,2.500
MATERIAL,000000000010000288,0001000106,MARC,0000000000100002881000,MABST,U,8.906,6.100
MATERIAL,000000000010000289,0001000107,MARC,0000000000100002894000,MINBE,U,42.476,51.000
MATERIAL,000000000010000289,0001000107,MARC,0000000000100002894000,MABST,U,255.134,158.900
MATERIAL,000000000010000290,0001000108,MARC,0000000000100002902000,MINBE,U,137.404,154.700
MATERIAL,000000000010000290,0001000108,MARC,0000000000100002902000,MABST,U,333.217,255.700
MATERIAL,000000000080000072,0001000109,MARC,0000000000800000721000,MINBE,U,3.210,5.200
MATERIAL,000000000080000072,0001000109,MARC,0000000000800000721000,MABST,U,14.354,12.400
MATERIAL,000000000010000295,0001000110,MARC,0000000000100002951000,MINBE,U,14.510,8.900
MATERIAL,000000000010000295,0001000110,MARC,0000000000100002951000,MABST,U,14.510,12.800
MATERIAL,000000000010000296,0001000111,MARC,0000000000100002964000,MINBE,U,23.452,13.200
MATERIAL,000000000010000296,0001000111,MARC,0000000000100002964000,MABST,U,26.465,17.600
MATERIAL,000000000010000296,0001000112,MARC,0000000000100002963000,MINBE,U,6.852,12.200
MATERIAL,000000000010000296,0001000112,MARC,0000000000100002963000,MABST,U,14.784,16.300
MATERIAL,000000000010000297,0001000113,MARC,0000000000100002971000,MINBE,U,12.336,7.000
MATERIAL,000000000010000297,0001000113,MARC,0000000000100002971000,MABST,U,13.424,9.000
MATERIAL,000000000010000298,0001000114,MARC,0000000000100002982000,MINBE,U,5.850,12.600
MATERIAL,000000000010000298,0001000114,MARC,0000000000100002982000,MABST,U,23.504,16.100
MATERIAL,000000000010000302,0001000115,MARC,0000000000100003023000,MINBE,U,8.836,15.000
MATERIAL,000000000010000302,0001000115,MARC,0000000000100003023000,MABST,U,31.081,19.100
MATERIAL,000000000080000074,0001000116,MARC,0000000000800000742000,MINBE,U,8.332,6.500
MATERIAL,000000000080000074,0001000116,MARC,0000000000800000742000,MABST,U,9.741,13.800
MATERIAL,000000000010000306,0001000117,MARC,0000000000100003062000,MINBE,U,10.671,12.800
MATERIAL,000000000010000306,0001000117,MARC,0000000000100003062000,MABST,U,18.152,17.600
MATERIAL,000000000010000309,0001000118,MARC,0000000000100003094000,MINBE,U,1.394,2.700
MATERIAL,000000000010000309,0001000118,MARC,0000000000100003094000,MABST,U,4.641,3.500
MATERIAL,000000000010000311,0001000119,MARC,0000000000100003111000,MINBE,U,8.898,6.400
MATERIAL,000000000010000311,0001000119,MARC,0000000000100003111000,MABST,U,66.536,41.500
MATERIAL,000000000010000313,0001000120,MARC,0000000000100003134000,MINBE,U,1.005,1.800
MATERIAL,000000000010000313,0001000120,MARC,0000000000100003134000,MABST,U,4.707,3.000
MATERIAL,000000000010000315,0001000121,MARC,0000000000100003153000,MINBE,U,5.019,4.500
MATERIAL,000000000010000315,0001000121,MARC,0000000000100003153000,MABST,U,5.107,5.600
MATERIAL,000000000010000316,0001000122,MARC,0000000000100003161000,MINBE,U,6.234,4.600
MATERIAL,000000000010000316,0001000122,MARC,0000000000100003161000,MABST,U,9.503,10.000
MATERIAL,000000000010000316,0001000123,MARC,0000000000100003162000,MINBE,U,1.362,3.300
MATERIAL,000000000010000316,0001000123,MARC,0000000000100003162000,MABST,U,5.787,6.400
MATERIAL,000000000010000318,0001000124,MARC,0000000000100003181000,MINBE,U,13.913,20.000
MATERIAL,000000000010000318,0001000124,MARC,0000000000100003181000,MABST,U,159.683,133.800
MATERIAL,000000000010000319,0001000125,MARC,0000000000100003192000,MINBE,U,1.402,0.900
MATERIAL,000000000010000319,0001000125,MARC,0000000000100003192000,MABST,U,1.796,1.400
MATERIAL,000000000010000320,0001000126,MARC,0000000000100003204000,MINBE,U,0.877,1.300
MATERIAL,000000000010000320,0001000126,MARC,0000000000100003204000,MABST,U,3.245,1.900
MATERIAL,000000000010000322,0001000127,MARC,0000000000100003223000,MINBE,U,11.714,8.500
MATERIAL,000000000010000322,0001000127,MARC,0000000000100003223000,MABST,U,11.714,11.600
MATERIAL,000000000010000325,0001000128,MARC,0000000000100003251000,MINBE,U,52.143,81.900
MATERIAL,000000000010000325,0001000128,MARC,0000000000100003251000,MABST,U,186.223,158.500
MATERIAL,000000000010000334,0001000129,MARC,0000000000100003344000,MINBE,U,35.781,20.300
MATERIAL,000000000010000334,0001000129,MARC,0000000000100003344000,MABST,U,128.600,84.400
MATERIAL,000000000010000336,0001000130,MARC,0000000000100003364000,MINBE,U,7.834,5.600
MATERIAL,000000000010000336,0001000130,MARC,0000000000100003364000,MABST,U,12.680,9.700
MATERIAL,000000000010000343,0001000131,MARC,0000000000100003433000,MINBE,U,1.013,0.800
MATERIAL,000000000010000343,0001000131,MARC,0000000000100003433000,MABST,U,1.987,1.300
MATERIAL,000000000010000344,0001000132,MARC,0000000000100003444000,MINBE,U,0.676,0.400
MATERIAL,000000000010000344,0001000132,MARC,0000000000100003444000,MABST,U,0.869,1.100
MATERIAL,000000000010000352,0001000133,MARC,0000000000100003523000,MINBE,U,3.884,2.800
MATERIAL,000000000010000352,0001000133,MARC,0000000000100003523000,MABST,U,7.114,4.500
MATERIAL,000000000010000354,0001000134,MARC,0000000000100003544000,MINBE,U,4.540,2.600
MATERIAL,000000000010000354,0001000134,MARC,0000000000100003544000,MABST,U,4.873,6.700
MATERIAL,000000000010000355,0001000135,MARC,0000000000100003553000,MINBE,U,13.831,7.900
MATERIAL,000000000010000355,0001000135,MARC,0000000000100003553000,MABST,U,26.246,14.800
MATERIAL,000000000080000084,0001000136,MARC,0000000000800000843000,MINBE,U,3.017,6.300
MATERIAL,000000000080000084,0001000136,MARC,0000000000800000843000,MABST,U,17.834,13.300
MATERIAL,000000000010000359,0001000137,MARC,0000000000100003594000,MINBE,U,6.577,3.800
MATERIAL,000000000010000359,0001000137,MARC,0000000000100003594000,MABST,U,9.839,7.400
MATERIAL,000000000010000362,0001000138,MARC,0000000000100003624000,MINBE,U,76.341,49.700
MATERIAL,000000000010000362,0001000138,MARC,0000000000100003624000,MABST,U,164.834,145.300
MATERIAL,000000000010000364,0001000139,MARC,0000000000100003641000,MINBE,U,4.369,3.200
MATERIAL,000000000010000364,0001000139,MARC,0000000000100003641000,MABST,U,8.876,5.300
MATERIAL,000000000080000085,0001000140,MARC,0000000000800000854000,MINBE,U,4.402,5.200
MATERIAL,000000000080000085,0001000140,MARC,0000000000800000854000,MABST,U,7.907,8.400
MATERIAL,000000000010000370,0001000141,MARC,0000000000100003703000,MINBE,U,7.886,4.900
MATERIAL,000000000010000370,0001000141,MARC,0000000000100003703000,MABST,U,9.524,6.500
MATERIAL,000000000010000371,0001000142,MARC,0000000000100003711000,MINBE,U,19.670,13.400
MATERIAL,000000000010000371,0001000142,MARC,0000000000100003711000,MABST,U,19.670,16.400
MATERIAL,000000000080000088,0001000143,MARC,0000000000800000881000,MINBE,U,1.474,2.200
MATERIAL,000000000080000088,0001000143,MARC,0000000000800000881000,MABST,U,7.579,5.200
MATERIAL,000000000010000374,0001000144,MARC,0000000000100003744000,MINBE,U,8.794,7.000
MATERIAL,000000000010000374,0001000144,MARC,0000000000100003744000,MABST,U,9.883,11.400
MATERIAL,000000000010000376,0001000145,MARC,0000000000100003763000,MINBE,U,4.641,3.600
MATERIAL,000000000010000376,0001000145,MARC,0000000000100003763000,MABST,U,6.354,6.300
MATERIAL,000000000010000378,0001000146,MARC,0000000000100003782000,MINBE,U,100.390,69.600
MATERIAL,000000000010000378,0001000146,MARC,0000000000100003782000,MABST,U,123.542,116.700
MATERIAL,000000000010000380,0001000147,MARC,0000000000100003801000,MINBE,U,25.534,18.800
MATERIAL,000000000010000380,0001000147,MARC,0000000000100003801000,MABST,U,37.859,24.400
MATERIAL,000000000010000381,0001000148,MARC,0000000000100003814000,MINBE,U,7.896,4.600
MATERIAL,000000000010000381,0001000148,MARC,0000000000100003814000,MABST,U,7.896,5.800
MATERIAL,000000000010000382,0001000149,MARC,0000000000100003822000,MINBE,U,1.167,1.700
MATERIAL,000000000010000382,0001000149,MARC,0000000000100003822000,MABST,U,4.255,2.700
MATERIAL,000000000080000089,0001000150,MARC,0000000000800000893000,MINBE,U,2.071,2.000
MATERIAL,000000000080000089,0001000150,MARC,0000000000800000893000,MABST,U,4.153,3.600
MATERIAL,000000000080000091,0001000151,MARC,0000000000800000913000,MINBE,U,4.343,4.100
MATERIAL,000000000080000091,0001000151,MARC,0000000000800000913000,MABST,U,7.446,8.000
MATERIAL,000000000010000393,0001000152,MARC,0000000000100003933000,MINBE,U,4.585,8.500
MATERIAL,000000000010000393,0001000152,MARC,0000000000100003933000,MABST,U,79.913,69.100
MATERIAL,000000000010000394,0001000153,MARC,0000000000100003942000,MINBE,U,5.885,5.100
MATERIAL,000000000010000394,0001000153,MARC,0000000000100003942000,MABST,U,8.050,6.300
MATERIAL,000000000010000395,0001000154,MARC,0000000000100003954000,MINBE,U,2.394,1.600
MATERIAL,000000000010000395,0001000154,MARC,0000000000100003954000,MABST,U,5.772,5.300
MATERIAL,000000000080000093,0001000155,MARC,0000000000800000933000,MINBE,U,5.848,4.100
MATERIAL,000000000080000093,0001000155,MARC,0000000000800000933000,MABST,U,11.700,10.300
MATERIAL,000000000010000402,0001000156,MARC,0000000000100004024000,MINBE,U,50.041,27.800
MATERIAL,000000000010000402,0001000156,MARC,0000000000100004024000,MABST,U,50.041,35.800
MATERIAL,000000000080000094,0001000157,MARC,0000000000800000941000,MINBE,U,1.293,2.600
MATERIAL,000000000080000094,0001000157,MARC,0000000000800000941000,MABST,U,3.355,3.900
MATERIAL,000000000080000095,0001000158,MARC,0000000000800000952000,MINBE,U,26.993,15.400
MATERIAL,000000000080000095,0001000158,MARC,0000000000800000952000,MABST,U,26.993,20.800
MATERIAL,000000000080000096,0001000159,MARC,0000000000800000963000,MINBE,U,2.949,3.300
MATERIAL,000000000080000096,0001000159,MARC,0000000000800000963000,MABST,U,8.116,6.800
MATERIAL,000000000010000409,0001000160,MARC,0000000000100004092000,MINBE,U,3.543,2.600
MATERIAL,000000000010000409,0001000160,MARC,0000000000100004092000,MABST,U,4.113,4.300
MATERIAL,000000000010000410,0001000161,MARC,0000000000100004103000,MINBE,U,60.611,44.500
MATERIAL,000000000010000410,0001000161,MARC,0000000000100004103000,MABST,U,100.763,106.800
MATERIAL,000000000080000099,0001000162,MARC,0000000000800000993000,MINBE,U,4.746,3.300
MATERIAL,000000000080000099,0001000162,MARC,0000000000800000993000,MABST,U,11.921,7.000
MATERIAL,000000000010000421,0001000163,MARC,0000000000100004212000,MINBE,U,12.289,7.400
MATERIAL,000000000010000421,0001000163,MARC,0000000000100004212000,MABST,U,13.867,13.400
MATERIAL,000000000080000100,0001000164,MARC,0000000000800001004000,MINBE,U,1.528,2.400
MATERIAL,000000000080000100,0001000164,MARC,0000000000800001004000,MABST,U,3.032,4.300
MATERIAL,000000000010000429,0001000165,MARC,0000000000100004292000,MINBE,U,14.546,9.300
MATERIAL,000000000010000429,0001000165,MARC,0000000000100004292000,MABST,U,20.607,12.700
MATERIAL,000000000030000096,0001000166,MARC,0000000000300000962000,MINBE,U,0.000,6.600
MATERIAL,000000000030000096,0001000166,MARC,0000000000300000962000,MABST,U,0.000,10.000
MATERIAL,000000000010000430,0001000167,MARC,0000000000100004302000,MINBE,U,4.251,3.300
MATERIAL,000000000010000430,0001000167,MARC,0000000000100004302000,MABST,U,4.251,3.800
MATERIAL,000000000010000433,0001000168,MARC,0000000000100004332000,MINBE,U,4.579,9.400
MATERIAL,000000000010000433,0001000168,MARC,0000000000100004332000,MABST,U,23.275,14.000
MATERIAL,000000000010000435,0001000169,MARC,0000000000100004351000,MINBE,U,79.149,58.600
MATERIAL,000000000010000435,0001000169,MARC,0000000000100004351000,MABST,U,127.722,133.700
MATERIAL,000000000010000436,0001000170,MARC,0000000000100004364000,MINBE,U,2.613,2.700
MATERIAL,000000000010000436,0001000170,MARC,0000000000100004364000,MABST,U,11.695,8.100
MATERIAL,000000000010000441,0001000171,MARC,0000000000100004414000,MINBE,U,12.751,10.400
MATERIAL,000000000010000441,0001000171,MARC,0000000000100004414000,MABST,U,21.508,13.700
MATERIAL,000000000080000102,0001000172,MARC,0000000000800001024000,MINBE,U,5.278,3.000
MATERIAL,000000000080000102,0001000172,MARC,0000000000800001024000,MABST,U,5.982,7.200
MATERIAL,000000000080000105,0001000173,MARC,0000000000800001053000,MINBE,U,3.071,2.800
MATERIAL,000000000080000105,0001000173,MARC,0000000000800001053000,MABST,U,8.219,8.800
MATERIAL,000000000010000449,0001000174,MARC,0000000000100004492000,MINBE,U,0.667,1.200
MATERIAL,000000000010000449,0001000174,MARC,0000000000100004492000,MABST,U,1.726,1.900
MATERIAL,000000000010000450,0001000175,MARC,0000000000100004503000,MINBE,U,5.659,3.600
MATERIAL,000000000010000450,0001000175,MARC,0000000000100004503000,MABST,U,6.349,5.000
MATERIAL,000000000010000454,0001000176,MARC,0000000000100004544000,MINBE,U,1.309,2.400
MATERIAL,000000000010000454,0001000176,MARC,0000000000100004544000,MABST,U,5.185,4.400
MATERIAL,000000000010000456,0001000177,MARC,0000000000100004562000,MINBE,U,10.905,10.600
MATERIAL,000000000010000456,0001000177,MARC,0000000000100004562000,MABST,U,10.905,13.600
MATERIAL,000000000010000458,0001000178,MARC,0000000000100004583000,MINBE,U,1.870,2.700
MATERIAL,000000000010000458,0001000178,MARC,0000000000100004583000,MABST,U,3.928,3.500
MATERIAL,000000000010000462,0001000179,MARC,0000000000100004623000,MINBE,U,16.716,12.600
MATERIAL,000000000010000462,0001000179,MARC,0000000000100004623000,MABST,U,143.929,80.600
MATERIAL,000000000010000465,0001000180,MARC,0000000000100004653000,MINBE,U,7.142,4.700
MATERIAL,000000000010000465,0001000180,MARC,0000000000100004653000,MABST,U,14.687,9.900
MATERIAL,000000000010000466,0001000181,MARC,0000000000100004661000,MINBE,U,9.251,12.300
MATERIAL,000000000010000466,0001000181,MARC,0000000000100004661000,MABST,U,24.984,16.300
MATERIAL,000000000080000107,0001000182,MARC,0000000000800001074000,MINBE,U,14.173,8.100
MATERIAL,000000000080000107,0001000182,MARC,0000000000800001074000,MABST,U,14.173,11.200
MATERIAL,000000000010000470,0001000183,MARC,0000000000100004703000,MINBE,U,3.447,5.500
MATERIAL,000000000010000470,0001000183,MARC,0000000000100004703000,MABST,U,9.267,6.900
MATERIAL,000000000010000470,0001000184,MARC,0000000000100004702000,MINBE,U,20.448,15.800
MATERIAL,000000000010000470,0001000184,MARC,0000000000100004702000,MABST,U,31.011,19.600
MATERIAL,000000000010000471,0001000185,MARC,0000000000100004712000,MINBE,U,0.791,0.600
MATERIAL,000000000010000471,0001000185,MARC,0000000000100004712000,MABST,U,1.729,1.400
MATERIAL,000000000080000108,0001000186,MARC,0000000000800001084000,MINBE,U,1.710,3.700
MATERIAL,000000000080000108,0001000186,MARC,0000000000800001084000,MABST,U,7.888,6.200
MATERIAL,000000000080000110,0001000187,MARC,0000000000800001102000,MINBE,U,5.996,3.800
MATERIAL,000000000080000110,0001000187,MARC,0000000000800001102000,MABST,U,8.190,10.300
MATERIAL,000000000080000111,0001000188,MARC,0000000000800001114000,MINBE,U,3.224,2.200
MATERIAL,000000000080000111,0001000188,MARC,0000000000800001114000,MABST,U,3.458,4.200
MATERIAL,000000000010000477,0001000189,MARC,0000000000100004771000,MINBE,U,91.153,99.300
MATERIAL,000000000010000477,0001000189,MARC,0000000000100004771000,MABST,U,157.824,207.200
MATERIAL,000000000010000482,0001000190,MARC,0000000000100004823000,MINBE,U,10.289,7.000
MATERIAL,000000000010000482,0001000190,MARC,0000000000100004823000,MABST,U,10.289,9.000
MATERIAL,000000000010000491,0001000191,MARC,0000000000100004914000,MINBE,U,123.109,73.700
MATERIAL,000000000010000491,0001000191,MARC,0000000000100004914000,MABST,U,237.975,191.300
MATERIAL,000000000010000494,0001000192,MARC,0000000000100004943000,MINBE,U,105.405,89.900
MATERIAL,000000000010000494,0001000192,MARC,0000000000100004943000,MABST,U,243.061,196.000
MATERIAL,000000000010000495,0001000193,MARC,0000000000100004952000,MINBE,U,1.677,1.300
MATERIAL,000000000010000495,0001000193,MARC,0000000000100004952000,MABST,U,2.108,1.700
MATERIAL,000000000030000110,0001000194,MARC,0000000000300001104000,MINBE,U,0.000,2.700
MATERIAL,000000000030000110,0001000194,MARC,0000000000300001104000,MABST,U,0.000,4.200
MATERIAL,000000000010000496,0001000195,MARC,0000000000100004963000,MINBE,U,13.592,17.200
MATERIAL,000000000010000496,0001000195,MARC,0000000000100004963000,MABST,U,72.670,52.700
MATERIAL,000000000010000498,0001000196,MARC,0000000000100004981000,MINBE,U,24.995,27.900
MATERIAL,000000000010000498,0001000196,MARC,0000000000100004981000,MABST,U,44.659,61.800
MATERIAL,000000000010000499,0001000197,MARC,0000000000100004994000,MINBE,U,13.189,13.500
MATERIAL,000000000010000499,0001000197,MARC,0000000000100004994000,MABST,U,39.995,49.900
MATERIAL,000000000010000500,0001000198,MARC,0000000000100005001000,MINBE,U,5.340,3.900
MATERIAL,000000000010000500,0001000198,MARC,0000000000100005001000,MABST,U,5.940,6.800
MATERIAL,000000000010000506,0001000199,MARC,0000000000100005063000,MINBE,U,6.202,5.700
MATERIAL,000000000010000506,0001000199,MARC,0000000000100005063000,MABST,U,12.640,10.100
MATERIAL,000000000010000507,0001000200,MARC,0000000000100005074000,MINBE,U,15.322,9.900
MATERIAL,000000000010000507,0001000200,MARC,0000000000100005074000,MABST,U,21.437,12.400
MATERIAL,000000000010000509,0001000201,MARC,0000000000100005094000,MINBE,U,1.581,3.100
MATERIAL,000000000010000509,0001000201,MARC,0000000000100005094000,MABST,U,5.635,4.800
MATERIAL,000000000010000510,0001000202,MARC,0000000000100005102000,MINBE,U,17.760,13.900
MATERIAL,000000000010000510,0001000202,MARC,0000000000100005102000,MABST,U,101.044,73.700
MATERIAL,000000000010000511,0001000203,MARC,0000000000100005112000,MINBE,U,1.306,0.900
MATERIAL,000000000010000511,0001000203,MARC,0000000000100005112000,MABST,U,1.836,1.600
MATERIAL,000000000030000113,0001000204,MARC,0000000000300001133000,MINBE,U,0.000,13.000
MATERIAL,000000000030000113,0001000204,MARC,0000000000300001133000,MABST,U,0.000,16.500
MATERIAL,000000000010000513,0001000205,MARC,0000000000100005132000,MINBE,U,0.606,0.500
MATERIAL,000000000010000513,0001000205,MARC,0000000000100005132000,MABST,U,1.415,1.000
MATERIAL,000000000010000516,0001000206,MARC,0000000000100005162000,MINBE,U,50.476,116.100
MATERIAL,000000000010000516,0001000206,MARC,0000000000100005162000,MABST,U,208.716,214.600
MATERIAL,000000000010000518,0001000207,MARC,0000000000100005182000,MINBE,U,3.432,3.000
MATERIAL,000000000010000518,0001000207,MARC,0000000000100005182000,MABST,U,7.319,6.800
MATERIAL,000000000010000521,0001000208,MARC,0000000000100005214000,MINBE,U,20.267,13.100
MATERIAL,000000000010000521,0001000208,MARC,0000000000100005214000,MABST,U,22.054,17.900
MATERIAL,000000000010000524,0001000209,MARC,0000000000100005241000,MINBE,U,28.108,48.000
MATERIAL,000000000010000524,0001000209,MARC,0000000000100005241000,MABST,U,94.912,73.500
MATERIAL,000000000010000526,0001000210,MARC,0000000000100005263000,MINBE,U,4.809,10.600
MATERIAL,000000000010000526,0001000210,MARC,0000000000100005263000,MABST,U,25.137,16.000
MATERIAL,000000000010000528,0001000211,MARC,0000000000100005281000,MINBE,U,2.625,2.400
MATERIAL,000000000010000528,0001000211,MARC,0000000000100005281000,MABST,U,6.445,3.600
MATERIAL,000000000010000531,0001000212,MARC,0000000000100005313000,MINBE,U,7.894,13.000
MATERIAL,000000000010000531,0001000212,MARC,0000000000100005313000,MABST,U,18.381,17.400
MATERIAL,000000000010000531,0001000213,MARC,0000000000100005314000,MINBE,U,4.453,7.200
MATERIAL,000000000010000531,0001000213,MARC,0000000000100005314000,MABST,U,15.673,9.800
MATERIAL,000000000080000115,0001000214,MARC,0000000000800001153000,MINBE,U,2.785,2.100
MATERIAL,000000000080000115,0001000214,MARC,0000000000800001153000,MABST,U,3.284,4.500
MATERIAL,000000000030000116,0001000215,MARC,0000000000300001164000,MINBE,U,0.000,2.000
MATERIAL,000000000030000116,0001000215,MARC,0000000000300001164000,MABST,U,0.000,3.500
MATERIAL,000000000010000536,0001000216,MARC,0000000000100005362000,MINBE,U,3.536,2.900
MATERIAL,000000000010000536,0001000216,MARC,0000000000100005362000,MABST,U,3.536,4.700
MATERIAL,000000000010000538,0001000217,MARC,0000000000100005384000,MINBE,U,100.157,105.600
MATERIAL,000000000010000538,0001000217,MARC,0000000000100005384000,MABST,U,122.597,163.800
MATERIAL,000000000030000120,0001000218,MARC,0000000000300001202000,MINBE,U,0.000,1.300
MATERIAL,000000000030000120,0001000218,MARC,0000000000300001202000,MABST,U,0.000,2.800
MATERIAL,000000000080000119,0001000219,MARC,0000000000800001194000,MINBE,U,1.202,2.600
MATERIAL,000000000080000119,0001000219,MARC,0000000000800001194000,MABST,U,4.740,4.100
MATERIAL,000000000010000545,0001000220,MARC,0000000000100005453000,MINBE,U,24.668,25.800
MATERIAL,000000000010000545,0001000220,MARC,0000000000100005453000,MABST,U,64.853,60.900
MATERIAL,000000000010000552,0001000221,MARC,0000000000100005524000,MINBE,U,7.293,5.100
MATERIAL,000000000010000552,0001000221,MARC,0000000000100005524000,MABST,U,7.293,7.700
MATERIAL,000000000010000556,0001000222,MARC,0000000000100005564000,MINBE,U,1.256,1.700
MATERIAL,000000000010000556,0001000222,MARC,0000000000100005564000,MABST,U,2.341,2.200
MATERIAL,000000000010000559,0001000223,MARC,0000000000100005594000,MINBE,U,4.108,3.500
MATERIAL,000000000010000559,0001000223,MARC,0000000000100005594000,MABST,U,11.749,7.100
MATERIAL,000000000010000560,0001000224,MARC,0000000000100005603000,MINBE,U,2.628,2.500
MATERIAL,000000000010000560,0001000224,MARC,0000000000100005603000,MABST,U,8.960,5.000
MATERIAL,000000000010000564,0001000225,MARC,0000000000100005642000,MINBE,U,8.087,5.900
MATERIAL,000000000010000564,0001000225,MARC,0000000000100005642000,MABST,U,9.290,7.500
MATERIAL,000000000010000565,0001000226,MARC,0000000000100005653000,MINBE,U,108.778,80.800
MATERIAL,000000000010000565,0001000226,MARC,0000000000100005653000,MABST,U,155.680,167.300
MATERIAL,000000000010000570,0001000227,MARC,0000000000100005701000,MINBE,U,88.813,55.900
MATERIAL,000000000010000570,0001000227,MARC,0000000000100005701000,MABST,U,169.264,155.800
MATERIAL,000000000010000573,0001000228,MARC,0000000000100005731000,MINBE,U,4.326,7.100
MATERIAL,000000000010000573,0001000228,MARC,0000000000100005731000,MABST,U,10.269,11.800
MATERIAL,000000000010000574,0001000229,MARC,0000000000100005743000,MINBE,U,0.598,0.500
MATERIAL,000000000010000574,0001000229,MARC,0000000000100005743000,MABST,U,2.088,1.500
MATERIAL,000000000080000127,0001000230,MARC,0000000000800001271000,MINBE,U,5.354,3.300
MATERIAL,000000000080000127,0001000230,MARC,0000000000800001271000,MABST,U,5.739,5.500
MATERIAL,000000000010000576,0001000231,MARC,0000000000100005761000,MINBE,U,0.716,1.100
MATERIAL,000000000010000576,0001000231,MARC,0000000000100005761000,MABST,U,1.888,2.700
MATERIAL,000000000010000581,0001000232,MARC,0000000000100005814000,MINBE,U,42.691,31.500
MATERIAL,000000000010000581,0001000232,MARC,0000000000100005814000,MABST,U,63.573,61.500
MATERIAL,000000000010000586,0001000233,MARC,0000000000100005864000,MINBE,U,12.190,10.700
MATERIAL,000000000010000586,0001000233,MARC,0000000000100005864000,MABST,U,14.965,14.900
MATERIAL,000000000010000592,0001000234,MARC,0000000000100005923000,MINBE,U,18.905,20.900
MATERIAL,000000000010000592,0001000234,MARC,0000000000100005923000,MABST,U,38.324,27.500
MATERIAL,000000000010000593,0001000235,MARC,0000000000100005933000,MINBE,U,0.963,2.300
MATERIAL,000000000010000593,0001000235,MARC,0000000000100005933000,MABST,U,6.799,6.500
MATERIAL,000000000010000598,0001000236,MARC,0000000000100005981000,MINBE,U,4.829,3.600
MATERIAL,000000000010000598,0001000236,MARC,0000000000100005981000,MABST,U,7.376,5.000
MATERIAL,000000000080000134,0001000237,MARC,0000000000800001342000,MINBE,U,4.530,6.700
MATERIAL,000000000080000134,0001000237,MARC,0000000000800001342000,MABST,U,19.370,12.100
MATERIAL,000000000010000605,0001000238,MARC,0000000000100006053000,MINBE,U,27.586,18.600
MATERIAL,000000000010000605,0001000238,MARC,0000000000100006053000,MABST,U,116.466,70.800
MATERIAL,000000000010000611,0001000239,MARC,0000000000100006111000,MINBE,U,1.386,0.800
MATERIAL,000000000010000611,0001000239,MARC,0000000000100006111000,MABST,U,2.392,1.400
MATERIAL,000000000010000614,0001000240,MARC,0000000000100006142000,MINBE,U,10.791,18.500
MATERIAL,000000000010000614,0001000240,MARC,0000000000100006142000,MABST,U,20.751,23.800
MATERIAL,000000000010000617,0001000241,MARC,0000000000100006172000,MINBE,U,17.717,14.900
MATERIAL,000000000010000617,0001000241,MARC,0000000000100006172000,MABST,U,17.717,21.500
MATERIAL,000000000010000625,0001000242,MARC,0000000000100006254000,MINBE,U,7.210,6.700
MATERIAL,000000000010000625,0001000242,MARC,0000000000100006254000,MABST,U,13.324,8.400
MATERIAL,000000000010000632,0001000243,MARC,0000000000100006324000,MINBE,U,2.239,2.900
MATERIAL,000000000010000632,0001000243,MARC,0000000000100006324000,MABST,U,5.982,5.800
MATERIAL,000000000080000142,0001000244,MARC,0000000000800001424000,MINBE,U,4.042,2.800
MATERIAL,000000000080000142,0001000244,MARC,0000000000800001424000,MABST,U,6.593,5.900
MATERIAL,000000000010000634,0001000245,MARC,0000000000100006341000,MINBE,U,11.226,14.500
MATERIAL,000000000010000634,0001000245,MARC,0000000000100006341000,MABST,U,154.463,119.000
MATERIAL,000000000010000636,0001000246,MARC,0000000000100006362000,MINBE,U,5.342,4.200
MATERIAL,000000000010000636,0001000246,MARC,0000000000100006362000,MABST,U,5.378,5.200
MATERIAL,000000000030000142,0001000247,MARC,0000000000300001422000,MINBE,U,0.000,8.800
MATERIAL,000000000030000142,0001000247,MARC,0000000000300001422000,MABST,U,0.000,15.100
MATERIAL,000000000080000144,0001000248,MARC,0000000000800001441000,MINBE,U,8.870,6.000
MATERIAL,000000000080000144,0001000248,MARC,0000000000800001441000,MABST,U,8.870,7.600
MATERIAL,000000000010000639,0001000249,MARC,0000000000100006392000,MINBE,U,14.109,17.100
MATERIAL,000000000010000639,0001000249,MARC,0000000000100006392000,MABST,U,15.965,22.700
MATERIAL,000000000010000642,0001000250,MARC,0000000000100006424000,MINBE,U,19.276,25.500
MATERIAL,000000000010000642,0001000250,MARC,0000000000100006424000,MABST,U,116.834,68.800
MATERIAL,000000000030000144,0001000251,MARC,0000000000300001444000,MINBE,U,0.000,8.000
MATERIAL,000000000030000144,0001000251,MARC,0000000000300001444000,MABST,U,0.000,13.800
MATERIAL,000000000010000648,0001000252,MARC,0000000000100006482000,MINBE,U,7.514,5.400
MATERIAL,000000000010000648,0001000252,MARC,0000000000100006482000,MABST,U,11.224,6.900
MATERIAL,000000000010000649,0001000253,MARC,0000000000100006491000,MINBE,U,4.992,4.900
MATERIAL,000000000010000649,0001000253,MARC,0000000000100006491000,MABST,U,13.575,8.500
MATERIAL,000000000010000652,0001000254,MARC,0000000000100006522000,MINBE,U,11.357,10.100
MATERIAL,000000000010000652,0001000254,MARC,0000000000100006522000,MABST,U,15.689,13.600
MATERIAL,000000000010000653,0001000255,MARC,0000000000100006532000,MINBE,U,11.095,6.400
MATERIAL,000000000010000653,0001000255,MARC,0000000000100006532000,MABST,U,14.540,8.700
MATERIAL,000000000080000145,0001000256,MARC,0000000000800001453000,MINBE,U,5.130,3.000
MATERIAL,000000000080000145,0001000256,MARC,0000000000800001453000,MABST,U,7.439,5.900
MATERIAL,000000000080000145,0001000257,MARC,0000000000800001452000,MINBE,U,3.232,3.500
MATERIAL,000000000080000145,0001000257,MARC,0000000000800001452000,MABST,U,5.586,6.500
MATERIAL,000000000010000657,0001000258,MARC,0000000000100006571000,MINBE,U,3.768,6.400
MATERIAL,000000000010000657,0001000258,MARC,0000000000100006571000,MABST,U,9.042,10.000
MATERIAL,000000000010000659,0001000259,MARC,0000000000100006592000,MINBE,U,18.301,15.600
MATERIAL,000000000010000659,0001000259,MARC,0000000000100006592000,MABST,U,28.478,20.900
MATERIAL,000000000010000660,0001000260,MARC,0000000000100006602000,MINBE,U,3.599,3.900
MATERIAL,000000000010000660,0001000260,MARC,0000000000100006602000,MABST,U,8.303,5.000
MATERIAL,000000000010000661,0001000261,MARC,0000000000100006612000,MINBE,U,9.646,6.200
MATERIAL,000000000010000661,0001000261,MARC,0000000000100006612000,MABST,U,13.521,8.700
MATERIAL,000000000010000662,0001000262,MARC,0000000000100006621000,MINBE,U,5.522,8.900
MATERIAL,000000000010000662,0001000262,MARC,0000000000100006621000,MABST,U,12.485,13.400
MATERIAL,000000000010000664,0001000263,MARC,0000000000100006641000,MINBE,U,7.913,4.800
MATERIAL,000000000010000664,0001000263,MARC,0000000000100006641000,MABST,U,16.386,9.300
MATERIAL,000000000010000667,0001000264,MARC,0000000000100006673000,MINBE,U,1.208,0.800
MATERIAL,000000000010000667,0001000264,MARC,0000000000100006673000,MABST,U,1.678,1.200
MATERIAL,000000000010000669,0001000265,MARC,0000000000100006691000,MINBE,U,6.117,9.800
MATERIAL,000000000010000669,0001000265,MARC,0000000000100006691000,MABST,U,22.192,12.300
MATERIAL,000000000010000669,0001000266,MARC,0000000000100006693000,MINBE,U,7.079,11.300
MATERIAL,000000000010000669,0001000266,MARC,0000000000100006693000,MABST,U,17.178,14.600
MATERIAL,000000000010000672,0001000267,MARC,0000000000100006722000,MINBE,U,34.274,27.300
MATERIAL,000000000010000672,0001000267,MARC,0000000000100006722000,MABST,U,92.089,55.400
MATERIAL,000000000010000677,0001000268,MARC,0000000000100006774000,MINBE,U,25.018,31.600
MATERIAL,000000000010000677,0001000268,MARC,0000000000100006774000,MABST,U,63.633,73.600
MATERIAL,000000000030000154,0001000269,MARC,0000000000300001543000,MINBE,U,0.000,15.300
MATERIAL,000000000030000154,0001000269,MARC,0000000000300001543000,MABST,U,0.000,21.200
MATERIAL,000000000030000155,0001000270,MARC,0000000000300001552000,MINBE,U,0.000,7.100
MATERIAL,000000000030000155,0001000270,MARC,0000000000300001552000,MABST,U,0.000,10.700
MATERIAL,000000000010000681,0001000271,MARC,0000000000100006811000,MINBE,U,3.276,5.200
MATERIAL,000000000010000681,0001000271,MARC,0000000000100006811000,MABST,U,10.746,8.600
MATERIAL,000000000010000682,0001000272,MARC,0000000000100006824000,MINBE,U,17.246,9.800
MATERIAL,000000000010000682,0001000272,MARC,0000000000100006824000,MABST,U,36.587,35.200
MATERIAL,000000000080000153,0001000273,MARC,0000000000800001534000,MINBE,U,3.130,2.600
MATERIAL,000000000080000153,0001000273,MARC,0000000000800001534000,MABST,U,12.168,7.500
MATERIAL,000000000010000688,0001000274,MARC,0000000000100006883000,MINBE,U,73.175,41.100
MATERIAL,000000000010000688,0001000274,MARC,0000000000100006883000,MABST,U,111.211,116.000
MATERIAL,000000000010000689,0001000275,MARC,0000000000100006894000,MINBE,U,9.423,5.800
MATERIAL,000000000010000689,0001000275,MARC,0000000000100006894000,MABST,U,10.640,7.000
MATERIAL,000000000080000156,0001000276,MARC,0000000000800001563000,MINBE,U,3.913,3.900
MATERIAL,000000000080000156,0001000276,MARC,0000000000800001563000,MABST,U,10.196,8.800
MATERIAL,000000000080000157,0001000277,MARC,0000000000800001572000,MINBE,U,1.147,2.600
MATERIAL,000000000080000157,0001000277,MARC,0000000000800001572000,MABST,U,4.042,5.700
MATERIAL,000000000010000699,0001000278,MARC,0000000000100006994000,MINBE,U,70.235,44.300
MATERIAL,000000000010000699,0001000278,MARC,0000000000100006994000,MABST,U,271.366,150.900
MATERIAL,000000000080000160,0001000279,MARC,0000000000800001604000,MINBE,U,5.365,3.300
MATERIAL,000000000080000160,0001000279,MARC,0000000000800001604000,MABST,U,5.365,5.400
MATERIAL,000000000010000718,0001000280,MARC,0000000000100007183000,MINBE,U,34.948,23.900
MATERIAL,000000000010000718,0001000280,MARC,0000000000100007183000,MABST,U,71.748,54.300
MATERIAL,000000000010000719,0001000281,MARC,0000000000100007191000,MINBE,U,0.653,0.800
MATERIAL,000000000010000719,0001000281,MARC,0000000000100007191000,MABST,U,1.620,1.400
MATERIAL,000000000010000720,0001000282,MARC,0000000000100007201000,MINBE,U,10.557,5.800
MATERIAL,000000000010000720,0001000282,MARC,0000000000100007201000,MABST,U,12.582,8.100
MATERIAL,000000000010000721,0001000283,MARC,0000000000100007212000,MINBE,U,76.798,57.900
MATERIAL,000000000010000721,0001000283,MARC,0000000000100007212000,MABST,U,261.546,162.400
MATERIAL,000000000010000727,0001000284,MARC,0000000000100007273000,MINBE,U,2.190,1.400
MATERIAL,000000000010000727,0001000284,MARC,0000000000100007273000,MABST,U,2.190,1.800
MATERIAL,000000000010000730,0001000285,MARC,0000000000100007302000,MINBE,U,8.656,8.000
MATERIAL,000000000010000730,0001000285,MARC,0000000000100007302000,MABST,U,8.656,10.200
MATERIAL,000000000010000733,0001000286,MARC,0000000000100007332000,MINBE,U,2.119,1.900
MATERIAL,000000000010000733,0001000286,MARC,0000000000100007332000,MABST,U,4.685,3.400
MATERIAL,000000000080000164,0001000287,MARC,0000000000800001644000,MINBE,U,6.627,6.600
MATERIAL,000000000080000164,0001000287,MARC,0000000000800001644000,MABST,U,10.514,11.700
MATERIAL,000000000010000737,0001000288,MARC,0000000000100007373000,MINBE,U,140.096,81.600
MATERIAL,000000000010000737,0001000288,MARC,0000000000100007373000,MABST,U,209.627,190.700
MATERIAL,000000000010000739,0001000289,MARC,0000000000100007393000,MINBE,U,3.996,6.400
MATERIAL,000000000010000739,0001000289,MARC,0000000000100007393000,MABST,U,12.105,12.500
MATERIAL,000000000080000165,0001000290,MARC,0000000000800001652000,MINBE,U,8.881,5.200
MATERIAL,000000000080000165,0001000290,MARC,0000000000800001652000,MABST,U,10.673,8.400
MATERIAL,000000000010000744,0001000291,MARC,0000000000100007443000,MINBE,U,4.187,8.400
MATERIAL,000000000010000744,0001000291,MARC,0000000000100007443000,MABST,U,18.641,14.000
MATERIAL,000000000010000745,0001000292,MARC,0000000000100007454000,MINBE,U,1.803,1.200
MATERIAL,000000000010000745,0001000292,MARC,0000000000100007454000,MABST,U,2.264,1.700
MATERIAL,000000000010000745,0001000293,MARC,0000000000100007453000,MINBE,U,2.119,1.600
MATERIAL,000000000010000745,0001000293,MARC,0000000000100007453000,MABST,U,2.119,2.400
MATERIAL,000000000080000167,0001000294,MARC,0000000000800001674000,MINBE,U,1.701,1.700
MATERIAL,000000000080000167,0001000294,MARC,0000000000800001674000,MABST,U,7.795,4.500
MATERIAL,000000000010000751,0001000295,MARC,0000000000100007512000,MINBE,U,1.220,2.400
MATERIAL,000000000010000751,0001000295,MARC,0000000000100007512000,MABST,U,5.179,3.900
MATERIAL,000000000010000752,0001000296,MARC,0000000000100007521000,MINBE,U,7.236,4.400
MATERIAL,000000000010000752,0001000296,MARC,0000000000100007521000,MABST,U,7.236,5.800
MATERIAL,000000000080000171,0001000297,MARC,0000000000800001714000,MINBE,U,14.092,11.400
MATERIAL,000000000080000171,0001000297,MARC,0000000000800001714000,MABST,U,14.340,16.900
MATERIAL,000000000080000171,0001000298,MARC,0000000000800001711000,MINBE,U,25.107,17.000
MATERIAL,000000000080000171,0001000298,MARC,0000000000800001711000,MABST,U,44.517,26.000
MATERIAL,000000000010000756,0001000299,MARC,0000000000100007562000,MINBE,U,2.773,5.000
MATERIAL,000000000010000756,0001000299,MARC,0000000000100007562000,MABST,U,10.228,6.600
MATERIAL,000000000080000172,0001000300,MARC,0000000000800001722000,MINBE,U,24.435,13.800
MATERIAL,000000000080000172,0001000300,MARC,0000000000800001722000,MABST,U,24.435,19.200
MATERIAL,000000000080000173,0001000301,MARC,0000000000800001732000,MINBE,U,2.372,2.800
MATERIAL,000000000080000173,0001000301,MARC,0000000000800001732000,MABST,U,8.501,8.300
MATERIAL,000000000010000761,0001000302,MARC,0000000000100007611000,MINBE,U,10.150,12.700
MATERIAL,000000000010000761,0001000302,MARC,0000000000100007611000,MABST,U,22.737,16.900
MATERIAL,000000000010000766,0001000303,MARC,0000000000100007663000,MINBE,U,1.933,1.900
MATERIAL,000000000010000766,0001000303,MARC,0000000000100007663000,MABST,U,6.058,3.400
MATERIAL,000000000080000176,0001000304,MARC,0000000000800001761000,MINBE,U,3.375,2.500
MATERIAL,000000000080000176,0001000304,MARC,0000000000800001761000,MABST,U,3.375,4.000
MATERIAL,000000000010000771,0001000305,MARC,0000000000100007711000,MINBE,U,1.461,2.300
MATERIAL,000000000010000771,0001000305,MARC,0000000000100007711000,MABST,U,5.694,4.000
MATERIAL,000000000080000177,0001000306,MARC,0000000000800001774000,MINBE,U,10.365,7.200
MATERIAL,000000000080000177,0001000306,MARC,0000000000800001774000,MABST,U,11.269,11.200
MATERIAL,000000000010000776,0001000307,MARC,0000000000100007762000,MINBE,U,45.984,26.900
MATERIAL,000000000010000776,0001000307,MARC,0000000000100007762000,MABST,U,182.704,138.400
MATERIAL,000000000080000179,0001000308,MARC,0000000000800001791000,MINBE,U,3.038,2.300
MATERIAL,000000000080000179,0001000308,MARC,0000000000800001791000,MABST,U,4.636,3.700
MATERIAL,000000000080000179,0001000309,MARC,0000000000800001794000,MINBE,U,10.050,9.700
MATERIAL,000000000080000179,0001000309,MARC,0000000000800001794000,MABST,U,25.069,17.200
MATERIAL,000000000010000780,0001000310,MARC,0000000000100007803000,MINBE,U,1.432,1.600
MATERIAL,000000000010000780,0001000310,MARC,0000000000100007803000,MABST,U,1.761,2.200
MATERIAL,000000000010000782,0001000311,MARC,0000000000100007823000,MINBE,U,18.698,11.900
MATERIAL,000000000010000782,0001000311,MARC,0000000000100007823000,MABST,U,101.572,68.500
MATERIAL,000000000010000784,0001000312,MARC,0000000000100007844000,MINBE,U,16.004,26.300
MATERIAL,000000000010000784,0001000312,MARC,0000000000100007844000,MABST,U,51.850,59.400
MATERIAL,000000000030000180,0001000313,MARC,0000000000300001804000,MINBE,U,0.000,6.900
MATERIAL,000000000030000180,0001000313,MARC,0000000000300001804000,MABST,U,0.000,11.200
MATERIAL,000000000080000180,0001000314,MARC,0000000000800001801000,MINBE,U,10.000,7.500
MATERIAL,000000000080000180,0001000314,MARC,0000000000800001801000,MABST,U,23.225,13.400
MATERIAL,000000000010000786,0001000315,MARC,0000000000100007861000,MINBE,U,5.602,4.700
MATERIAL,000000000010000786,0001000315,MARC,0000000000100007861000,MABST,U,7.384,7.700
MATERIAL,000000000010000790,0001000316,MARC,0000000000100007902000,MINBE,U,1.892,1.900
MATERIAL,000000000010000790,0001000316,MARC,0000000000100007902000,MABST,U,1.892,2.500
MATERIAL,000000000030000181,0001000317,MARC,0000000000300001811000,MINBE,U,0.000,9.000
MATERIAL,000000000030000181,0001000317,MARC,0000000000300001811000,MABST,U,0.000,12.500
MATERIAL,000000000010000798,0001000318,MARC,0000000000100007982000,MINBE,U,59.179,34.100
MATERIAL,000000000010000798,0001000318,MARC,0000000000100007982000,MABST,U,254.687,161.100
MATERIAL,000000000030000184,0001000319,MARC,0000000000300001841000,MINBE,U,0.000,1.500
MATERIAL,000000000030000184,0001000319,MARC,0000000000300001841000,MABST,U,0.000,3.200
MATERIAL,000000000010000799,0001000320,MARC,0000000000100007991000,MINBE,U,8.111,16.400
MATERIAL,000000000010000799,0001000320,MARC,0000000000100007991000,MABST,U,36.427,21.900
MATERIAL,000000000080000183,0001000321,MARC,0000000000800001831000,MINBE,U,5.495,5.900
MATERIAL,000000000080000183,0001000321,MARC,0000000000800001831000,MABST,U,15.137,10.700
MATERIAL,000000000010000801,0001000322,MARC,0000000000100008013000,MINBE,U,9.634,10.200
MATERIAL,000000000010000801,0001000322,MARC,0000000000100008013000,MABST,U,11.172,13.700
MATERIAL,000000000010000802,0001000323,MARC,0000000000100008022000,MINBE,U,7.212,6.300
MATERIAL,000000000010000802,0001000323,MARC,0000000000100008022000,MABST,U,15.137,9.200
MATERIAL,000000000010000803,0001000324,MARC,0000000000100008031000,MINBE,U,9.126,8.700
MATERIAL,000000000010000803,0001000324,MARC,0000000000100008031000,MABST,U,15.423,11.400
MATERIAL,000000000010000807,0001000325,MARC,0000000000100008072000,MINBE,U,3.268,5.500
MATERIAL,000000000010000807,0001000325,MARC,0000000000100008072000,MABST,U,7.365,10.200
MATERIAL,000000000030000187,0001000326,MARC,0000000000300001871000,MINBE,U,0.000,6.900
MATERIAL,000000000030000187,0001000326,MARC,0000000000300001871000,MABST,U,0.000,9.800
MATERIAL,000000000010000811,0001000327,MARC,0000000000100008114000,MINBE,U,2.754,2.400
MATERIAL,000000000010000811,0001000327,MARC,0000000000100008114000,MABST,U,3.788,3.600
MATERIAL,000000000010000815,0001000328,MARC,0000000000100008153000,MINBE,U,17.531,12.300
MATERIAL,000000000010000815,0001000328,MARC,0000000000100008153000,MABST,U,17.531,17.700
MATERIAL,000000000030000190,0001000329,MARC,0000000000300001904000,MINBE,U,0.000,7.800
MATERIAL,000000000030000190,0001000329,MARC,0000000000300001904000,MABST,U,0.000,10.100
MATERIAL,000000000010000816,0001000330,MARC,0000000000100008163000,MINBE,U,2.914,2.900
MATERIAL,000000000010000816,0001000330,MARC,0000000000100008163000,MABST,U,5.883,6.500
MATERIAL,000000000010000817,0001000331,MARC,0000000000100008172000,MINBE,U,16.968,11.900
MATERIAL,000000000010000817,0001000331,MARC,0000000000100008172000,MABST,U,26.375,15.400
MATERIAL,000000000010000829,0001000332,MARC,0000000000100008291000,MINBE,U,0.945,0.600
MATERIAL,000000000010000829,0001000332,MARC,0000000000100008291000,MABST,U,2.568,2.400
MATERIAL,000000000080000188,0001000333,MARC,0000000000800001882000,MINBE,U,12.114,8.500
MATERIAL,000000000080000188,0001000333,MARC,0000000000800001882000,MABST,U,18.470,14.000
MATERIAL,000000000010000834,0001000334,MARC,0000000000100008343000,MINBE,U,42.069,75.300
MATERIAL,000000000010000834,0001000334,MARC,0000000000100008343000,MABST,U,167.075,119.800
MATERIAL,000000000080000190,0001000335,MARC,0000000000800001904000,MINBE,U,5.124,3.000
MATERIAL,000000000080000190,0001000335,MARC,0000000000800001904000,MABST,U,7.411,6.000
MATERIAL,000000000030000201,0001000336,MARC,0000000000300002013000,MINBE,U,0.000,7.300
MATERIAL,000000000030000201,0001000336,MARC,0000000000300002013000,MABST,U,0.000,13.300
MATERIAL,000000000010000850,0001000337,MARC,0000000000100008503000,MINBE,U,20.342,11.300
MATERIAL,000000000010000850,0001000337,MARC,0000000000100008503000,MABST,U,23.489,17.100
MATERIAL,000000000010000851,0001000338,MARC,0000000000100008511000,MINBE,U,96.627,58.200
MATERIAL,000000000010000851,0001000338,MARC,0000000000100008511000,MABST,U,153.691,126.200
MATERIAL,000000000010000854,0001000339,MARC,0000000000100008543000,MINBE,U,7.159,6.000
MATERIAL,000000000010000854,0001000339,MARC,0000000000100008543000,MABST,U,43.419,39.000
MATERIAL,000000000010000859,0001000340,MARC,0000000000100008592000,MINBE,U,9.367,7.100
MATERIAL,000000000010000859,0001000340,MARC,0000000000100008592000,MABST,U,57.210,34.600
MATERIAL,000000000010000864,0001000341,MARC,0000000000100008641000,MINBE,U,23.089,15.000
MATERIAL,000000000010000864,0001000341,MARC,0000000000100008641000,MABST,U,57.100,42.600
MATERIAL,000000000010000864,0001000342,MARC,0000000000100008642000,MINBE,U,13.224,24.700
MATERIAL,000000000010000864,0001000342,MARC,0000000000100008642000,MABST,U,73.835,69.200
MATERIAL,000000000010000865,0001000343,MARC,0000000000100008654000,MINBE,U,241.035,136.300
MATERIAL,000000000010000865,0001000343,MARC,0000000000100008654000,MABST,U,241.035,226.700
MATERIAL,000000000010000867,0001000344,MARC,0000000000100008674000,MINBE,U,24.188,14.900
MATERIAL,000000000010000867,0001000344,MARC,0000000000100008674000,MABST,U,24.188,20.900
MATERIAL,000000000010000871,0001000345,MARC,0000000000100008714000,MINBE,U,5.547,4.500
MATERIAL,000000000010000871,0001000345,MARC,0000000000100008714000,MABST,U,13.567,9.900
MATERIAL,000000000080000199,0001000346,MARC,0000000000800001994000,MINBE,U,1.601,2.700
MATERIAL,000000000080000199,0001000346,MARC,0000000000800001994000,MABST,U,7.712,8.000
MATERIAL,000000000010000880,0001000347,MARC,0000000000100008804000,MINBE,U,70.281,42.900
MATERIAL,000000000010000880,0001000347,MARC,0000000000100008804000,MABST,U,158.143,94.000
MATERIAL,000000000010000886,0001000348,MARC,0000000000100008863000,MINBE,U,8.105,9.800
MATERIAL,000000000010000886,0001000348,MARC,0000000000100008863000,MABST,U,14.735,15.300
MATERIAL,000000000010000887,0001000349,MARC,0000000000100008873000,MINBE,U,10.995,8.200
MATERIAL,000000000010000887,0001000349,MARC,0000000000100008873000,MABST,U,18.454,11.400
MATERIAL,000000000010000893,0001000350,MARC,0000000000100008934000,MINBE,U,4.710,5.100
MATERIAL,000000000010000893,0001000350,MARC,0000000000100008934000,MABST,U,10.321,9.300
MATERIAL,000000000010000894,0001000351,MARC,0000000000100008942000,MINBE,U,10.258,14.200
MATERIAL,000000000010000894,0001000351,MARC,0000000000100008942000,MABST,U,68.533,75.200
MATERIAL,000000000080000201,0001000352,MARC,0000000000800002011000,MINBE,U,6.441,6.500
MATERIAL,000000000080000201,0001000352,MARC,0000000000800002011000,MABST,U,9.775,13.400
MATERIAL,000000000080000202,0001000353,MARC,0000000000800002023000,MINBE,U,4.761,3.100
MATERIAL,000000000080000202,0001000353,MARC,0000000000800002023000,MABST,U,5.681,5.600
MATERIAL,000000000010000903,0001000354,MARC,0000000000100009032000,MINBE,U,8.713,7.300
MATERIAL,000000000010000903,0001000354,MARC,0000000000100009032000,MABST,U,8.713,9.300
MATERIAL,000000000010000904,0001000355,MARC,0000000000100009044000,MINBE,U,6.187,9.400
MATERIAL,000000000010000904,0001000355,MARC,0000000000100009044000,MABST,U,12.028,12.900
MATERIAL,000000000010000905,0001000356,MARC,0000000000100009054000,MINBE,U,4.239,6.000
MATERIAL,000000000010000905,0001000356,MARC,0000000000100009054000,MABST,U,11.794,8.500
MATERIAL,000000000080000204,0001000357,MARC,0000000000800002044000,MINBE,U,5.624,5.500
MATERIAL,000000000080000204,0001000357,MARC,0000000000800002044000,MABST,U,15.298,11.100
MATERIAL,000000000030000224,0001000358,MARC,0000000000300002243000,MINBE,U,0.000,3.100
MATERIAL,000000000030000224,0001000358,MARC,0000000000300002243000,MABST,U,0.000,9.100
MATERIAL,000000000080000206,0001000359,MARC,0000000000800002061000,MINBE,U,1.362,3.400
MATERIAL,000000000080000206,0001000359,MARC,0000000000800002061000,MABST,U,5.229,5.800
MATERIAL,000000000080000208,0001000360,MARC,0000000000800002083000,MINBE,U,2.987,1.900
MATERIAL,000000000080000208,0001000360,MARC,0000000000800002083000,MABST,U,2.987,2.800
MATERIAL,000000000010000917,0001000361,MARC,0000000000100009171000,MINBE,U,202.671,119.900
MATERIAL,000000000010000917,0001000361,MARC,0000000000100009171000,MABST,U,359.149,223.400
MATERIAL,000000000010000918,0001000362,MARC,0000000000100009181000,MINBE,U,11.472,8.400
MATERIAL,000000000010000918,0001000362,MARC,0000000000100009181000,MABST,U,19.889,11.500
MATERIAL,000000000080000210,0001000363,MARC,0000000000800002103000,MINBE,U,1.256,1.000
MATERIAL,000000000080000210,0001000363,MARC,0000000000800002103000,MABST,U,4.661,3.100
MATERIAL,000000000010000931,0001000364,MARC,0000000000100009314000,MINBE,U,4.706,4.600
MATERIAL,000000000010000931,0001000364,MARC,0000000000100009314000,MABST,U,7.335,6.000
MATERIAL,000000000010000932,0001000365,MARC,0000000000100009321000,MINBE,U,15.032,12.100
MATERIAL,000000000010000932,0001000365,MARC,0000000000100009321000,MABST,U,27.879,16.200
MATERIAL,000000000080000219,0001000366,MARC,0000000000800002193000,MINBE,U,2.921,3.700
MATERIAL,000000000080000219,0001000366,MARC,0000000000800002193000,MABST,U,11.841,8.400
MATERIAL,000000000080000220,0001000367,MARC,0000000000800002203000,MINBE,U,6.208,5.600
MATERIAL,000000000080000220,0001000367,MARC,0000000000800002203000,MABST,U,15.454,9.300
MATERIAL,000000000010000939,0001000368,MARC,0000000000100009393000,MINBE,U,2.421,2.000
MATERIAL,000000000010000939,0001000368,MARC,0000000000100009393000,MABST,U,3.621,2.600
MATERIAL,000000000010000943,0001000369,MARC,0000000000100009431000,MINBE,U,8.581,4.900
MATERIAL,000000000010000943,0001000369,MARC,0000000000100009431000,MABST,U,8.581,6.500
MATERIAL,000000000010000948,0001000370,MARC,0000000000100009483000,MINBE,U,1.300,0.800
MATERIAL,000000000010000948,0001000370,MARC,0000000000100009483000,MABST,U,2.385,2.900
MATERIAL,000000000080000225,0001000371,MARC,0000000000800002251000,MINBE,U,6.220,3.700
MATERIAL,000000000080000225,0001000371,MARC,0000000000800002251000,MABST,U,8.224,7.800
MATERIAL,000000000080000227,0001000372,MARC,0000000000800002271000,MINBE,U,0.610,1.200
MATERIAL,000000000080000227,0001000372,MARC,0000000000800002271000,MABST,U,3.400,2.800
MATERIAL,000000000010000952,0001000373,MARC,0000000000100009524000,MINBE,U,4.360,2.600
MATERIAL,000000000010000952,0001000373,MARC,0000000000100009524000,MABST,U,18.161,10.600
MATERIAL,000000000010000954,0001000374,MARC,0000000000100009544000,MINBE,U,59.536,35.600
MATERIAL,000000000010000954,0001000374,MARC,0000000000100009544000,MABST,U,73.481,99.500
MATERIAL,000000000010000958,0001000375,MARC,0000000000100009584000,MINBE,U,9.295,5.800
MATERIAL,000000000010000958,0001000375,MARC,0000000000100009584000,MABST,U,11.707,7.300
MATERIAL,000000000080000232,0001000376,MARC,0000000000800002321000,MINBE,U,3.413,3.200
MATERIAL,000000000080000232,0001000376,MARC,0000000000800002321000,MABST,U,8.136,5.200
MATERIAL,000000000010000963,0001000377,MARC,0000000000100009632000,MINBE,U,4.244,3.300
MATERIAL,000000000010000963,0001000377,MARC,0000000000100009632000,MABST,U,8.955,7.000
MATERIAL,000000000010000969,0001000378,MARC,0000000000100009692000,MINBE,U,4.058,5.500
MATERIAL,000000000010000969,0001000378,MARC,0000000000100009692000,MABST,U,8.996,8.400
MATERIAL,000000000010000970,0001000379,MARC,0000000000100009703000,MINBE,U,33.361,77.600
MATERIAL,000000000010000970,0001000379,MARC,0000000000100009703000,MABST,U,183.862,121.500
MATERIAL,000000000010000972,0001000380,MARC,0000000000100009721000,MINBE,U,6.203,4.600
MATERIAL,000000000010000972,0001000380,MARC,0000000000100009721000,MABST,U,6.678,6.800
MATERIAL,000000000010000973,0001000381,MARC,0000000000100009732000,MINBE,U,55.796,40.900
MATERIAL,000000000010000973,0001000381,MARC,0000000000100009732000,MABST,U,81.405,107.500
MATERIAL,000000000010000975,0001000382,MARC,0000000000100009751000,MINBE,U,24.351,49.900
MATERIAL,000000000010000975,0001000382,MARC,0000000000100009751000,MABST,U,87.816,87.200
MATERIAL,000000000010000982,0001000383,MARC,0000000000100009824000,MINBE,U,5.202,3.200
MATERIAL,000000000010000982,0001000383,MARC,0000000000100009824000,MABST,U,7.216,6.600
MATERIAL,000000000080000237,0001000384,MARC,0000000000800002374000,MINBE,U,0.680,1.200
MATERIAL,000000000080000237,0001000384,MARC,0000000000800002374000,MABST,U,6.072,4.100
MATERIAL,000000000010000989,0001000385,MARC,0000000000100009891000,MINBE,U,2.946,1.700
MATERIAL,000000000010000989,0001000385,MARC,0000000000100009891000,MABST,U,3.416,2.200
MATERIAL,000000000080000240,0001000386,MARC,0000000000800002403000,MINBE,U,1.152,0.900
MATERIAL,000000000080000240,0001000386,MARC,0000000000800002403000,MABST,U,4.061,2.500
MATERIAL,000000000010000994,0001000387,MARC,0000000000100009941000,MINBE,U,1.551,2.100
MATERIAL,000000000010000994,0001000387,MARC,0000000000100009941000,MABST,U,4.062,3.600
MATERIAL,000000000010000996,0001000388,MARC,0000000000100009963000,MINBE,U,22.636,22.700
MATERIAL,000000000010000996,0001000388,MARC,0000000000100009963000,MABST,U,69.377,69.700
MATERIAL,000000000010000997,0001000389,MARC,0000000000100009974000,MINBE,U,58.927,52.800
MATERIAL,000000000010000997,0001000389,MARC,0000000000100009974000,MABST,U,144.956,95.900
MATERIAL,000000000010000998,0001000390,MARC,0000000000100009984000,MINBE,U,27.644,20.900
MATERIAL,000000000010000998,0001000390,MARC,0000000000100009984000,MABST,U,27.644,28.600
MATERIAL,000000000010000999,0001000391,MARC,0000000000100009992000,MINBE,U,16.006,12.500
MATERIAL,000000000010000999,0001000391,MARC,0000000000100009992000,MABST,U,16.006,16.400
MATERIAL,000000000010001002,0001000392,MARC,0000000000100010024000,MINBE,U,4.041,4.600
MATERIAL,000000000010001002,0001000392,MARC,0000000000100010024000,MABST,U,5.663,5.800
MATERIAL,000000000080000241,0001000393,MARC,0000000000800002411000,MINBE,U,1.953,1.900
MATERIAL,000000000080000241,0001000393,MARC,0000000000800002411000,MABST,U,6.200,4.000
MATERIAL,000000000080000241,0001000394,MARC,0000000000800002414000,MINBE,U,2.295,1.800
MATERIAL,000000000080000241,0001000394,MARC,0000000000800002414000,MABST,U,3.620,3.800
MATERIAL,000000000010001007,0001000395,MARC,0000000000100010074000,MINBE,U,3.107,2.000
MATERIAL,000000000010001007,0001000395,MARC,0000000000100010074000,MABST,U,3.475,2.800
MATERIAL,000000000010001008,0001000396,MARC,0000000000100010083000,MINBE,U,3.534,3.900
MATERIAL,000000000010001008,0001000396,MARC,0000000000100010083000,MABST,U,7.009,6.300
MATERIAL,000000000010001009,0001000397,MARC,0000000000100010092000,MINBE,U,1.344,1.800
MATERIAL,000000000010001009,0001000397,MARC,0000000000100010092000,MABST,U,5.362,3.300
MATERIAL,000000000080000244,0001000398,MARC,0000000000800002443000,MINBE,U,1.302,1.200
MATERIAL,000000000080000244,0001000398,MARC,0000000000800002443000,MABST,U,2.306,2.600
MATERIAL,000000000080000245,0001000399,MARC,0000000000800002453000,MINBE,U,2.410,5.200
MATERIAL,000000000080000245,0001000399,MARC,0000000000800002453000,MABST,U,17.877,10.600
MATERIAL,000000000080000248,0001000400,MARC,0000000000800002482000,MINBE,U,3.485,2.100
MATERIAL,000000000080000248,0001000400,MARC,0000000000800002482000,MABST,U,4.233,3.100
MATERIAL,000000000080000250,0001000401,MARC,0000000000800002503000,MINBE,U,6.222,4.900
MATERIAL,000000000080000250,0001000401,MARC,0000000000800002503000,MABST,U,13.115,9.000
MATERIAL,000000000080000252,0001000402,MARC,0000000000800002522000,MINBE,U,1.084,1.200
MATERIAL,000000000080000252,0001000402,MARC,0000000000800002522000,MABST,U,3.577,3.200
MATERIAL,000000000010001022,0001000403,MARC,0000000000100010224000,MINBE,U,0.798,0.700
MATERIAL,000000000010001022,0001000403,MARC,0000000000100010224000,MABST,U,1.803,1.100
MATERIAL,000000000080000253,0001000404,MARC,0000000000800002533000,MINBE,U,1.948,3.000
MATERIAL,000000000080000253,0001000404,MARC,0000000000800002533000,MABST,U,4.843,4.000
MATERIAL,000000000010001024,0001000405,MARC,0000000000100010244000,MINBE,U,62.612,90.900
MATERIAL,000000000010001024,0001000405,MARC,0000000000100010244000,MABST,U,108.248,144.900
MATERIAL,000000000010001027,0001000406,MARC,0000000000100010273000,MINBE,U,71.494,64.000
MATERIAL,000000000010001027,0001000406,MARC,0000000000100010273000,MABST,U,126.445,145.200
MATERIAL,000000000010001028,0001000407,MARC,0000000000100010281000,MINBE,U,2.626,4.500
MATERIAL,000000000010001028,0001000407,MARC,0000000000100010281000,MABST,U,10.789,6.000
MATERIAL,000000000010001031,0001000408,MARC,0000000000100010314000,MINBE,U,1.520,1.200
MATERIAL,000000000010001031,0001000408,MARC,0000000000100010314000,MABST,U,4.044,2.300
MATERIAL,000000000010001034,0001000409,MARC,0000000000100010343000,MINBE,U,8.382,13.600
MATERIAL,000000000010001034,0001000409,MARC,0000000000100010343000,MABST,U,13.887,18.700
MATERIAL,000000000010001037,0001000410,MARC,0000000000100010372000,MINBE,U,1.732,1.200
MATERIAL,000000000010001037,0001000410,MARC,0000000000100010372000,MABST,U,2.616,2.600
MATERIAL,000000000010001044,0001000411,MARC,0000000000100010441000,MINBE,U,20.680,51.100
MATERIAL,000000000010001044,0001000411,MARC,0000000000100010441000,MABST,U,87.829,121.000
MATERIAL,000000000010001046,0001000412,MARC,0000000000100010463000,MINBE,U,2.483,2.400
MATERIAL,000000000010001046,0001000412,MARC,0000000000100010463000,MABST,U,3.196,4.200
MATERIAL,000000000080000260,0001000413,MARC,0000000000800002604000,MINBE,U,6.712,14.900
MATERIAL,000000000080000260,0001000413,MARC,0000000000800002604000,MABST,U,22.225,19.100
MATERIAL,000000000030000266,0001000414,MARC,0000000000300002663000,MINBE,U,0.000,13.100
MATERIAL,000000000030000266,0001000414,MARC,0000000000300002663000,MABST,U,0.000,16.600
MATERIAL,000000000010001058,0001000415,MARC,0000000000100010581000,MINBE,U,7.993,4.700
MATERIAL,000000000010001058,0001000415,MARC,0000000000100010581000,MABST,U,7.993,6.100
MATERIAL,000000000010001059,0001000416,MARC,0000000000100010593000,MINBE,U,17.015,16.000
MATERIAL,000000000010001059,0001000416,MARC,0000000000100010593000,MABST,U,17.015,20.400
MATERIAL,000000000080000262,0001000417,MARC,0000000000800002624000,MINBE,U,0.707,0.900
MATERIAL,000000000080000262,0001000417,MARC,0000000000800002624000,MABST,U,2.889,2.400
MATERIAL,000000000010001062,0001000418,MARC,0000000000100010621000,MINBE,U,11.297,11.000
MATERIAL,000000000010001062,0001000418,MARC,0000000000100010621000,MABST,U,11.297,14.000
MATERIAL,000000000010001063,0001000419,MARC,0000000000100010632000,MINBE,U,2.124,3.200
MATERIAL,000000000010001063,0001000419,MARC,0000000000100010632000,MABST,U,4.808,5.000
MATERIAL,000000000010001064,0001000420,MARC,0000000000100010641000,MINBE,U,62.220,67.500
MATERIAL,000000000010001064,0001000420,MARC,0000000000100010641000,MABST,U,141.317,147.000
MATERIAL,000000000010001066,0001000421,MARC,0000000000100010664000,MINBE,U,3.818,4.700
MATERIAL,000000000010001066,0001000421,MARC,0000000000100010664000,MABST,U,9.837,6.500
MATERIAL,000000000010001068,0001000422,MARC,0000000000100010681000,MINBE,U,81.970,68.600
MATERIAL,000000000010001068,0001000422,MARC,0000000000100010681000,MABST,U,298.827,171.000
MATERIAL,000000000010001075,0001000423,MARC,0000000000100010752000,MINBE,U,4.062,2.600
MATERIAL,000000000010001075,0001000423,MARC,0000000000100010752000,MABST,U,4.062,3.200
MATERIAL,000000000010001078,0001000424,MARC,0000000000100010783000,MINBE,U,4.282,5.700
MATERIAL,000000000010001078,0001000424,MARC,0000000000100010783000,MABST,U,11.976,7.100
MATERIAL,000000000080000264,0001000425,MARC,0000000000800002642000,MINBE,U,11.048,6.500
MATERIAL,000000000080000264,0001000425,MARC,0000000000800002642000,MABST,U,11.104,10.600
MATERIAL,000000000010001080,0001000426,MARC,0000000000100010801000,MINBE,U,11.192,12.800
MATERIAL,000000000010001080,0001000426,MARC,0000000000100010801000,MABST,U,29.836,17.300
MATERIAL,000000000030000272,0001000427,MARC,0000000000300002722000,MINBE,U,0.000,9.200
MATERIAL,000000000030000272,0001000427,MARC,0000000000300002722000,MABST,U,0.000,12.400
MATERIAL,000000000010001086,0001000428,MARC,0000000000100010864000,MINBE,U,4.326,4.200
MATERIAL,000000000010001086,0001000428,MARC,0000000000100010864000,MABST,U,6.870,8.900
MATERIAL,000000000010001089,0001000429,MARC,0000000000100010894000,MINBE,U,1.982,1.500
MATERIAL,000000000010001089,0001000429,MARC,0000000000100010894000,MABST,U,5.492,3.200
MATERIAL,000000000010001090,0001000430,MARC,0000000000100010903000,MINBE,U,6.394,4.300
MATERIAL,000000000010001090,0001000430,MARC,0000000000100010903000,MABST,U,6.394,5.900
MATERIAL,000000000010001093,0001000431,MARC,0000000000100010932000,MINBE,U,5.499,3.100
MATERIAL,000000000010001093,0001000431,MARC,0000000000100010932000,MABST,U,5.499,7.100
MATERIAL,000000000010001097,0001000432,MARC,0000000000100010974000,MINBE,U,0.438,0.500
MATERIAL,000000000010001097,0001000432,MARC,0000000000100010974000,MABST,U,1.642,1.000
MATERIAL,000000000080000265,0001000433,MARC,0000000000800002651000,MINBE,U,5.527,6.500
MATERIAL,000000000080000265,0001000433,MARC,0000000000800002651000,MABST,U,17.164,10.800
MATERIAL,000000000010001100,0001000434,MARC,0000000000100011002000,MINBE,U,6.645,5.000
MATERIAL,000000000010001100,0001000434,MARC,0000000000100011002000,MABST,U,6.645,6.200
MATERIAL,000000000010001105,0001000435,MARC,0000000000100011052000,MINBE,U,43.690,50.900
MATERIAL,000000000010001105,0001000435,MARC,0000000000100011052000,MABST,U,122.650,83.000
MATERIAL,000000000010001108,0001000436,MARC,0000000000100011083000,MINBE,U,4.467,2.700
MATERIAL,000000000010001108,0001000436,MARC,0000000000100011083000,MABST,U,8.528,6.500
MATERIAL,000000000010001112,0001000437,MARC,0000000000100011123000,MINBE,U,2.318,3.800
MATERIAL,000000000010001112,0001000437,MARC,0000000000100011123000,MABST,U,9.834,5.700
MATERIAL,000000000010001114,0001000438,MARC,0000000000100011142000,MINBE,U,21.226,15.900
MATERIAL,000000000010001114,0001000438,MARC,0000000000100011142000,MABST,U,31.424,39.500
MATERIAL,000000000080000271,0001000439,MARC,0000000000800002714000,MINBE,U,1.578,2.900
MATERIAL,000000000080000271,0001000439,MARC,0000000000800002714000,MABST,U,4.877,5.200
MATERIAL,000000000010001115,0001000440,MARC,0000000000100011153000,MINBE,U,20.059,21.300
MATERIAL,000000000010001115,0001000440,MARC,0000000000100011153000,MABST,U,40.547,27.300
MATERIAL,000000000010001116,0001000441,MARC,0000000000100011161000,MINBE,U,32.293,29.700
MATERIAL,000000000010001116,0001000441,MARC,0000000000100011161000,MABST,U,98.126,109.500
MATERIAL,000000000010001117,0001000442,MARC,0000000000100011174000,MINBE,U,0.875,0.600
MATERIAL,000000000010001117,0001000442,MARC,0000000000100011174000,MABST,U,0.907,1.100
MATERIAL,000000000010001121,0001000443,MARC,0000000000100011213000,MINBE,U,68.200,54.200
MATERIAL,000000000010001121,0001000443,MARC,0000000000100011213000,MABST,U,167.643,145.800
MATERIAL,000000000010001125,0001000444,MARC,0000000000100011253000,MINBE,U,9.822,6.400
MATERIAL,000000000010001125,0001000444,MARC,0000000000100011253000,MABST,U,12.280,8.900
MATERIAL,000000000010001135,0001000445,MARC,0000000000100011353000,MINBE,U,3.963,3.300
MATERIAL,000000000010001135,0001000445,MARC,0000000000100011353000,MABST,U,7.826,6.200
MATERIAL,000000000080000276,0001000446,MARC,0000000000800002762000,MINBE,U,25.915,15.200
MATERIAL,000000000080000276,0001000446,MARC,0000000000800002762000,MABST,U,38.274,22.700
MATERIAL,000000000010001136,0001000447,MARC,0000000000100011364000,MINBE,U,2.272,1.800
MATERIAL,000000000010001136,0001000447,MARC,0000000000100011364000,MABST,U,3.812,4.900
MATERIAL,000000000010001137,0001000448,MARC,0000000000100011373000,MINBE,U,3.781,2.100
MATERIAL,000000000010001137,0001000448,MARC,0000000000100011373000,MABST,U,4.906,4.500
MATERIAL,000000000010001139,0001000449,MARC,0000000000100011392000,MINBE,U,39.105,57.500
MATERIAL,000000000010001139,0001000449,MARC,0000000000100011392000,MABST,U,132.556,156.500
MATERIAL,000000000010001145,0001000450,MARC,0000000000100011451000,MINBE,U,150.504,96.800
MATERIAL,000000000010001145,0001000450,MARC,0000000000100011451000,MABST,U,159.885,146.700
MATERIAL,000000000080000279,0001000451,MARC,0000000000800002792000,MINBE,U,6.484,4.600
MATERIAL,000000000080000279,0001000451,MARC,0000000000800002792000,MABST,U,8.192,7.300
MATERIAL,000000000010001149,0001000452,MARC,0000000000100011493000,MINBE,U,5.831,3.600
MATERIAL,000000000010001149,0001000452,MARC,0000000000100011493000,MABST,U,7.920,5.000
MATERIAL,000000000010001151,0001000453,MARC,0000000000100011512000,MINBE,U,1.247,0.800
MATERIAL,000000000010001151,0001000453,MARC,0000000000100011512000,MABST,U,2.014,1.300
MATERIAL,000000000010001156,0001000454,MARC,0000000000100011564000,MINBE,U,2.335,4.400
MATERIAL,000000000010001156,0001000454,MARC,0000000000100011564000,MABST,U,8.428,11.300
MATERIAL,000000000010001157,0001000455,MARC,0000000000100011574000,MINBE,U,41.756,54.500
MATERIAL,000000000010001157,0001000455,MARC,0000000000100011574000,MABST,U,182.986,152.000
MATERIAL,000000000010001158,0001000456,MARC,0000000000100011582000,MINBE,U,3.852,4.000
MATERIAL,000000000010001158,0001000456,MARC,0000000000100011582000,MABST,U,6.345,5.200
MATERIAL,000000000010001160,0001000457,MARC,0000000000100011603000,MINBE,U,12.194,22.700
MATERIAL,000000000010001160,0001000457,MARC,0000000000100011603000,MABST,U,97.802,56.500
MATERIAL,000000000010001179,0001000458,MARC,0000000000100011793000,MINBE,U,6.575,3.800
MATERIAL,000000000010001179,0001000458,MARC,0000000000100011793000,MABST,U,7.865,5.800
MATERIAL,000000000010001186,0001000459,MARC,0000000000100011864000,MINBE,U,14.622,9.100
MATERIAL,000000000010001186,0001000459,MARC,0000000000100011864000,MABST,U,14.622,11.700
MATERIAL,000000000010001187,0001000460,MARC,0000000000100011871000,MINBE,U,71.211,75.000
MATERIAL,000000000010001187,0001000460,MARC,0000000000100011871000,MABST,U,139.970,122.900
MATERIAL,000000000010001189,0001000461,MARC,0000000000100011893000,MINBE,U,20.777,17.100
MATERIAL,000000000010001189,0001000461,MARC,0000000000100011893000,MABST,U,125.921,94.500
MATERIAL,000000000080000287,0001000462,MARC,0000000000800002872000,MINBE,U,19.478,16.200
MATERIAL,000000000080000287,0001000462,MARC,0000000000800002872000,MABST,U,19.478,21.200
MATERIAL,000000000010001193,0001000463,MARC,0000000000100011933000,MINBE,U,0.632,0.400
MATERIAL,000000000010001193,0001000463,MARC,0000000000100011933000,MABST,U,1.299,1.100
MATERIAL,000000000010001194,0001000464,MARC,0000000000100011944000,MINBE,U,2.903,6.400
MATERIAL,000000000010001194,0001000464,MARC,0000000000100011944000,MABST,U,6.750,8.500
MATERIAL,000000000010001195,0001000465,MARC,0000000000100011951000,MINBE,U,337.860,199.600
MATERIAL,000000000010001195,0001000465,MARC,0000000000100011951000,MABST,U,399.250,311.000
MATERIAL,000000000010001196,0001000466,MARC,0000000000100011964000,MINBE,U,26.994,20.200
MATERIAL,000000000010001196,0001000466,MARC,0000000000100011964000,MABST,U,38.200,24.700
MATERIAL,000000000010001200,0001000467,MARC,0000000000100012003000,MINBE,U,26.981,53.100
MATERIAL,000000000010001200,0001000467,MARC,0000000000100012003000,MABST,U,290.441,163.800
MATERIAL,000000000010001201,0001000468,MARC,0000000000100012013000,MINBE,U,2.726,2.200
MATERIAL,000000000010001201,0001000468,MARC,0000000000100012013000,MABST,U,4.126,3.700
MATERIAL,000000000010001209,0001000469,MARC,0000000000100012091000,MINBE,U,51.962,34.900
MATERIAL,000000000010001209,0001000469,MARC,0000000000100012091000,MABST,U,188.832,144.800
MATERIAL,000000000010001210,0001000470,MARC,0000000000100012102000,MINBE,U,6.102,8.300
MATERIAL,000000000010001210,0001000470,MARC,0000000000100012102000,MABST,U,22.950,14.800
MATERIAL,000000000010001222,0001000471,MARC,0000000000100012223000,MINBE,U,2.857,2.900
MATERIAL,000000000010001222,0001000471,MARC,0000000000100012223000,MABST,U,3.672,4.700
MATERIAL,000000000030000302,0001000472,MARC,0000000000300003023000,MINBE,U,0.000,1.300
MATERIAL,000000000030000302,0001000472,MARC,0000000000300003023000,MABST,U,0.000,4.800
MATERIAL,000000000080000292,0001000473,MARC,0000000000800002923000,MINBE,U,7.199,5.200
MATERIAL,000000000080000292,0001000473,MARC,0000000000800002923000,MABST,U,14.366,8.800
MATERIAL,000000000010001227,0001000474,MARC,0000000000100012273000,MINBE,U,51.422,127.200
MATERIAL,000000000010001227,0001000474,MARC,0000000000100012273000,MABST,U,186.631,201.800
MATERIAL,000000000010001230,0001000475,MARC,0000000000100012304000,MINBE,U,0.432,1.000
MATERIAL,000000000010001230,0001000475,MARC,0000000000100012304000,MABST,U,1.725,1.200
MATERIAL,000000000010001235,0001000476,MARC,0000000000100012354000,MINBE,U,9.008,15.600
MATERIAL,000000000010001235,0001000476,MARC,0000000000100012354000,MABST,U,16.834,21.600
MATERIAL,000000000010001239,0001000477,MARC,0000000000100012392000,MINBE,U,15.870,26.300
MATERIAL,000000000010001239,0001000477,MARC,0000000000100012392000,MABST,U,70.379,57.300
MATERIAL,000000000080000294,0001000478,MARC,0000000000800002941000,MINBE,U,6.390,15.200
MATERIAL,000000000080000294,0001000478,MARC,0000000000800002941000,MABST,U,32.430,21.200
MATERIAL,000000000010001241,0001000479,MARC,0000000000100012413000,MINBE,U,27.663,29.300
MATERIAL,000000000010001241,0001000479,MARC,0000000000100012413000,MABST,U,134.117,88.400
MATERIAL,000000000010001253,0001000480,MARC,0000000000100012532000,MINBE,U,52.311,36.100
MATERIAL,000000000010001253,0001000480,MARC,0000000000100012532000,MABST,U,95.790,80.700
MATERIAL,000000000010001254,0001000481,MARC,0000000000100012541000,MINBE,U,73.139,43.600
MATERIAL,000000000010001254,0001000481,MARC,0000000000100012541000,MABST,U,112.476,72.800
MATERIAL,000000000010001260,0001000482,MARC,0000000000100012604000,MINBE,U,6.089,12.600
MATERIAL,000000000010001260,0001000482,MARC,0000000000100012604000,MABST,U,23.163,16.700
MATERIAL,000000000010001261,0001000483,MARC,0000000000100012612000,MINBE,U,2.765,5.300
MATERIAL,000000000010001261,0001000483,MARC,0000000000100012612000,MABST,U,11.475,6.900
MATERIAL,000000000010001271,0001000484,MARC,0000000000100012711000,MINBE,U,18.829,20.000
MATERIAL,000000000010001271,0001000484,MARC,0000000000100012711000,MABST,U,74.394,57.600
MATERIAL,000000000010001274,0001000485,MARC,0000000000100012743000,MINBE,U,16.484,15.500
MATERIAL,000000000010001274,0001000485,MARC,0000000000100012743000,MABST,U,20.794,19.800
MATERIAL,000000000010001278,0001000486,MARC,0000000000100012781000,MINBE,U,20.902,45.300
MATERIAL,000000000010001278,0001000486,MARC,0000000000100012781000,MABST,U,139.487,118.000
MATERIAL,000000000010001279,0001000487,MARC,0000000000100012792000,MINBE,U,1.129,1.400
MATERIAL,000000000010001279,0001000487,MARC,0000000000100012792000,MABST,U,2.007,1.800
MATERIAL,000000000010001286,0001000488,MARC,0000000000100012861000,MINBE,U,2.682,4.000
MATERIAL,000000000010001286,0001000488,MARC,0000000000100012861000,MABST,U,5.646,6.900
MATERIAL,000000000010001289,0001000489,MARC,0000000000100012893000,MINBE,U,2.323,1.500
MATERIAL,000000000010001289,0001000489,MARC,0000000000100012893000,MABST,U,5.177,3.500
MATERIAL,000000000010001292,0001000490,MARC,0000000000100012922000,MINBE,U,28.046,21.400
MATERIAL,000000000010001292,0001000490,MARC,0000000000100012922000,MABST,U,154.461,101.900
MATERIAL,000000000010001296,0001000491,MARC,0000000000100012961000,MINBE,U,23.530,15.300
MATERIAL,000000000010001296,0001000491,MARC,0000000000100012961000,MABST,U,27.970,24.900
