Infnr,Ekorg,Esokz,Werks,Loekz,Waers,Aplfz,Netpr,Peinh,Effpr
5300000000,Z100,0,2000,false,ZAR,58.000,56544.78,1.000,58241.12
5300000001,Z100,0,2000,false,ZAR,61.000,464159.32,1.000,478084.10
5300000002,Z100,0,2000,false,ZAR,32.000,131796.09,1.000,135749.97
5300000003,Z100,0,4000,false,ZAR,10.000,263624.72,1.000,271533.46
5300000004,Z100,0,3000,false,ZAR,28.000,77766.45,1.000,80099.44
5300000005,Z100,0,4000,false,ZAR,83.000,139088.65,1.000,143261.31
5300000006,Z100,0,1000,false,ZAR,121.000,385101.31,1.000,396654.35
5300000007,Z100,0,2000,false,ZAR,14.000,454029.88,1.000,467650.78
5300000008,Z100,0,3000,false,ZAR,9.000,141609.25,1.000,145857.53
5300000009,Z100,0,3000,false,ZAR,50.000,396385.09,1.000,408276.64
5300000010,Z100,0,3000,false,ZAR,57.000,110849.00,1.000,114174.47
5300000011,Z100,0,3000,false,ZAR,18.000,42769.30,1.000,44052.38
5300000012,Z100,0,1000,false,ZAR,22.000,17831.56,1.000,18366.51
5300000013,Z100,0,1000,false,ZAR,77.000,5235.68,1.000,5392.75
5300000014,Z100,0,3000,false,ZAR,63.000,282691.82,1.000,291172.57
5300000015,Z100,0,4000,false,ZAR,96.000,559030.77,1.000,575801.69
5300000016,Z100,0,4000,false,ZAR,118.000,107711.92,1.000,110943.28
5300000017,Z100,0,1000,false,ZAR,35.000,91994.29,1.000,94754.12
5300000018,Z100,0,2000,false,ZAR,116.000,90154.69,1.000,92859.33
5300000019,Z100,0,1000,false,ZAR,232.000,144352.21,1.000,148682.78
5300000020,Z100,0,2000,false,ZAR,123.000,47987.62,1.000,49427.25
5300000021,Z100,0,2000,false,ZAR,28.000,131796.25,1.000,135750.14
5300000022,Z100,0,1000,false,ZAR,127.000,119634.43,1.000,123223.46
5300000023,Z100,0,3000,false,ZAR,108.000,425542.67,1.000,438308.95
5300000024,Z100,0,1000,false,ZAR,111.000,202920.12,1.000,209007.72
5300000025,Z100,0,4000,false,ZAR,8.000,135879.66,1.000,139956.05
5300000026,Z100,0,4000,false,ZAR,17.000,132072.92,1.000,136035.11
5300000027,Z100,0,3000,false,ZAR,119.000,177395.04,1.000,182716.89
5300000028,Z100,0,3000,false,ZAR,42.000,17955.64,1.000,18494.31
5300000029,Z100,0,1000,false,ZAR,105.000,5482.10,1.000,5646.56
5300000030,Z100,0,3000,false,ZAR,133.000,111794.85,1.000,115148.70
5300000031,Z100,0,4000,false,ZAR,62.000,157789.09,1.000,162522.76
5300000032,Z100,0,1000,false,ZAR,59.000,30170.17,1.000,31075.28
5300000033,Z100,0,3000,false,ZAR,23.000,339077.25,1.000,349249.57
5300000034,Z100,0,1000,false,ZAR,92.000,85223.91,1.000,87780.63
5300000035,Z100,0,2000,false,ZAR,28.000,53009.42,1.000,54599.70
5300000036,Z100,0,1000,false,ZAR,110.000,296660.71,1.000,305560.53
5300000037,Z100,0,4000,false,ZAR,93.000,67813.12,1.000,69847.51
5300000038,Z100,0,4000,false,ZAR,47.000,41968.04,1.000,43227.08
5300000039,Z100,0,4000,false,ZAR,55.000,59223.59,1.000,61000.30
5300000040,Z100,0,4000,false,ZAR,57.000,16400.60,1.000,16892.62
5300000041,Z100,0,2000,false,ZAR,120.000,397166.85,1.000,409081.86
5300000042,Z100,0,1000,false,ZAR,92.000,53146.09,1.000,54740.47
5300000043,Z100,0,3000,false,ZAR,40.000,292098.07,1.000,300861.01
5300000044,Z100,0,3000,false,ZAR,31.000,168879.99,1.000,173946.39
5300000045,Z100,0,3000,false,ZAR,39.000,169225.18,1.000,174301.94
5300000046,Z100,0,1000,false,ZAR,42.000,317449.73,1.000,326973.22
5300000047,Z100,0,1000,false,ZAR,32.000,54648.23,1.000,56287.68
5300000048,Z100,0,1000,false,ZAR,50.000,390243.13,1.000,401950.42
5300000049,Z100,0,4000,false,ZAR,16.000,111586.64,1.000,114934.24
5300000050,Z100,0,1000,false,ZAR,99.000,123357.61,1.000,127058.34
5300000051,Z100,0,3000,false,ZAR,36.000,157933.08,1.000,162671.07
5300000052,Z100,0,1000,false,ZAR,28.000,164378.41,1.000,169309.76
5300000053,Z100,0,3000,false,ZAR,105.000,318450.11,1.000,328003.61
5300000054,Z100,0,3000,false,ZAR,42.000,159329.47,1.000,164109.35
5300000055,Z100,0,3000,false,ZAR,8.000,120694.71,1.000,124315.55
5300000056,Z100,0,4000,false,ZAR,141.000,104102.32,1.000,107225.39
5300000057,Z100,0,4000,false,ZAR,121.000,332071.05,1.000,342033.18
5300000058,Z100,0,2000,false,ZAR,11.000,136606.74,1.000,140704.94
5300000059,Z100,0,3000,false,ZAR,55.000,164339.10,1.000,169269.27
5300000060,Z100,0,3000,false,ZAR,51.000,15420.94,1.000,15883.57
5300000061,Z100,0,4000,false,ZAR,10.000,438487.20,1.000,451641.82
5300000062,Z100,0,3000,false,ZAR,142.000,171671.20,1.000,176821.34
5300000063,Z100,0,2000,false,ZAR,42.000,30900.39,1.000,31827.40
5300000064,Z100,0,2000,false,ZAR,22.000,57426.86,1.000,59149.67
5300000065,Z100,0,3000,false,ZAR,41.000,120694.55,1.000,124315.39
5300000066,Z100,0,4000,false,ZAR,48.000,44382.51,1.000,45713.99
5300000067,Z100,0,2000,false,ZAR,102.000,125969.00,1.000,129748.07
5300000068,Z100,0,1000,false,ZAR,55.000,8717.21,1.000,8978.73
5300000069,Z100,0,3000,false,ZAR,122.000,62821.33,1.000,64705.97
5300000070,Z100,0,1000,false,ZAR,11.000,70536.99,1.000,72653.10
5300000071,Z100,0,3000,false,ZAR,28.000,157862.55,1.000,162598.43
5300000072,Z100,0,2000,false,ZAR,49.000,85000.70,1.000,87550.72
5300000073,Z100,0,3000,false,ZAR,23.000,105872.41,1.000,109048.58
5300000074,Z100,0,3000,false,ZAR,31.000,72512.54,1.000,74687.92
5300000075,Z100,0,2000,false,ZAR,127.000,95754.56,1.000,98627.20
5300000076,Z100,0,4000,false,ZAR,17.000,293211.80,1.000,302008.15
5300000077,Z100,0,2000,false,ZAR,82.000,148516.20,1.000,152971.69
5300000078,Z100,0,3000,false,ZAR,16.000,261321.02,1.000,269160.65
5300000079,Z100,0,2000,false,ZAR,51.000,267423.46,1.000,275446.16
5300000080,Z100,0,3000,false,ZAR,45.000,30657.07,1.000,31576.78
5300000081,Z100,0,1000,false,ZAR,39.000,169917.93,1.000,175015.47
5300000082,Z100,0,2000,false,ZAR,24.000,158601.67,1.000,163359.72
5300000083,Z100,0,2000,false,ZAR,14.000,96509.10,1.000,99404.37
5300000084,Z100,0,1000,false,ZAR,86.000,509259.97,1.000,524537.77
5300000085,Z100,0,3000,false,ZAR,30.000,114947.78,1.000,118396.21
5300000086,Z100,0,3000,false,ZAR,30.000,18646.64,1.000,19206.04
5300000087,Z100,0,3000,false,ZAR,37.000,605474.11,1.000,623638.33
5300000088,Z100,0,2000,false,ZAR,7.000,155135.65,1.000,159789.72
5300000089,Z100,0,1000,false,ZAR,131.000,607599.20,1.000,625827.18
5300000090,Z100,0,2000,false,ZAR,39.000,124500.55,1.000,128235.57
5300000091,Z100,0,1000,false,ZAR,15.000,147792.29,1.000,152226.06
5300000092,Z100,0,4000,false,ZAR,77.000,102020.70,1.000,105081.32
5300000093,Z100,0,4000,false,ZAR,56.000,56865.03,1.000,58570.98
5300000094,Z100,0,1000,false,ZAR,31.000,118103.76,1.000,121646.87
5300000095,Z100,0,2000,false,ZAR,71.000,82269.64,1.000,84737.73
5300000096,Z100,0,2000,false,ZAR,43.000,80587.66,1.000,83005.29
5300000097,Z100,0,1000,false,ZAR,124.000,315823.59,1.000,325298.30
5300000098,Z100,0,2000,false,ZAR,16.000,115819.28,1.000,119293.86
5300000099,Z100,0,1000,false,ZAR,49.000,137745.75,1.000,141878.12
5300000100,Z100,0,1000,false,ZAR,39.000,103791.96,1.000,106905.72
5300000101,Z100,0,1000,false,ZAR,51.000,52467.93,1.000,54041.97
5300000102,Z100,0,3000,false,ZAR,25.000,383683.64,1.000,395194.15
5300000103,Z100,0,2000,false,ZAR,50.000,145511.41,1.000,149876.75
5300000104,Z100,0,2000,false,ZAR,130.000,29939.75,1.000,30837.94
5300000105,Z100,0,1000,false,ZAR,93.000,26397.77,1.000,27189.70
5300000106,Z100,0,1000,false,ZAR,107.000,464639.59,1.000,478578.78
5300000107,Z100,0,4000,false,ZAR,38.000,154156.10,1.000,158780.78
5300000108,Z100,0,1000,false,ZAR,33.000,387295.47,1.000,398914.33
5300000109,Z100,0,3000,false,ZAR,69.000,40428.71,1.000,41641.57
5300000110,Z100,0,2000,false,ZAR,127.000,127821.47,1.000,131656.11
5300000111,Z100,0,3000,false,ZAR,42.000,73632.40,1.000,75841.37
5300000112,Z100,0,3000,false,ZAR,219.000,60049.39,1.000,61850.87
5300000113,Z100,0,4000,false,ZAR,31.000,60879.67,1.000,62706.06
5300000114,Z100,0,4000,false,ZAR,25.000,40190.47,1.000,41396.18
5300000115,Z100,0,2000,false,ZAR,28.000,21317.38,1.000,21956.90
5300000116,Z100,0,2000,false,ZAR,58.000,170874.23,1.000,176000.46
5300000117,Z100,0,1000,false,ZAR,140.000,707854.65,1.000,729090.29
5300000118,Z100,0,3000,false,ZAR,129.000,508663.41,1.000,523923.31
5300000119,Z100,0,1000,false,ZAR,11.000,66569.03,1.000,68566.10
5300000120,Z100,0,2000,false,ZAR,102.000,33950.16,1.000,34968.66
5300000121,Z100,0,2000,false,ZAR,135.000,61985.29,1.000,63844.85
5300000122,Z100,0,1000,false,ZAR,109.000,589086.68,1.000,606759.28
5300000123,Z100,0,1000,false,ZAR,78.000,80533.64,1.000,82949.65
5300000124,Z100,0,4000,false,ZAR,18.000,135754.28,1.000,139826.91
5300000125,Z100,0,3000,false,ZAR,127.000,712300.70,1.000,733669.72
5300000126,Z100,0,1000,false,ZAR,43.000,159795.77,1.000,164589.64
5300000127,Z100,0,4000,false,ZAR,136.000,66391.32,1.000,68383.06
5300000128,Z100,0,4000,false,ZAR,76.000,99851.41,1.000,102846.95
5300000129,Z100,0,3000,false,ZAR,118.000,42650.72,1.000,43930.24
5300000130,Z100,0,1000,false,ZAR,92.000,225261.96,1.000,232019.82
5300000131,Z100,0,4000,false,ZAR,116.000,65355.52,1.000,67316.19
5300000132,Z100,0,4000,false,ZAR,60.000,101530.17,1.000,104576.08
5300000133,Z100,0,2000,false,ZAR,134.000,35163.00,1.000,36217.89
5300000134,Z100,0,2000,false,ZAR,50.000,107075.98,1.000,110288.26
5300000135,Z100,0,1000,false,ZAR,47.000,18343.39,1.000,18893.69
5300000136,Z100,0,1000,false,ZAR,209.000,20564.12,1.000,21181.04
5300000137,Z100,0,3000,false,ZAR,217.000,829905.84,1.000,854803.02
5300000138,Z100,0,3000,false,ZAR,81.000,62580.58,1.000,64458.00
5300000139,Z100,0,2000,false,ZAR,50.000,7235.89,1.000,7452.97
5300000140,Z100,0,2000,false,ZAR,132.000,318403.20,1.000,327955.30
5300000141,Z100,0,4000,false,ZAR,25.000,62232.69,1.000,64099.67
5300000142,Z100,0,1000,false,ZAR,42.000,176879.73,1.000,182186.12
5300000143,Z100,0,1000,false,ZAR,19.000,46404.49,1.000,47796.62
5300000144,Z100,0,2000,false,ZAR,29.000,297331.62,1.000,306251.57
5300000145,Z100,0,3000,false,ZAR,74.000,66741.71,1.000,68743.96
5300000146,Z100,0,1000,false,ZAR,12.000,14828.64,1.000,15273.50
5300000147,Z100,0,4000,false,ZAR,58.000,84405.07,1.000,86937.22
5300000148,Z100,0,4000,false,ZAR,35.000,430823.20,1.000,443747.90
5300000149,Z100,0,3000,false,ZAR,132.000,51791.11,1.000,53344.84
5300000150,Z100,0,3000,false,ZAR,46.000,167071.51,1.000,172083.66
5300000151,Z100,0,3000,false,ZAR,32.000,106158.49,1.000,109343.24
5300000152,Z100,0,2000,false,ZAR,10.000,6603.55,1.000,6801.66
5300000153,Z100,0,2000,false,ZAR,132.000,619452.97,1.000,638036.56
5300000154,Z100,0,4000,false,ZAR,161.000,40350.25,1.000,41560.76
5300000155,Z100,0,4000,false,ZAR,60.000,345173.92,1.000,355529.14
5300000156,Z100,0,4000,false,ZAR,33.000,135151.24,1.000,139205.78
5300000157,Z100,0,3000,false,ZAR,58.000,89780.03,1.000,92473.43
5300000158,Z100,0,1000,false,ZAR,143.000,408108.67,1.000,420351.93
5300000159,Z100,0,3000,false,ZAR,37.000,46377.17,1.000,47768.49
5300000160,Z100,0,3000,false,ZAR,31.000,108238.31,1.000,111485.46
5300000161,Z100,0,2000,false,ZAR,16.000,37358.44,1.000,38479.19
5300000162,Z100,0,2000,false,ZAR,41.000,70118.84,1.000,72222.41
5300000163,Z100,0,4000,false,ZAR,113.000,8661.24,1.000,8921.08
5300000164,Z100,0,4000,false,ZAR,139.000,563780.99,1.000,580694.42
5300000165,Z100,0,1000,false,ZAR,74.000,19733.40,1.000,20325.40
5300000166,Z100,0,1000,false,ZAR,120.000,94055.54,1.000,96877.21
5300000167,Z100,0,4000,false,ZAR,93.000,9147.63,1.000,9422.06
5300000168,Z100,0,3000,false,ZAR,128.000,427574.02,1.000,440401.24
5300000169,Z100,0,4000,false,ZAR,9.000,19797.45,1.000,20391.37
5300000170,Z100,0,1000,false,ZAR,27.000,78671.44,1.000,81031.58
5300000171,Z100,0,4000,false,ZAR,21.000,76129.41,1.000,78413.29
5300000172,Z100,0,3000,false,ZAR,109.000,48281.09,1.000,49729.52
5300000173,Z100,0,2000,false,ZAR,35.000,132982.70,1.000,136972.18
5300000174,Z100,0,1000,false,ZAR,132.000,137161.74,1.000,141276.59
5300000175,Z100,0,4000,false,ZAR,151.000,397340.52,1.000,409260.74
5300000176,Z100,0,4000,false,ZAR,60.000,74866.46,1.000,77112.45
5300000177,Z100,0,3000,false,ZAR,31.000,277341.39,1.000,285661.63
5300000178,Z100,0,3000,false,ZAR,13.000,121447.82,1.000,125091.25
5300000179,Z100,0,1000,false,ZAR,7.000,2744.87,1.000,2827.22
5300000180,Z100,0,1000,false,ZAR,54.000,121027.79,1.000,124658.62
5300000181,Z100,0,1000,false,ZAR,22.000,120439.26,1.000,124052.44
5300000182,Z100,0,2000,false,ZAR,209.000,195556.31,1.000,201423.00
5300000183,Z100,0,2000,false,ZAR,124.000,127498.89,1.000,131323.86
5300000184,Z100,0,3000,false,ZAR,178.000,146227.18,1.000,150614.00
5300000185,Z100,0,1000,false,ZAR,21.000,42315.46,1.000,43584.92
5300000186,Z100,0,2000,false,ZAR,39.000,1638.73,1.000,1687.89
5300000187,Z100,0,3000,false,ZAR,42.000,17129.64,1.000,17643.53
5300000188,Z100,0,1000,false,ZAR,99.000,4034.59,1.000,4155.63
5300000189,Z100,0,4000,false,ZAR,10.000,56124.69,1.000,57808.43
5300000190,Z100,0,3000,false,ZAR,27.000,406845.28,1.000,419050.64
5300000191,Z100,0,2000,false,ZAR,19.000,252840.23,1.000,260425.44
5300000192,Z100,0,3000,false,ZAR,49.000,4901.63,1.000,5048.68
5300000193,Z100,0,4000,false,ZAR,83.000,75203.60,1.000,77459.71
5300000194,Z100,0,2000,false,ZAR,33.000,147136.20,1.000,151550.29
5300000195,Z100,0,3000,false,ZAR,25.000,53677.07,1.000,55287.38
5300000196,Z100,0,1000,false,ZAR,45.000,21068.91,1.000,21700.98
5300000197,Z100,0,4000,false,ZAR,12.000,10622.64,1.000,10941.32
5300000198,Z100,0,4000,false,ZAR,149.000,503947.73,1.000,519066.16
5300000199,Z100,0,1000,false,ZAR,46.000,118309.92,1.000,121859.22
5300000200,Z100,0,4000,false,ZAR,11.000,4001.79,1.000,4121.84
5300000201,Z100,0,3000,false,ZAR,55.000,68579.36,1.000,70636.74
5300000202,Z100,0,3000,false,ZAR,27.000,132605.55,1.000,136583.72
5300000203,Z100,0,2000,false,ZAR,52.000,21511.68,1.000,22157.03
5300000204,Z100,0,1000,false,ZAR,59.000,3993.58,1.000,4113.39
5300000205,Z100,0,3000,false,ZAR,129.000,281382.29,1.000,289823.76
5300000206,Z100,0,1000,false,ZAR,8.000,102601.11,1.000,105679.14
5300000207,Z100,0,2000,false,ZAR,9.000,97842.97,1.000,100778.26
5300000208,Z100,0,4000,false,ZAR,12.000,291484.52,1.000,300229.06
5300000209,Z100,0,3000,false,ZAR,72.000,170834.36,1.000,175959.39
5300000210,Z100,0,1000,false,ZAR,52.000,108312.80,1.000,111562.18
5300000211,Z100,0,3000,false,ZAR,16.000,67627.30,1.000,69656.12
5300000212,Z100,0,1000,false,ZAR,68.000,623550.12,1.000,642256.62
5300000213,Z100,0,3000,false,ZAR,45.000,10928.01,1.000,11255.85
5300000214,Z100,0,2000,false,ZAR,78.000,4970.38,1.000,5119.49
5300000215,Z100,0,3000,false,ZAR,77.000,180818.49,1.000,186243.04
5300000216,Z100,0,2000,false,ZAR,51.000,61493.77,1.000,63338.58
5300000217,Z100,0,1000,false,ZAR,9.000,9038.74,1.000,9309.90
5300000218,Z100,0,3000,false,ZAR,12.000,16899.61,1.000,17406.60
5300000219,Z100,0,4000,false,ZAR,30.000,172612.44,1.000,177790.81
5300000220,Z100,0,1000,false,ZAR,174.000,180484.86,1.000,185899.41
5300000221,Z100,0,1000,false,ZAR,57.000,151172.77,1.000,155707.95
5300000222,Z100,0,3000,false,ZAR,52.000,306271.14,1.000,315459.27
5300000223,Z100,0,4000,false,ZAR,35.000,289613.67,1.000,298302.08
5300000224,Z100,0,3000,false,ZAR,121.000,79183.98,1.000,81559.50
5300000225,Z100,0,2000,false,ZAR,35.000,21383.83,1.000,22025.34
5300000226,Z100,0,3000,false,ZAR,138.000,753637.67,1.000,776246.80
5300000227,Z100,0,2000,false,ZAR,82.000,452128.60,1.000,465692.46
5300000228,Z100,0,1000,false,ZAR,86.000,5156.63,1.000,5311.33
5300000229,Z100,0,1000,false,ZAR,60.000,8911.20,1.000,9178.54
5300000230,Z100,0,4000,false,ZAR,25.000,11732.58,1.000,12084.56
5300000231,Z100,0,3000,false,ZAR,52.000,74814.91,1.000,77059.36
5300000232,Z100,0,1000,false,ZAR,131.000,698077.49,1.000,719019.81
5300000233,Z100,0,4000,false,ZAR,146.000,118308.75,1.000,121858.01
5300000234,Z100,0,4000,false,ZAR,37.000,120890.79,1.000,124517.51
5300000235,Z100,0,3000,false,ZAR,109.000,74498.00,1.000,76732.94
5300000236,Z100,0,4000,false,ZAR,141.000,74507.21,1.000,76742.43
5300000237,Z100,0,1000,false,ZAR,54.000,390035.74,1.000,401736.81
5300000238,Z100,0,2000,false,ZAR,58.000,19853.59,1.000,20449.20
5300000239,Z100,0,3000,false,ZAR,52.000,13537.48,1.000,13943.60
5300000240,Z100,0,2000,false,ZAR,178.000,639536.10,1.000,658722.18
5300000241,Z100,0,2000,false,ZAR,20.000,41184.19,1.000,42419.72
5300000242,Z100,0,2000,false,ZAR,54.000,66558.14,1.000,68554.88
5300000243,Z100,0,2000,false,ZAR,128.000,81358.07,1.000,83798.81
5300000244,Z100,0,1000,false,ZAR,32.000,10541.76,1.000,10858.01
5300000245,Z100,0,3000,false,ZAR,57.000,208702.13,1.000,214963.19
5300000246,Z100,0,2000,false,ZAR,19.000,177534.60,1.000,182860.64
5300000247,Z100,0,3000,false,ZAR,58.000,123594.82,1.000,127302.66
5300000248,Z100,0,4000,false,ZAR,43.000,354348.79,1.000,364979.25
5300000249,Z100,0,4000,false,ZAR,37.000,13574.11,1.000,13981.33
5300000250,Z100,0,1000,false,ZAR,44.000,2920.14,1.000,3007.74
5300000251,Z100,0,3000,false,ZAR,94.000,6168.58,1.000,6353.64
5300000252,Z100,0,4000,false,ZAR,15.000,121607.78,1.000,125256.01
5300000253,Z100,0,1000,false,ZAR,31.000,17492.97,1.000,18017.76
5300000254,Z100,0,2000,false,ZAR,50.000,24891.07,1.000,25637.80
5300000255,Z100,0,2000,false,ZAR,210.000,161969.41,1.000,166828.49
5300000256,Z100,0,4000,false,ZAR,34.000,461931.69,1.000,475789.64
5300000257,Z100,0,3000,false,ZAR,58.000,93577.43,1.000,96384.75
5300000258,Z100,0,1000,false,ZAR,58.000,46607.51,1.000,48005.74
5300000259,Z100,0,2000,false,ZAR,47.000,59569.28,1.000,61356.36
5300000260,Z100,0,3000,false,ZAR,58.000,76827.23,1.000,79132.05
5300000261,Z100,0,1000,false,ZAR,8.000,73483.96,1.000,75688.48
5300000262,Z100,0,4000,false,ZAR,35.000,110441.15,1.000,113754.38
5300000263,Z100,0,3000,false,ZAR,136.000,271734.46,1.000,279886.49
5300000264,Z100,0,3000,false,ZAR,146.000,104170.04,1.000,107295.14
5300000265,Z100,0,2000,false,ZAR,94.000,113580.70,1.000,116988.12
5300000266,Z100,0,3000,false,ZAR,40.000,140719.98,1.000,144941.58
5300000267,Z100,0,2000,false,ZAR,37.000,32377.63,1.000,33348.96
5300000268,Z100,0,2000,false,ZAR,40.000,405436.93,1.000,417600.04
5300000269,Z100,0,1000,false,ZAR,58.000,50687.68,1.000,52208.31
5300000270,Z100,0,3000,false,ZAR,19.000,52029.34,1.000,53590.22
5300000271,Z100,0,2000,false,ZAR,50.000,104249.50,1.000,107376.99
5300000272,Z100,0,4000,false,ZAR,37.000,115564.77,1.000,119031.71
5300000273,Z100,0,4000,false,ZAR,48.000,89878.61,1.000,92574.97
5300000274,Z100,0,1000,false,ZAR,27.000,24952.36,1.000,25700.93
5300000275,Z100,0,3000,false,ZAR,46.000,112947.06,1.000,116335.47
5300000276,Z100,0,3000,false,ZAR,42.000,120339.78,1.000,123949.97
5300000277,Z100,0,2000,false,ZAR,36.000,60545.75,1.000,62362.12
5300000278,Z100,0,3000,false,ZAR,43.000,68028.64,1.000,70069.50
5300000279,Z100,0,4000,false,ZAR,79.000,97173.27,1.000,100088.47
5300000280,Z100,0,1000,false,ZAR,30.000,135375.78,1.000,139437.05
5300000281,Z100,0,3000,false,ZAR,116.000,163055.33,1.000,167946.99
5300000282,Z100,0,3000,false,ZAR,89.000,98871.55,1.000,101837.70
5300000283,Z100,0,4000,false,ZAR,43.000,130471.59,1.000,134385.74
5300000284,Z100,0,3000,false,ZAR,54.000,47795.09,1.000,49228.94
5300000285,Z100,0,3000,false,ZAR,21.000,93121.25,1.000,95914.89
5300000286,Z100,0,3000,false,ZAR,21.000,213576.29,1.000,219983.58
5300000287,Z100,0,1000,false,ZAR,86.000,113246.13,1.000,116643.51
5300000288,Z100,0,4000,false,ZAR,59.000,166163.16,1.000,171148.05
5300000289,Z100,0,4000,false,ZAR,41.000,294955.44,1.000,303804.10
5300000290,Z100,0,1000,false,ZAR,94.000,157749.47,1.000,162481.95
5300000291,Z100,0,4000,false,ZAR,38.000,21893.25,1.000,22550.05
5300000292,Z100,0,4000,false,ZAR,63.000,79385.43,1.000,81766.99
5300000293,Z100,0,1000,false,ZAR,143.000,408742.44,1.000,421004.71
5300000294,Z100,0,3000,false,ZAR,118.000,761115.64,1.000,783949.11
5300000295,Z100,0,4000,false,ZAR,134.000,224553.95,1.000,231290.57
5300000296,Z100,0,4000,false,ZAR,45.000,13905.10,1.000,14322.25
5300000297,Z100,0,3000,false,ZAR,126.000,67911.42,1.000,69948.76
5300000298,Z100,0,3000,false,ZAR,37.000,62533.06,1.000,64409.05
5300000299,Z100,0,2000,false,ZAR,147.000,68407.57,1.000,70459.80
5300000300,Z100,0,2000,false,ZAR,114.000,161932.37,1.000,166790.34
5300000301,Z100,0,4000,false,ZAR,127.000,311736.36,1.000,321088.45
5300000302,Z100,0,4000,false,ZAR,19.000,11368.42,1.000,11709.47
5300000303,Z100,0,2000,false,ZAR,17.000,68103.53,1.000,70146.64
5300000304,Z100,0,4000,false,ZAR,87.000,104018.65,1.000,107139.21
5300000305,Z100,0,2000,false,ZAR,187.000,784509.41,1.000,808044.69
5300000306,Z100,0,2000,false,ZAR,68.000,170846.58,1.000,175971.98
5300000307,Z100,0,3000,false,ZAR,95.000,53558.35,1.000,55165.10
5300000308,Z100,0,1000,false,ZAR,177.000,142971.65,1.000,147260.80
5300000309,Z100,0,2000,false,ZAR,33.000,19725.01,1.000,20316.76
5300000310,Z100,0,3000,false,ZAR,89.000,195287.35,1.000,201145.97
5300000311,Z100,0,3000,false,ZAR,17.000,99176.46,1.000,102151.75
5300000312,Z100,0,1000,false,ZAR,49.000,74295.97,1.000,76524.85
5300000313,Z100,0,3000,false,ZAR,21.000,58194.48,1.000,59940.31
5300000314,Z100,0,3000,false,ZAR,84.000,202972.40,1.000,209061.57
5300000315,Z100,0,3000,false,ZAR,22.000,26538.52,1.000,27334.68
5300000316,Z100,0,1000,false,ZAR,51.000,15416.02,1.000,15878.50
5300000317,Z100,0,4000,false,ZAR,34.000,166462.49,1.000,171456.36
5300000318,Z100,0,4000,false,ZAR,29.000,20055.01,1.000,20656.66
5300000319,Z100,0,2000,false,ZAR,112.000,25662.24,1.000,26432.11
5300000320,Z100,0,4000,false,ZAR,33.000,9720.08,1.000,10011.68
5300000321,Z100,0,3000,false,ZAR,43.000,21783.10,1.000,22436.59
5300000322,Z100,0,4000,false,ZAR,58.000,19909.43,1.000,20506.71
5300000323,Z100,0,2000,false,ZAR,10.000,390356.06,1.000,402066.74
5300000324,Z100,0,4000,false,ZAR,41.000,57029.91,1.000,58740.81
5300000325,Z100,0,1000,false,ZAR,58.000,166810.31,1.000,171814.62
5300000326,Z100,0,1000,false,ZAR,8.000,19201.17,1.000,19777.21
5300000327,Z100,0,1000,false,ZAR,115.000,78573.90,1.000,80931.12
5300000328,Z100,0,3000,false,ZAR,139.000,297366.51,1.000,306287.51
5300000329,Z100,0,3000,false,ZAR,25.000,6393.58,1.000,6585.39
5300000330,Z100,0,4000,false,ZAR,27.000,16510.97,1.000,17006.30
5300000331,Z100,0,3000,false,ZAR,62.000,30390.80,1.000,31302.52
5300000332,Z100,0,4000,false,ZAR,149.000,484292.00,1.000,498820.76
5300000333,Z100,0,1000,false,ZAR,9.000,74662.69,1.000,76902.57
5300000334,Z100,0,1000,false,ZAR,140.000,415818.58,1.000,428293.14
5300000335,Z100,0,1000,false,ZAR,23.000,23404.45,1.000,24106.58
5300000336,Z100,0,4000,false,ZAR,233.000,140853.46,1.000,145079.06
5300000337,Z100,0,1000,false,ZAR,44.000,168767.02,1.000,173830.03
5300000338,Z100,0,3000,false,ZAR,43.000,238490.90,1.000,245645.63
5300000339,Z100,0,1000,false,ZAR,41.000,562485.47,1.000,579360.03
5300000340,Z100,0,1000,false,ZAR,122.000,106360.95,1.000,109551.78
5300000341,Z100,0,2000,false,ZAR,103.000,59603.47,1.000,61391.57
5300000342,Z100,0,4000,false,ZAR,28.000,114425.13,1.000,117857.88
5300000343,Z100,0,2000,false,ZAR,48.000,175991.57,1.000,181271.32
5300000344,Z100,0,3000,false,ZAR,57.000,16778.53,1.000,17281.89
5300000345,Z100,0,2000,false,ZAR,11.000,106349.46,1.000,109539.94
5300000346,Z100,0,4000,false,ZAR,93.000,318173.23,1.000,327718.43
5300000347,Z100,0,4000,false,ZAR,80.000,821299.23,1.000,845938.21
5300000348,Z100,0,4000,false,ZAR,39.000,167746.03,1.000,172778.41
5300000349,Z100,0,4000,false,ZAR,27.000,112294.98,1.000,115663.83
5300000350,Z100,0,2000,false,ZAR,40.000,82670.73,1.000,85150.85
5300000351,Z100,0,2000,false,ZAR,149.000,171743.49,1.000,176895.79
5300000352,Z100,0,1000,false,ZAR,78.000,76049.58,1.000,78331.07
5300000353,Z100,0,4000,false,ZAR,11.000,316072.95,1.000,325555.14
5300000354,Z100,0,4000,false,ZAR,47.000,139062.79,1.000,143234.67
5300000355,Z100,0,1000,false,ZAR,62.000,187683.60,1.000,193314.11
5300000356,Z100,0,1000,false,ZAR,52.000,163416.87,1.000,168319.38
5300000357,Z100,0,2000,false,ZAR,52.000,3622.98,1.000,3731.67
5300000358,Z100,0,3000,false,ZAR,43.000,123968.27,1.000,127687.32
5300000359,Z100,0,3000,false,ZAR,146.000,220417.99,1.000,227030.53
5300000360,Z100,0,2000,false,ZAR,166.000,168480.35,1.000,173534.76
5300000361,Z100,0,4000,false,ZAR,60.000,317070.75,1.000,326582.87
5300000362,Z100,0,4000,false,ZAR,52.000,126751.39,1.000,130553.93
5300000363,Z100,0,1000,false,ZAR,54.000,92497.94,1.000,95272.88
5300000364,Z100,0,3000,false,ZAR,8.000,12725.17,1.000,13106.93
5300000365,Z100,0,4000,false,ZAR,147.000,39255.36,1.000,40433.02
5300000366,Z100,0,2000,false,ZAR,127.000,14515.63,1.000,14951.10
5300000367,Z100,0,3000,false,ZAR,23.000,54608.20,1.000,56246.45
5300000368,Z100,0,1000,false,ZAR,131.000,137532.53,1.000,141658.51
5300000369,Z100,0,1000,false,ZAR,137.000,53317.81,1.000,54917.34
5300000370,Z100,0,3000,false,ZAR,54.000,377942.45,1.000,389280.72
5300000371,Z100,0,2000,false,ZAR,79.000,140859.38,1.000,145085.16
5300000372,Z100,0,1000,false,ZAR,88.000,754296.14,1.000,776925.02
5300000373,Z100,0,3000,false,ZAR,87.000,156526.19,1.000,161221.98
5300000374,Z100,0,1000,false,ZAR,74.000,185533.03,1.000,191099.02
5300000375,Z100,0,2000,false,ZAR,116.000,14662.91,1.000,15102.80
5300000376,Z100,0,3000,false,ZAR,72.000,16896.30,1.000,17403.19
5300000377,Z100,0,2000,false,ZAR,112.000,32638.27,1.000,33617.42
5300000378,Z100,0,4000,false,ZAR,51.000,26060.59,1.000,26842.41
5300000379,Z100,0,2000,false,ZAR,16.000,248306.89,1.000,255756.10
5300000380,Z100,0,1000,false,ZAR,38.000,14607.47,1.000,15045.69
5300000381,Z100,0,3000,false,ZAR,22.000,50834.00,1.000,52359.02
5300000382,Z100,0,2000,false,ZAR,54.000,145132.09,1.000,149486.05
5300000383,Z100,0,3000,false,ZAR,177.000,82040.00,1.000,84501.20
5300000384,Z100,0,1000,false,ZAR,27.000,32754.06,1.000,33736.68
5300000385,Z100,0,4000,false,ZAR,62.000,550039.05,1.000,566540.22
5300000386,Z100,0,1000,false,ZAR,138.000,418028.54,1.000,430569.40
5300000387,Z100,0,3000,false,ZAR,127.000,24204.45,1.000,24930.58
5300000388,Z100,0,4000,false,ZAR,30.000,342959.33,1.000,353248.11
5300000389,Z100,0,2000,false,ZAR,120.000,133786.43,1.000,137800.02
5300000390,Z100,0,1000,false,ZAR,45.000,272630.14,1.000,280809.04
5300000391,Z100,0,3000,false,ZAR,39.000,175222.68,1.000,180479.36
5300000392,Z100,0,4000,false,ZAR,39.000,129147.39,1.000,133021.81
5300000393,Z100,0,4000,false,ZAR,90.000,15068.27,1.000,15520.32
5300000394,Z100,0,4000,false,ZAR,47.000,81738.73,1.000,84190.89
5300000395,Z100,0,1000,false,ZAR,86.000,10531.46,1.000,10847.40
5300000396,Z100,0,3000,false,ZAR,36.000,7164.40,1.000,7379.33
5300000397,Z100,0,1000,false,ZAR,59.000,53219.46,1.000,54816.04
5300000398,Z100,0,4000,false,ZAR,118.000,9600.73,1.000,9888.75
5300000399,Z100,0,1000,false,ZAR,7.000,156804.92,1.000,161509.07
5300000400,Z100,0,1000,false,ZAR,32.000,183954.90,1.000,189473.55
5300000401,Z100,0,4000,false,ZAR,45.000,211831.10,1.000,218186.03
5300000402,Z100,0,2000,false,ZAR,48.000,311472.48,1.000,320816.65
5300000403,Z100,0,4000,false,ZAR,33.000,6293.15,1.000,6481.94
5300000404,Z100,0,2000,false,ZAR,17.000,84836.55,1.000,87381.65
5300000405,Z100,0,4000,false,ZAR,20.000,95888.61,1.000,98765.27
5300000406,Z100,0,2000,false,ZAR,122.000,165759.79,1.000,170732.58
5300000407,Z100,0,2000,false,ZAR,24.000,45028.15,1.000,46378.99
5300000408,Z100,0,1000,false,ZAR,239.000,279007.63,1.000,287377.86
5300000409,Z100,0,2000,false,ZAR,38.000,85395.69,1.000,87957.56
5300000410,Z100,0,2000,false,ZAR,37.000,202086.77,1.000,208149.37
5300000411,Z100,0,4000,false,ZAR,58.000,246534.56,1.000,253930.60
5300000412,Z100,0,4000,false,ZAR,46.000,134543.98,1.000,138580.30
5300000413,Z100,0,2000,false,ZAR,16.000,4935.34,1.000,5083.40
5300000414,Z100,0,2000,false,ZAR,13.000,112710.17,1.000,116091.48
5300000415,Z100,0,3000,false,ZAR,34.000,8247.10,1.000,8494.51
5300000416,Z100,0,2000,false,ZAR,115.000,740664.88,1.000,762884.83
5300000417,Z100,0,2000,false,ZAR,51.000,38298.75,1.000,39447.71
5300000418,Z100,0,4000,false,ZAR,25.000,323858.26,1.000,333574.01
5300000419,Z100,0,1000,false,ZAR,50.000,163782.02,1.000,168695.48
5300000420,Z100,0,4000,false,ZAR,132.000,175184.61,1.000,180440.15
5300000421,Z100,0,1000,false,ZAR,40.000,373775.77,1.000,384989.04
5300000422,Z100,0,2000,false,ZAR,38.000,9671.96,1.000,9962.12
5300000423,Z100,0,3000,false,ZAR,133.000,187168.47,1.000,192783.52
5300000424,Z100,0,4000,false,ZAR,108.000,153245.92,1.000,157843.30
5300000425,Z100,0,2000,false,ZAR,110.000,7626.95,1.000,7855.76
5300000426,Z100,0,1000,false,ZAR,45.000,334613.23,1.000,344651.63
5300000427,Z100,0,1000,false,ZAR,83.000,16978.02,1.000,17487.36
5300000428,Z100,0,2000,false,ZAR,30.000,109454.12,1.000,112737.74
5300000429,Z100,0,3000,false,ZAR,10.000,97977.76,1.000,100917.09
5300000430,Z100,0,1000,false,ZAR,51.000,14182.04,1.000,14607.50
5300000431,Z100,0,1000,false,ZAR,33.000,142036.79,1.000,146297.89
5300000432,Z100,0,2000,false,ZAR,73.000,28214.03,1.000,29060.45
5300000433,Z100,0,3000,false,ZAR,126.000,64550.15,1.000,66486.65
5300000434,Z100,0,4000,false,ZAR,11.000,208580.43,1.000,214837.84
5300000435,Z100,0,1000,false,ZAR,147.000,754343.52,1.000,776973.83
5300000436,Z100,0,2000,false,ZAR,45.000,168891.76,1.000,173958.51
5300000437,Z100,0,3000,false,ZAR,54.000,315047.78,1.000,324499.21
5300000438,Z100,0,3000,false,ZAR,21.000,107734.20,1.000,110966.23
5300000439,Z100,0,2000,false,ZAR,40.000,133933.59,1.000,137951.60
5300000440,Z100,0,4000,false,ZAR,23.000,27918.76,1.000,28756.32
5300000441,Z100,0,3000,false,ZAR,130.000,279806.62,1.000,288200.82
5300000442,Z100,0,2000,false,ZAR,138.000,63964.57,1.000,65883.51
5300000443,Z100,0,2000,false,ZAR,105.000,402301.24,1.000,414370.28
5300000444,Z100,0,2000,false,ZAR,27.000,137437.66,1.000,141560.79
5300000445,Z100,0,4000,false,ZAR,58.000,276569.15,1.000,284866.22
5300000446,Z100,0,3000,false,ZAR,76.000,456482.84,1.000,470177.33
5300000447,Z100,0,4000,false,ZAR,37.000,89762.86,1.000,92455.75
5300000448,Z100,0,2000,false,ZAR,34.000,81755.22,1.000,84207.88
5300000449,Z100,0,3000,false,ZAR,30.000,281066.93,1.000,289498.94
5300000450,Z100,0,3000,false,ZAR,26.000,187767.58,1.000,193400.61
5300000451,Z100,0,2000,false,ZAR,16.000,110981.03,1.000,114310.46
5300000452,Z100,0,3000,false,ZAR,7.000,115727.24,1.000,119199.06
5300000453,Z100,0,4000,false,ZAR,17.000,118058.46,1.000,121600.21
5300000454,Z100,0,4000,false,ZAR,10.000,116197.57,1.000,119683.50
5300000455,Z100,0,4000,false,ZAR,118.000,19882.56,1.000,20479.04
5300000456,Z100,0,3000,false,ZAR,173.000,21261.26,1.000,21899.10
5300000457,Z100,0,1000,false,ZAR,51.000,298893.49,1.000,307860.29
5300000458,Z100,0,2000,false,ZAR,129.000,157730.46,1.000,162462.37
5300000459,Z100,0,2000,false,ZAR,30.000,94589.57,1.000,97427.26
5300000460,Z100,0,2000,false,ZAR,47.000,2770.29,1.000,2853.40
5300000461,Z100,0,3000,false,ZAR,52.000,95145.38,1.000,97999.74
5300000462,Z100,0,2000,false,ZAR,13.000,5755.34,1.000,5928.00
5300000463,Z100,0,1000,false,ZAR,107.000,462884.77,1.000,476771.31
5300000464,Z100,0,2000,false,ZAR,105.000,12381.74,1.000,12753.19
5300000465,Z100,0,4000,false,ZAR,10.000,52014.45,1.000,53574.88
5300000466,Z100,0,3000,false,ZAR,140.000,435240.47,1.000,448297.68
5300000467,Z100,0,2000,false,ZAR,58.000,84783.79,1.000,87327.30
5300000468,Z100,0,3000,false,ZAR,36.000,11820.41,1.000,12175.02
5300000469,Z100,0,4000,false,ZAR,8.000,13278.00,1.000,13676.34
5300000470,Z100,0,3000,false,ZAR,15.000,151337.17,1.000,155877.29
5300000471,Z100,0,4000,false,ZAR,224.000,10570.33,1.000,10887.44
5300000472,Z100,0,3000,false,ZAR,48.000,132739.56,1.000,136721.75
5300000473,Z100,0,3000,false,ZAR,164.000,140776.88,1.000,145000.19
5300000474,Z100,0,2000,false,ZAR,215.000,144397.94,1.000,148729.88
5300000475,Z100,0,4000,false,ZAR,34.000,276583.97,1.000,284881.49
5300000476,Z100,0,3000,false,ZAR,30.000,37058.34,1.000,38170.09
5300000477,Z100,0,2000,false,ZAR,47.000,14923.71,1.000,15371.42
5300000478,Z100,0,3000,false,ZAR,35.000,79258.69,1.000,81636.45
5300000479,Z100,0,2000,false,ZAR,85.000,84997.67,1.000,87547.60
5300000480,Z100,0,4000,false,ZAR,26.000,7373.14,1.000,7594.33
5300000481,Z100,0,3000,false,ZAR,58.000,7051.19,1.000,7262.73
5300000482,Z100,0,4000,false,ZAR,54.000,574973.18,1.000,592222.38
5300000483,Z100,0,4000,false,ZAR,117.000,68857.49,1.000,70923.21
5300000484,Z100,0,4000,false,ZAR,34.000,87991.36,1.000,90631.10
5300000485,Z100,0,4000,false,ZAR,72.000,561942.39,1.000,578800.66
5300000486,Z100,0,2000,false,ZAR,113.000,737639.72,1.000,759768.91
5300000487,Z100,0,1000,false,ZAR,36.000,46162.71,1.000,47547.59
5300000488,Z100,0,3000,false,ZAR,79.000,786986.88,1.000,810596.49
5300000489,Z100,0,4000,false,ZAR,12.000,19492.14,1.000,20076.90
5300000490,Z100,0,1000,false,ZAR,7.000,117085.62,1.000,120598.19
5300000491,Z100,0,1000,false,ZAR,47.000,16266.14,1.000,16754.12
5300000492,Z100,0,4000,false,ZAR,83.000,122442.17,1.000,126115.44
5300000493,Z100,0,4000,false,ZAR,72.000,12625.11,1.000,13003.86
5300000494,Z100,0,1000,false,ZAR,181.000,32453.19,1.000,33426.79
5300000495,Z100,0,1000,false,ZAR,63.000,463300.71,1.000,477199.73
5300000496,Z100,0,1000,false,ZAR,96.000,13929.97,1.000,14347.87
5300000497,Z100,0,4000,false,ZAR,7.000,76480.94,1.000,78775.37
5300000498,Z100,0,4000,false,ZAR,149.000,765360.81,1.000,788321.63
5300000499,Z100,0,3000,false,ZAR,63.000,133983.14,1.000,138002.63
5300000500,Z100,0,2000,false,ZAR,126.000,125735.44,1.000,129507.50
5300000501,Z100,0,1000,false,ZAR,31.000,3841.81,1.000,3957.06
5300000502,Z100,0,4000,false,ZAR,21.000,179086.71,1.000,184459.31
5300000503,Z100,0,2000,false,ZAR,118.000,90043.70,1.000,92745.01
5300000504,Z100,0,3000,false,ZAR,22.000,173042.33,1.000,178233.60
5300000505,Z100,0,2000,false,ZAR,10.000,142935.36,1.000,147223.42
5300000506,Z100,0,1000,false,ZAR,21.000,117464.17,1.000,120988.10
5300000507,Z100,0,2000,false,ZAR,47.000,80166.80,1.000,82571.80
5300000508,Z100,0,4000,false,ZAR,10.000,37676.13,1.000,38806.41
5300000509,Z100,0,1000,false,ZAR,133.000,612325.39,1.000,630695.15
5300000510,Z100,0,3000,false,ZAR,32.000,98541.25,1.000,101497.49
5300000511,Z100,0,2000,false,ZAR,101.000,238040.54,1.000,245181.76
5300000512,Z100,0,4000,false,ZAR,29.000,219047.62,1.000,225619.05
5300000513,Z100,0,1000,false,ZAR,133.000,698458.37,1.000,719412.12
5300000514,Z100,0,3000,false,ZAR,56.000,20201.62,1.000,20807.67
5300000515,Z100,0,1000,false,ZAR,47.000,65075.10,1.000,67027.35
5300000516,Z100,0,4000,false,ZAR,12.000,120254.76,1.000,123862.40
5300000517,Z100,0,1000,false,ZAR,44.000,340654.63,1.000,350874.27
5300000518,Z100,0,3000,false,ZAR,44.000,468129.46,1.000,482173.34
5300000519,Z100,0,4000,false,ZAR,15.000,299556.81,1.000,308543.51
5300000520,Z100,0,4000,false,ZAR,11.000,4710.84,1.000,4852.17
5300000521,Z100,0,2000,false,ZAR,50.000,40181.95,1.000,41387.41
5300000522,Z100,0,4000,false,ZAR,102.000,726696.49,1.000,748497.38
5300000523,Z100,0,3000,false,ZAR,57.000,11076.75,1.000,11409.05
5300000524,Z100,0,1000,false,ZAR,30.000,19663.92,1.000,20253.84
5300000525,Z100,0,2000,false,ZAR,78.000,17725.17,1.000,18256.93
5300000526,Z100,0,3000,false,ZAR,54.000,399959.36,1.000,411958.14
5300000527,Z100,0,2000,false,ZAR,97.000,297236.27,1.000,306153.36
5300000528,Z100,0,4000,false,ZAR,23.000,12059.18,1.000,12420.96
5300000529,Z100,0,3000,false,ZAR,53.000,12624.00,1.000,13002.72
5300000530,Z100,0,2000,false,ZAR,96.000,20278.49,1.000,20886.84
5300000531,Z100,0,4000,false,ZAR,35.000,9236.18,1.000,9513.27
5300000532,Z100,0,2000,false,ZAR,63.000,724896.44,1.000,746643.33
5300000533,Z100,0,1000,false,ZAR,68.000,523646.40,1.000,539355.79
5300000534,Z100,0,4000,false,ZAR,12.000,21445.70,1.000,22089.07
5300000535,Z100,0,1000,false,ZAR,100.000,65193.49,1.000,67149.29
5300000536,Z100,0,2000,false,ZAR,162.000,793040.64,1.000,816831.86
5300000537,Z100,0,3000,false,ZAR,42.000,8043.57,1.000,8284.88
5300000538,Z100,0,3000,false,ZAR,81.000,546232.65,1.000,562619.63
5300000539,Z100,0,1000,false,ZAR,57.000,36556.15,1.000,37652.83
5300000540,Z100,0,1000,false,ZAR,117.000,646053.07,1.000,665434.66
5300000541,Z100,0,3000,false,ZAR,12.000,115914.91,1.000,119392.36
5300000542,Z100,0,2000,false,ZAR,18.000,88918.98,1.000,91586.55
5300000543,Z100,0,1000,false,ZAR,137.000,722562.65,1.000,744239.53
5300000544,Z100,0,3000,false,ZAR,21.000,145776.72,1.000,150150.02
5300000545,Z100,0,4000,false,ZAR,122.000,44482.51,1.000,45816.99
5300000546,Z100,0,3000,false,ZAR,53.000,138547.18,1.000,142703.60
5300000547,Z100,0,1000,false,ZAR,125.000,216023.09,1.000,222503.78
5300000548,Z100,0,4000,false,ZAR,50.000,145571.39,1.000,149938.53
5300000549,Z100,0,1000,false,ZAR,84.000,60829.10,1.000,62653.97
5300000550,Z100,0,4000,false,ZAR,9.000,4147.98,1.000,4272.42
5300000551,Z100,0,3000,false,ZAR,14.000,28657.24,1.000,29516.96
5300000552,Z100,0,4000,false,ZAR,109.000,172242.77,1.000,177410.05
5300000553,Z100,0,3000,false,ZAR,234.000,138091.22,1.000,142233.96
5300000554,Z100,0,2000,false,ZAR,36.000,116199.82,1.000,119685.81
5300000555,Z100,0,1000,false,ZAR,99.000,152168.48,1.000,156733.53
5300000556,Z100,0,2000,false,ZAR,49.000,148188.15,1.000,152633.79
5300000557,Z100,0,4000,false,ZAR,123.000,110235.67,1.000,113542.74
5300000558,Z100,0,3000,false,ZAR,18.000,143927.38,1.000,148245.20
5300000559,Z100,0,1000,false,ZAR,43.000,9030.53,1.000,9301.45
5300000560,Z100,0,2000,false,ZAR,41.000,120334.62,1.000,123944.66
5300000561,Z100,0,1000,false,ZAR,46.000,345946.70,1.000,356325.10
5300000562,Z100,0,2000,false,ZAR,42.000,24279.78,1.000,25008.17
5300000563,Z100,0,3000,false,ZAR,61.000,390536.77,1.000,402252.87
5300000564,Z100,0,1000,false,ZAR,13.000,178576.09,1.000,183933.37
5300000565,Z100,0,2000,false,ZAR,43.000,21052.57,1.000,21684.15
5300000566,Z100,0,1000,false,ZAR,49.000,187398.82,1.000,193020.78
5300000567,Z100,0,3000,false,ZAR,31.000,67247.24,1.000,69264.66
5300000568,Z100,0,3000,false,ZAR,54.000,111780.08,1.000,115133.48
5300000569,Z100,0,3000,false,ZAR,52.000,128441.77,1.000,132295.02
5300000570,Z100,0,1000,false,ZAR,107.000,18929.80,1.000,19497.69
5300000571,Z100,0,4000,false,ZAR,38.000,24744.50,1.000,25486.83
5300000572,Z100,0,2000,false,ZAR,100.000,20327.85,1.000,20937.69
5300000573,Z100,0,2000,false,ZAR,64.000,418574.59,1.000,431131.83
5300000574,Z100,0,2000,false,ZAR,52.000,63967.34,1.000,65886.36
5300000575,Z100,0,2000,false,ZAR,13.000,126386.31,1.000,130177.90
5300000576,Z100,0,4000,false,ZAR,59.000,128388.91,1.000,132240.58
5300000577,Z100,0,1000,false,ZAR,17.000,103302.29,1.000,106401.36
5300000578,Z100,0,3000,false,ZAR,175.000,665391.62,1.000,685353.37
5300000579,Z100,0,2000,false,ZAR,204.000,94574.65,1.000,97411.89
5300000580,Z100,0,2000,false,ZAR,106.000,143363.24,1.000,147664.14
5300000581,Z100,0,3000,false,ZAR,11.000,136595.50,1.000,140693.36
5300000582,Z100,0,4000,false,ZAR,54.000,108896.15,1.000,112163.03
5300000583,Z100,0,4000,false,ZAR,32.000,112128.33,1.000,115492.18
5300000584,Z100,0,1000,false,ZAR,50.000,44062.49,1.000,45384.36
5300000585,Z100,0,2000,false,ZAR,45.000,162431.12,1.000,167304.05
5300000586,Z100,0,1000,false,ZAR,37.000,8724.06,1.000,8985.78
5300000587,Z100,0,1000,false,ZAR,55.000,175819.47,1.000,181094.05
5300000588,Z100,0,2000,false,ZAR,7.000,102926.73,1.000,106014.53
5300000589,Z100,0,4000,false,ZAR,104.000,23749.56,1.000,24462.05
5300000590,Z100,0,3000,false,ZAR,112.000,106611.88,1.000,109810.24
5300000591,Z100,0,2000,false,ZAR,83.000,15208.26,1.000,15664.51
5300000592,Z100,0,2000,false,ZAR,50.000,290023.19,1.000,298723.89
5300000593,Z100,0,1000,false,ZAR,56.000,158523.78,1.000,163279.49
5300000594,Z100,0,4000,false,ZAR,55.000,6572.30,1.000,6769.47
5300000595,Z100,0,3000,false,ZAR,18.000,14843.56,1.000,15288.87
5300000596,Z100,0,3000,false,ZAR,10.000,6792.80,1.000,6996.58
5300000597,Z100,0,3000,false,ZAR,60.000,254274.88,1.000,261903.13
5300000598,Z100,0,2000,false,ZAR,54.000,288173.13,1.000,296818.32
