id,approval_type,entity_type,rr_id,pr_id,po_id,approval_level,approver_id,approver_role,status,match_tier,urgency,related_chat_session_id,submitted_at,action_at,comments
1,DOA,RR,1,,,1,3,COMMERCIAL_MANAGER,APPROVED,,Normal,,2026-03-31T05:46:36.003322+00:00,2026-04-01T05:46:36.003322+00:00,Approved (synthetic).
2,DOA,RR,2,,,1,3,COMMERCIAL_MANAGER,APPROVED,,High,,2026-07-14T00:46:36.003322+00:00,2026-07-18T00:46:36.003322+00:00,Approved (synthetic).
3,DOA,RR,3,,,1,2,ENGINEERING_MANAGER,APPROVED,,Normal,,2026-03-17T07:46:36.003322+00:00,2026-03-18T07:46:36.003322+00:00,Approved (synthetic).
4,DOA,RR,4,,,1,3,COMMERCIAL_MANAGER,PENDING,,High,,2026-07-29T10:46:36.003322+00:00,,
5,DOA,RR,5,,,1,2,ENGINEERING_MANAGER,APPROVED,,Normal,,2026-05-14T15:46:36.003322+00:00,2026-05-16T15:46:36.003322+00:00,Approved (synthetic).
6,DOA,RR,6,,,1,15,COMMERCIAL_MANAGER,APPROVED,,Normal,,2026-04-04T22:46:36.003322+00:00,2026-04-08T22:46:36.003322+00:00,Approved (synthetic).
7,DOA,RR,7,,,1,2,ENGINEERING_MANAGER,REJECTED,,High,,2025-12-23T13:46:36.003322+00:00,2025-12-27T13:46:36.003322+00:00,Rejected at DOA stage - insufficient justification (synthetic).
8,DOA,RR,8,,,1,2,ENGINEERING_MANAGER,APPROVED,,Critical,,2026-02-24T06:46:36.003322+00:00,2026-02-26T06:46:36.003322+00:00,Approved (synthetic).
9,DOA,RR,9,,,1,2,ENGINEERING_MANAGER,REJECTED,,Normal,,2026-06-17T04:46:36.003322+00:00,2026-06-19T04:46:36.003322+00:00,Rejected at DOA stage - insufficient justification (synthetic).
10,DOA,RR,10,,,1,3,COMMERCIAL_MANAGER,APPROVED,,Normal,,2026-03-27T04:46:36.003322+00:00,2026-03-29T04:46:36.003322+00:00,Approved (synthetic).
11,DOA,RR,11,,,1,3,COMMERCIAL_MANAGER,APPROVED,,High,,2026-01-16T22:46:36.003322+00:00,2026-01-17T22:46:36.003322+00:00,Approved (synthetic).
12,DOA,RR,12,,,1,15,COMMERCIAL_MANAGER,APPROVED,,Critical,,2026-05-06T16:46:36.003322+00:00,2026-05-10T16:46:36.003322+00:00,Approved (synthetic).
13,DOA,RR,13,,,2,15,COMMERCIAL_MANAGER,ESCALATED,,Normal,,2026-08-19T12:46:36.003322+00:00,2026-08-21T12:46:36.003322+00:00,Escalated for further commercial review (synthetic).
14,DOA,RR,14,,,2,2,ENGINEERING_MANAGER,ESCALATED,,Normal,,2025-12-03T14:46:36.003322+00:00,2025-12-05T14:46:36.003322+00:00,Escalated for further commercial review (synthetic).
15,DOA,RR,15,,,1,3,COMMERCIAL_MANAGER,APPROVED,,High,,2026-04-11T15:46:36.003322+00:00,2026-04-14T15:46:36.003322+00:00,Approved (synthetic).
16,DOA,RR,16,,,1,3,COMMERCIAL_MANAGER,APPROVED,,Critical,,2026-03-21T12:46:36.003322+00:00,2026-03-25T12:46:36.003322+00:00,Approved (synthetic).
17,DOA,RR,17,,,1,15,COMMERCIAL_MANAGER,APPROVED,,Normal,,2026-05-11T07:46:36.003322+00:00,2026-05-12T07:46:36.003322+00:00,Approved (synthetic).
18,DOA,RR,18,,,1,2,ENGINEERING_MANAGER,APPROVED,,High,,2026-07-25T06:46:36.003322+00:00,2026-07-26T06:46:36.003322+00:00,Approved (synthetic).
19,DOA,RR,19,,,1,3,COMMERCIAL_MANAGER,APPROVED,,Normal,,2026-07-13T03:46:36.003322+00:00,2026-07-17T03:46:36.003322+00:00,Approved (synthetic).
20,DOA,RR,20,,,1,15,COMMERCIAL_MANAGER,APPROVED,,Normal,,2026-03-15T12:46:36.003322+00:00,2026-03-18T12:46:36.003322+00:00,Approved (synthetic).
21,DOA,RR,21,,,1,15,COMMERCIAL_MANAGER,APPROVED,,Normal,,2026-06-02T08:46:36.003322+00:00,2026-06-04T08:46:36.003322+00:00,Approved (synthetic).
22,DOA,RR,22,,,1,15,COMMERCIAL_MANAGER,PENDING,,High,,2026-07-15T08:46:36.003322+00:00,,
23,DOA,RR,23,,,1,3,COMMERCIAL_MANAGER,APPROVED,,Normal,,2026-05-11T14:46:36.003322+00:00,2026-05-13T14:46:36.003322+00:00,Approved (synthetic).
24,DOA,RR,24,,,1,15,COMMERCIAL_MANAGER,APPROVED,,Normal,,2026-02-27T14:46:36.003322+00:00,2026-02-28T14:46:36.003322+00:00,Approved (synthetic).
25,DOA,RR,25,,,1,2,ENGINEERING_MANAGER,APPROVED,,Normal,,2026-05-29T03:46:36.003322+00:00,2026-05-30T03:46:36.003322+00:00,Approved (synthetic).
26,DOA,RR,26,,,1,15,COMMERCIAL_MANAGER,APPROVED,,Normal,,2025-12-21T23:46:36.003322+00:00,2026-01-22T23:46:36.003322+00:00,Approved (synthetic).
27,DOA,RR,27,,,1,2,ENGINEERING_MANAGER,APPROVED,,Normal,,2026-07-18T17:46:36.003322+00:00,2026-07-20T17:46:36.003322+00:00,Approved (synthetic).
28,DOA,RR,28,,,1,2,ENGINEERING_MANAGER,APPROVED,,Normal,,2026-01-27T04:46:36.003322+00:00,2026-01-31T04:46:36.003322+00:00,Approved (synthetic).
29,DOA,RR,29,,,1,2,ENGINEERING_MANAGER,APPROVED,,Normal,,2025-12-28T04:46:36.003322+00:00,2026-01-01T04:46:36.003322+00:00,Approved (synthetic).
30,DOA,RR,30,,,1,15,COMMERCIAL_MANAGER,APPROVED,,High,,2026-06-02T03:46:36.003322+00:00,2026-06-03T03:46:36.003322+00:00,Approved (synthetic).
31,DOA,RR,31,,,1,15,COMMERCIAL_MANAGER,APPROVED,,High,,2025-12-17T17:46:36.003322+00:00,2025-12-18T17:46:36.003322+00:00,Approved (synthetic).
32,DOA,RR,32,,,1,2,ENGINEERING_MANAGER,APPROVED,,Normal,,2025-11-29T06:46:36.003322+00:00,2025-11-30T06:46:36.003322+00:00,Approved (synthetic).
33,DOA,RR,33,,,1,2,ENGINEERING_MANAGER,APPROVED,,High,,2026-04-20T02:46:36.003322+00:00,2026-04-24T02:46:36.003322+00:00,Approved (synthetic).
34,DOA,RR,34,,,1,3,COMMERCIAL_MANAGER,APPROVED,,Normal,,2026-04-25T00:46:36.003322+00:00,2026-04-28T00:46:36.003322+00:00,Approved (synthetic).
35,DOA,RR,35,,,2,2,ENGINEERING_MANAGER,ESCALATED,,Normal,,2026-03-12T05:46:36.003322+00:00,2026-03-14T05:46:36.003322+00:00,Escalated for further commercial review (synthetic).
36,DOA,RR,36,,,1,2,ENGINEERING_MANAGER,APPROVED,,High,,2026-05-29T20:46:36.003322+00:00,2026-05-30T20:46:36.003322+00:00,Approved (synthetic).
37,DOA,RR,37,,,2,2,ENGINEERING_MANAGER,ESCALATED,,Normal,,2026-08-24T04:46:36.003322+00:00,2026-08-26T04:46:36.003322+00:00,Escalated for further commercial review (synthetic).
38,DOA,RR,38,,,1,15,COMMERCIAL_MANAGER,APPROVED,,Normal,,2026-05-17T13:46:36.003322+00:00,2026-05-21T13:46:36.003322+00:00,Approved (synthetic).
39,DOA,RR,39,,,1,2,ENGINEERING_MANAGER,APPROVED,,Normal,,2026-05-01T02:46:36.003322+00:00,2026-05-04T02:46:36.003322+00:00,Approved (synthetic).
40,DOA,RR,40,,,1,15,COMMERCIAL_MANAGER,APPROVED,,High,,2026-04-25T16:46:36.003322+00:00,2026-04-28T16:46:36.003322+00:00,Approved (synthetic).
41,DOA,RR,41,,,1,2,ENGINEERING_MANAGER,APPROVED,,Critical,,2025-12-27T16:46:36.003322+00:00,2026-01-17T16:46:36.003322+00:00,Approved (synthetic).
42,DOA,RR,42,,,1,2,ENGINEERING_MANAGER,APPROVED,,Normal,,2026-02-18T06:46:36.003322+00:00,2026-02-19T06:46:36.003322+00:00,Approved (synthetic).
43,DOA,RR,43,,,1,15,COMMERCIAL_MANAGER,APPROVED,,High,,2026-01-18T15:46:36.003322+00:00,2026-01-19T15:46:36.003322+00:00,Approved (synthetic).
44,DOA,RR,44,,,1,3,COMMERCIAL_MANAGER,APPROVED,,Normal,,2026-08-03T18:46:36.003322+00:00,2026-08-05T18:46:36.003322+00:00,Approved (synthetic).
45,DOA,RR,45,,,1,2,ENGINEERING_MANAGER,APPROVED,,High,,2026-01-22T14:46:36.003322+00:00,2026-01-26T14:46:36.003322+00:00,Approved (synthetic).
46,DOA,RR,46,,,1,2,ENGINEERING_MANAGER,APPROVED,,Normal,,2026-06-05T08:46:36.003322+00:00,2026-06-07T08:46:36.003322+00:00,Approved (synthetic).
47,DOA,RR,47,,,1,15,COMMERCIAL_MANAGER,APPROVED,,Normal,,2026-04-05T23:46:36.003322+00:00,2026-04-07T23:46:36.003322+00:00,Approved (synthetic).
48,DOA,RR,48,,,1,2,ENGINEERING_MANAGER,APPROVED,,Normal,,2025-12-25T23:46:36.003322+00:00,2025-12-27T23:46:36.003322+00:00,Approved (synthetic).
49,DOA,RR,49,,,1,15,COMMERCIAL_MANAGER,APPROVED,,Critical,,2026-01-17T21:46:36.003322+00:00,2026-02-19T21:46:36.003322+00:00,Approved (synthetic).
50,DOA,RR,50,,,1,3,COMMERCIAL_MANAGER,APPROVED,,Normal,,2026-05-29T13:46:36.003322+00:00,2026-06-02T13:46:36.003322+00:00,Approved (synthetic).
51,DOA,RR,51,,,1,2,ENGINEERING_MANAGER,APPROVED,,Normal,,2026-05-19T17:46:36.003322+00:00,2026-05-23T17:46:36.003322+00:00,Approved (synthetic).
52,DOA,RR,52,,,1,3,COMMERCIAL_MANAGER,APPROVED,,High,,2026-06-15T06:46:36.003322+00:00,2026-06-17T06:46:36.003322+00:00,Approved (synthetic).
53,DOA,RR,53,,,1,2,ENGINEERING_MANAGER,APPROVED,,Normal,,2025-12-27T14:46:36.003322+00:00,2025-12-31T14:46:36.003322+00:00,Approved (synthetic).
54,DOA,RR,54,,,1,2,ENGINEERING_MANAGER,APPROVED,,High,,2025-12-04T10:46:36.003322+00:00,2025-12-05T10:46:36.003322+00:00,Approved (synthetic).
55,DOA,RR,55,,,1,2,ENGINEERING_MANAGER,APPROVED,,Normal,,2025-12-16T07:46:36.003322+00:00,2025-12-19T07:46:36.003322+00:00,Approved (synthetic).
56,DOA,RR,56,,,1,2,ENGINEERING_MANAGER,APPROVED,,Critical,,2026-06-01T23:46:36.003322+00:00,2026-06-02T23:46:36.003322+00:00,Approved (synthetic).
57,DOA,RR,57,,,1,2,ENGINEERING_MANAGER,APPROVED,,High,,2025-12-17T11:46:36.003322+00:00,2025-12-21T11:46:36.003322+00:00,Approved (synthetic).
58,DOA,RR,58,,,1,2,ENGINEERING_MANAGER,APPROVED,,Normal,,2026-04-18T23:46:36.003322+00:00,2026-04-19T23:46:36.003322+00:00,Approved (synthetic).
59,DOA,RR,59,,,1,15,COMMERCIAL_MANAGER,APPROVED,,Normal,,2025-12-11T05:46:36.003322+00:00,2025-12-12T05:46:36.003322+00:00,Approved (synthetic).
60,DOA,RR,60,,,1,2,ENGINEERING_MANAGER,APPROVED,,High,,2026-08-24T05:46:36.003322+00:00,2026-08-28T05:46:36.003322+00:00,Approved (synthetic).
61,DOA,RR,61,,,1,15,COMMERCIAL_MANAGER,APPROVED,,High,,2026-07-18T05:46:36.003322+00:00,2026-07-20T05:46:36.003322+00:00,Approved (synthetic).
62,DOA,RR,62,,,1,3,COMMERCIAL_MANAGER,APPROVED,,Normal,,2026-04-03T17:46:36.003322+00:00,2026-04-07T17:46:36.003322+00:00,Approved (synthetic).
63,DOA,RR,63,,,1,2,ENGINEERING_MANAGER,APPROVED,,Normal,,2026-04-07T15:46:36.003322+00:00,2026-04-22T15:46:36.003322+00:00,Approved (synthetic).
64,DOA,RR,64,,,1,3,COMMERCIAL_MANAGER,APPROVED,,Normal,,2026-04-16T15:46:36.003322+00:00,2026-04-20T15:46:36.003322+00:00,Approved (synthetic).
65,DOA,RR,65,,,1,15,COMMERCIAL_MANAGER,APPROVED,,Normal,,2026-03-13T21:46:36.003322+00:00,2026-03-17T21:46:36.003322+00:00,Approved (synthetic).
66,DOA,RR,66,,,1,3,COMMERCIAL_MANAGER,APPROVED,,High,,2026-03-21T15:46:36.003322+00:00,2026-03-23T15:46:36.003322+00:00,Approved (synthetic).
67,DOA,RR,67,,,1,2,ENGINEERING_MANAGER,APPROVED,,Normal,,2026-01-19T06:46:36.003322+00:00,2026-01-20T06:46:36.003322+00:00,Approved (synthetic).
68,DOA,RR,68,,,1,2,ENGINEERING_MANAGER,APPROVED,,Normal,,2026-06-13T00:46:36.003322+00:00,2026-06-16T00:46:36.003322+00:00,Approved (synthetic).
69,DOA,RR,69,,,1,2,ENGINEERING_MANAGER,APPROVED,,Normal,,2026-01-18T11:46:36.003322+00:00,2026-01-19T11:46:36.003322+00:00,Approved (synthetic).
70,DOA,RR,70,,,1,15,COMMERCIAL_MANAGER,APPROVED,,Normal,,2026-06-05T01:46:36.003322+00:00,2026-06-06T01:46:36.003322+00:00,Approved (synthetic).
71,DOA,RR,71,,,1,15,COMMERCIAL_MANAGER,APPROVED,,Normal,,2026-04-16T19:46:36.003322+00:00,2026-04-20T19:46:36.003322+00:00,Approved (synthetic).
72,DOA,RR,72,,,1,15,COMMERCIAL_MANAGER,APPROVED,,High,,2026-08-07T00:46:36.003322+00:00,2026-08-10T00:46:36.003322+00:00,Approved (synthetic).
73,DOA,RR,73,,,1,3,COMMERCIAL_MANAGER,APPROVED,,Normal,,2026-05-09T02:46:36.003322+00:00,2026-05-10T02:46:36.003322+00:00,Approved (synthetic).
74,DOA,RR,74,,,1,15,COMMERCIAL_MANAGER,APPROVED,,Critical,,2026-06-02T07:46:36.003322+00:00,2026-06-03T07:46:36.003322+00:00,Approved (synthetic).
75,DOA,RR,75,,,1,2,ENGINEERING_MANAGER,APPROVED,,High,,2026-07-12T01:46:36.003322+00:00,2026-07-15T01:46:36.003322+00:00,Approved (synthetic).
76,DOA,RR,76,,,1,3,COMMERCIAL_MANAGER,APPROVED,,High,,2026-05-09T20:46:36.003322+00:00,2026-05-13T20:46:36.003322+00:00,Approved (synthetic).
77,DOA,RR,77,,,1,2,ENGINEERING_MANAGER,APPROVED,,High,,2026-03-31T17:46:36.003322+00:00,2026-04-04T17:46:36.003322+00:00,Approved (synthetic).
78,DOA,RR,78,,,1,2,ENGINEERING_MANAGER,APPROVED,,Normal,,2026-04-29T04:46:36.003322+00:00,2026-04-30T04:46:36.003322+00:00,Approved (synthetic).
79,DOA,RR,79,,,1,3,COMMERCIAL_MANAGER,APPROVED,,Normal,,2025-12-15T01:46:36.003322+00:00,2025-12-17T01:46:36.003322+00:00,Approved (synthetic).
80,DOA,RR,80,,,1,2,ENGINEERING_MANAGER,APPROVED,,High,,2025-12-29T21:46:36.003322+00:00,2025-12-31T21:46:36.003322+00:00,Approved (synthetic).
81,DOA,RR,81,,,1,3,COMMERCIAL_MANAGER,APPROVED,,Normal,,2026-01-18T13:46:36.003322+00:00,2026-01-21T13:46:36.003322+00:00,Approved (synthetic).
82,DOA,RR,82,,,1,15,COMMERCIAL_MANAGER,APPROVED,,Normal,,2026-02-15T00:46:36.003322+00:00,2026-02-18T00:46:36.003322+00:00,Approved (synthetic).
83,DOA,RR,83,,,1,2,ENGINEERING_MANAGER,APPROVED,,Normal,,2026-04-20T06:46:36.003322+00:00,2026-04-22T06:46:36.003322+00:00,Approved (synthetic).
84,DOA,RR,84,,,1,3,COMMERCIAL_MANAGER,APPROVED,,Normal,,2026-06-13T11:46:36.003322+00:00,2026-06-14T11:46:36.003322+00:00,Approved (synthetic).
85,DOA,RR,85,,,1,2,ENGINEERING_MANAGER,APPROVED,,High,,2026-06-14T21:46:36.003322+00:00,2026-06-15T21:46:36.003322+00:00,Approved (synthetic).
86,DOA,RR,86,,,1,2,ENGINEERING_MANAGER,APPROVED,,Normal,,2026-05-29T02:46:36.003322+00:00,2026-06-01T02:46:36.003322+00:00,Approved (synthetic).
87,DOA,RR,87,,,1,3,COMMERCIAL_MANAGER,APPROVED,,High,,2025-12-10T22:46:36.003322+00:00,2026-01-05T22:46:36.003322+00:00,Approved (synthetic).
88,DOA,RR,88,,,1,15,COMMERCIAL_MANAGER,APPROVED,,High,,2026-02-01T22:46:36.003322+00:00,2026-02-02T22:46:36.003322+00:00,Approved (synthetic).
89,DOA,RR,89,,,1,15,COMMERCIAL_MANAGER,APPROVED,,Normal,,2026-06-15T03:46:36.003322+00:00,2026-06-16T03:46:36.003322+00:00,Approved (synthetic).
90,DOA,RR,91,,,1,15,COMMERCIAL_MANAGER,APPROVED,,High,,2026-01-21T20:46:36.003322+00:00,2026-01-24T20:46:36.003322+00:00,Approved (synthetic).
91,DOA,RR,92,,,1,3,COMMERCIAL_MANAGER,APPROVED,,Normal,,2026-01-15T00:46:36.003322+00:00,2026-01-16T00:46:36.003322+00:00,Approved (synthetic).
92,DOA,RR,93,,,1,15,COMMERCIAL_MANAGER,APPROVED,,Normal,,2026-04-22T00:46:36.003322+00:00,2026-04-25T00:46:36.003322+00:00,Approved (synthetic).
93,DOA,RR,94,,,1,15,COMMERCIAL_MANAGER,APPROVED,,Normal,,2026-08-24T04:46:36.003322+00:00,2026-08-26T04:46:36.003322+00:00,Approved (synthetic).
94,DOA,RR,95,,,1,2,ENGINEERING_MANAGER,APPROVED,,High,,2026-08-24T03:46:36.003322+00:00,2026-08-26T03:46:36.003322+00:00,Approved (synthetic).
95,DOA,RR,96,,,1,3,COMMERCIAL_MANAGER,APPROVED,,High,,2026-06-02T19:46:36.003322+00:00,2026-06-04T19:46:36.003322+00:00,Approved (synthetic).
96,DOA,RR,97,,,1,2,ENGINEERING_MANAGER,APPROVED,,Normal,,2026-03-30T15:46:36.003322+00:00,2026-03-31T15:46:36.003322+00:00,Approved (synthetic).
97,DOA,RR,98,,,1,2,ENGINEERING_MANAGER,APPROVED,,Normal,,2026-04-11T18:46:36.003322+00:00,2026-04-14T18:46:36.003322+00:00,Approved (synthetic).
98,DOA,RR,99,,,1,15,COMMERCIAL_MANAGER,APPROVED,,Normal,,2026-05-07T17:46:36.003322+00:00,2026-05-09T17:46:36.003322+00:00,Approved (synthetic).
99,DOA,RR,100,,,1,15,COMMERCIAL_MANAGER,APPROVED,,High,,2026-07-12T16:46:36.003322+00:00,2026-07-15T16:46:36.003322+00:00,Approved (synthetic).
100,DOA,RR,101,,,1,2,ENGINEERING_MANAGER,APPROVED,,Normal,,2025-12-10T09:46:36.003322+00:00,2025-12-14T09:46:36.003322+00:00,Approved (synthetic).
101,DOA,RR,102,,,1,3,COMMERCIAL_MANAGER,APPROVED,,High,,2026-04-01T05:46:36.003322+00:00,2026-04-04T05:46:36.003322+00:00,Approved (synthetic).
102,DOA,RR,103,,,2,2,ENGINEERING_MANAGER,ESCALATED,,Normal,,2026-08-06T08:46:36.003322+00:00,2026-08-08T08:46:36.003322+00:00,Escalated for further commercial review (synthetic).
103,DOA,RR,104,,,1,15,COMMERCIAL_MANAGER,APPROVED,,High,,2026-06-17T22:46:36.003322+00:00,2026-06-20T22:46:36.003322+00:00,Approved (synthetic).
104,DOA,RR,105,,,1,2,ENGINEERING_MANAGER,APPROVED,,Normal,,2026-08-05T01:46:36.003322+00:00,2026-08-06T01:46:36.003322+00:00,Approved (synthetic).
105,DOA,RR,106,,,1,3,COMMERCIAL_MANAGER,APPROVED,,Normal,,2026-05-03T03:46:36.003322+00:00,2026-05-06T03:46:36.003322+00:00,Approved (synthetic).
106,DOA,RR,107,,,1,2,ENGINEERING_MANAGER,APPROVED,,High,,2026-05-29T12:46:36.003322+00:00,2026-06-02T12:46:36.003322+00:00,Approved (synthetic).
107,DOA,RR,108,,,1,2,ENGINEERING_MANAGER,APPROVED,,Normal,,2026-01-16T02:46:36.003322+00:00,2026-01-20T02:46:36.003322+00:00,Approved (synthetic).
108,DOA,RR,109,,,1,15,COMMERCIAL_MANAGER,PENDING,,Normal,,2026-06-16T23:46:36.003322+00:00,,
109,DOA,RR,110,,,1,2,ENGINEERING_MANAGER,APPROVED,,Normal,,2026-01-28T16:46:36.003322+00:00,2026-01-30T16:46:36.003322+00:00,Approved (synthetic).
110,DOA,RR,111,,,1,15,COMMERCIAL_MANAGER,APPROVED,,High,,2025-12-13T19:46:36.003322+00:00,2025-12-17T19:46:36.003322+00:00,Approved (synthetic).
111,DOA,RR,112,,,1,2,ENGINEERING_MANAGER,APPROVED,,Normal,,2026-05-20T18:46:36.003322+00:00,2026-05-21T18:46:36.003322+00:00,Approved (synthetic).
112,DOA,RR,113,,,1,2,ENGINEERING_MANAGER,APPROVED,,Normal,,2026-07-08T23:46:36.003322+00:00,2026-07-31T23:46:36.003322+00:00,Approved (synthetic).
113,DOA,RR,114,,,1,15,COMMERCIAL_MANAGER,APPROVED,,High,,2026-04-28T09:46:36.003322+00:00,2026-04-30T09:46:36.003322+00:00,Approved (synthetic).
114,DOA,RR,115,,,1,2,ENGINEERING_MANAGER,APPROVED,,Normal,,2026-07-25T16:46:36.003322+00:00,2026-07-28T16:46:36.003322+00:00,Approved (synthetic).
115,DOA,RR,116,,,1,2,ENGINEERING_MANAGER,APPROVED,,Normal,,2025-12-09T05:46:36.003322+00:00,2025-12-11T05:46:36.003322+00:00,Approved (synthetic).
116,DOA,RR,117,,,1,2,ENGINEERING_MANAGER,APPROVED,,High,,2026-08-08T19:46:36.003322+00:00,2026-08-12T19:46:36.003322+00:00,Approved (synthetic).
117,DOA,RR,118,,,1,2,ENGINEERING_MANAGER,APPROVED,,High,,2025-12-14T15:46:36.003322+00:00,2025-12-18T15:46:36.003322+00:00,Approved (synthetic).
118,DOA,RR,119,,,1,2,ENGINEERING_MANAGER,APPROVED,,High,,2026-02-13T21:46:36.003322+00:00,2026-02-15T21:46:36.003322+00:00,Approved (synthetic).
119,DOA,RR,120,,,1,2,ENGINEERING_MANAGER,APPROVED,,Normal,,2026-03-23T17:46:36.003322+00:00,2026-03-26T17:46:36.003322+00:00,Approved (synthetic).
120,DOA,RR,121,,,1,15,COMMERCIAL_MANAGER,APPROVED,,Critical,,2026-02-25T13:46:36.003322+00:00,2026-03-01T13:46:36.003322+00:00,Approved (synthetic).
121,DOA,RR,122,,,1,2,ENGINEERING_MANAGER,APPROVED,,High,,2026-08-22T09:46:36.003322+00:00,2026-08-24T09:46:36.003322+00:00,Approved (synthetic).
122,DOA,RR,123,,,1,2,ENGINEERING_MANAGER,APPROVED,,Normal,,2026-03-13T11:46:36.003322+00:00,2026-04-15T11:46:36.003322+00:00,Approved (synthetic).
123,DOA,RR,124,,,1,15,COMMERCIAL_MANAGER,APPROVED,,Normal,,2026-03-30T03:46:36.003322+00:00,2026-03-31T03:46:36.003322+00:00,Approved (synthetic).
124,DOA,RR,125,,,1,2,ENGINEERING_MANAGER,PENDING,,High,,2026-08-20T03:46:36.003322+00:00,,
125,DOA,RR,126,,,1,2,ENGINEERING_MANAGER,APPROVED,,Normal,,2026-08-16T01:46:36.003322+00:00,2026-08-17T01:46:36.003322+00:00,Approved (synthetic).
126,DOA,RR,127,,,1,2,ENGINEERING_MANAGER,APPROVED,,Normal,,2026-07-28T21:46:36.003322+00:00,2026-08-01T21:46:36.003322+00:00,Approved (synthetic).
127,DOA,RR,128,,,1,15,COMMERCIAL_MANAGER,PENDING,,High,,2026-06-12T21:46:36.003322+00:00,,
128,DOA,RR,129,,,1,3,COMMERCIAL_MANAGER,APPROVED,,High,,2026-01-16T18:46:36.003322+00:00,2026-01-19T18:46:36.003322+00:00,Approved (synthetic).
129,DOA,RR,130,,,1,3,COMMERCIAL_MANAGER,APPROVED,,Normal,,2026-05-11T07:46:36.003322+00:00,2026-05-15T07:46:36.003322+00:00,Approved (synthetic).
130,DOA,RR,131,,,1,2,ENGINEERING_MANAGER,APPROVED,,Normal,,2026-03-13T23:46:36.003322+00:00,2026-03-17T23:46:36.003322+00:00,Approved (synthetic).
131,DOA,RR,132,,,1,3,COMMERCIAL_MANAGER,APPROVED,,Normal,,2025-12-07T00:46:36.003322+00:00,2025-12-11T00:46:36.003322+00:00,Approved (synthetic).
132,DOA,RR,133,,,1,2,ENGINEERING_MANAGER,APPROVED,,High,,2026-03-17T12:46:36.003322+00:00,2026-03-19T12:46:36.003322+00:00,Approved (synthetic).
133,DOA,RR,134,,,1,2,ENGINEERING_MANAGER,APPROVED,,Normal,,2026-05-10T03:46:36.003322+00:00,2026-05-11T03:46:36.003322+00:00,Approved (synthetic).
134,DOA,RR,135,,,1,2,ENGINEERING_MANAGER,APPROVED,,Normal,,2026-07-14T20:46:36.003322+00:00,2026-07-16T20:46:36.003322+00:00,Approved (synthetic).
135,DOA,RR,136,,,1,3,COMMERCIAL_MANAGER,PENDING,,High,,2026-06-25T08:46:36.003322+00:00,,
136,DOA,RR,137,,,1,2,ENGINEERING_MANAGER,APPROVED,,Critical,,2026-02-21T22:46:36.003322+00:00,2026-02-23T22:46:36.003322+00:00,Approved (synthetic).
137,DOA,RR,138,,,1,2,ENGINEERING_MANAGER,APPROVED,,Normal,,2026-06-21T18:46:36.003322+00:00,2026-06-22T18:46:36.003322+00:00,Approved (synthetic).
138,DOA,RR,139,,,1,2,ENGINEERING_MANAGER,APPROVED,,Normal,,2026-01-19T15:46:36.003322+00:00,2026-01-23T15:46:36.003322+00:00,Approved (synthetic).
139,DOA,RR,140,,,1,3,COMMERCIAL_MANAGER,APPROVED,,Normal,,2026-04-30T20:46:36.003322+00:00,2026-05-02T20:46:36.003322+00:00,Approved (synthetic).
140,DOA,RR,141,,,1,3,COMMERCIAL_MANAGER,APPROVED,,Normal,,2026-03-20T16:46:36.003322+00:00,2026-03-23T16:46:36.003322+00:00,Approved (synthetic).
141,DOA,RR,142,,,1,3,COMMERCIAL_MANAGER,APPROVED,,High,,2026-08-14T12:46:36.003322+00:00,2026-08-18T12:46:36.003322+00:00,Approved (synthetic).
142,DOA,RR,143,,,1,15,COMMERCIAL_MANAGER,APPROVED,,Normal,,2025-12-03T12:46:36.003322+00:00,2025-12-04T12:46:36.003322+00:00,Approved (synthetic).
143,DOA,RR,144,,,1,2,ENGINEERING_MANAGER,APPROVED,,High,,2025-11-29T07:46:36.003322+00:00,2025-12-02T07:46:36.003322+00:00,Approved (synthetic).
144,DOA,RR,145,,,1,2,ENGINEERING_MANAGER,APPROVED,,Normal,,2026-08-01T00:46:36.003322+00:00,2026-08-05T00:46:36.003322+00:00,Approved (synthetic).
145,DOA,RR,146,,,1,2,ENGINEERING_MANAGER,APPROVED,,Normal,,2026-07-28T03:46:36.003322+00:00,2026-07-29T03:46:36.003322+00:00,Approved (synthetic).
146,DOA,RR,147,,,1,15,COMMERCIAL_MANAGER,APPROVED,,High,,2025-12-30T21:46:36.003322+00:00,2026-01-02T21:46:36.003322+00:00,Approved (synthetic).
147,DOA,RR,148,,,1,2,ENGINEERING_MANAGER,APPROVED,,Normal,,2026-01-28T05:46:36.003322+00:00,2026-02-01T05:46:36.003322+00:00,Approved (synthetic).
148,DOA,RR,149,,,1,3,COMMERCIAL_MANAGER,APPROVED,,Normal,,2026-08-21T11:46:36.003322+00:00,2026-08-25T11:46:36.003322+00:00,Approved (synthetic).
149,DOA,RR,150,,,1,3,COMMERCIAL_MANAGER,APPROVED,,Normal,,2026-04-10T11:46:36.003322+00:00,2026-04-13T11:46:36.003322+00:00,Approved (synthetic).
150,DOA,RR,151,,,1,2,ENGINEERING_MANAGER,APPROVED,,Normal,,2026-02-14T19:46:36.003322+00:00,2026-02-16T19:46:36.003322+00:00,Approved (synthetic).
151,DOA,RR,152,,,1,15,COMMERCIAL_MANAGER,APPROVED,,Normal,,2026-07-21T08:46:36.003322+00:00,2026-07-22T08:46:36.003322+00:00,Approved (synthetic).
152,DOA,RR,153,,,1,2,ENGINEERING_MANAGER,APPROVED,,Normal,,2026-07-27T23:46:36.003322+00:00,2026-08-14T23:46:36.003322+00:00,Approved (synthetic).
153,DOA,RR,154,,,1,2,ENGINEERING_MANAGER,APPROVED,,Normal,,2026-01-16T17:46:36.003322+00:00,2026-01-19T17:46:36.003322+00:00,Approved (synthetic).
154,DOA,RR,155,,,1,2,ENGINEERING_MANAGER,APPROVED,,Normal,,2026-03-27T02:46:36.003322+00:00,2026-03-28T02:46:36.003322+00:00,Approved (synthetic).
155,DOA,RR,156,,,2,2,ENGINEERING_MANAGER,ESCALATED,,High,,2026-04-01T08:46:36.003322+00:00,2026-04-03T08:46:36.003322+00:00,Escalated for further commercial review (synthetic).
156,DOA,RR,157,,,1,2,ENGINEERING_MANAGER,APPROVED,,Normal,,2026-05-20T20:46:36.003322+00:00,2026-05-24T20:46:36.003322+00:00,Approved (synthetic).
157,DOA,RR,158,,,1,2,ENGINEERING_MANAGER,PENDING,,High,,2026-04-04T23:46:36.003322+00:00,,
158,DOA,RR,159,,,1,2,ENGINEERING_MANAGER,APPROVED,,Critical,,2026-06-11T06:46:36.003322+00:00,2026-06-13T06:46:36.003322+00:00,Approved (synthetic).
159,DOA,RR,160,,,1,2,ENGINEERING_MANAGER,APPROVED,,Normal,,2026-07-13T11:46:36.003322+00:00,2026-07-16T11:46:36.003322+00:00,Approved (synthetic).
160,DOA,RR,161,,,1,15,COMMERCIAL_MANAGER,APPROVED,,Normal,,2026-03-07T21:46:36.003322+00:00,2026-03-09T21:46:36.003322+00:00,Approved (synthetic).
161,DOA,RR,162,,,1,2,ENGINEERING_MANAGER,APPROVED,,Normal,,2026-02-12T15:46:36.003322+00:00,2026-02-15T15:46:36.003322+00:00,Approved (synthetic).
162,DOA,RR,163,,,1,15,COMMERCIAL_MANAGER,APPROVED,,High,,2025-12-26T14:46:36.003322+00:00,2025-12-29T14:46:36.003322+00:00,Approved (synthetic).
163,DOA,RR,164,,,1,2,ENGINEERING_MANAGER,APPROVED,,Normal,,2026-06-30T06:46:36.003322+00:00,2026-07-02T06:46:36.003322+00:00,Approved (synthetic).
164,DOA,RR,165,,,1,3,COMMERCIAL_MANAGER,APPROVED,,High,,2026-07-14T06:46:36.003322+00:00,2026-07-17T06:46:36.003322+00:00,Approved (synthetic).
165,DOA,RR,166,,,1,2,ENGINEERING_MANAGER,APPROVED,,High,,2026-01-16T23:46:36.003322+00:00,2026-01-19T23:46:36.003322+00:00,Approved (synthetic).
166,DOA,RR,167,,,1,2,ENGINEERING_MANAGER,APPROVED,,Normal,,2025-12-11T09:46:36.003322+00:00,2025-12-14T09:46:36.003322+00:00,Approved (synthetic).
167,DOA,RR,168,,,2,15,COMMERCIAL_MANAGER,ESCALATED,,High,,2026-03-17T10:46:36.003322+00:00,2026-03-19T10:46:36.003322+00:00,Escalated for further commercial review (synthetic).
168,DOA,RR,169,,,1,15,COMMERCIAL_MANAGER,PENDING,,Normal,,2026-07-30T19:46:36.003322+00:00,,
169,DOA,RR,170,,,1,3,COMMERCIAL_MANAGER,APPROVED,,Normal,,2026-07-26T19:46:36.003322+00:00,2026-07-29T19:46:36.003322+00:00,Approved (synthetic).
170,DOA,RR,171,,,1,2,ENGINEERING_MANAGER,APPROVED,,Normal,,2025-12-09T18:46:36.003322+00:00,2025-12-12T18:46:36.003322+00:00,Approved (synthetic).
171,DOA,RR,172,,,1,2,ENGINEERING_MANAGER,APPROVED,,Normal,,2026-06-22T07:46:36.003322+00:00,2026-06-23T07:46:36.003322+00:00,Approved (synthetic).
172,DOA,RR,173,,,1,2,ENGINEERING_MANAGER,APPROVED,,Critical,,2026-03-25T10:46:36.003322+00:00,2026-03-28T10:46:36.003322+00:00,Approved (synthetic).
173,DOA,RR,174,,,1,2,ENGINEERING_MANAGER,APPROVED,,High,,2026-06-12T14:46:36.003322+00:00,2026-06-13T14:46:36.003322+00:00,Approved (synthetic).
174,DOA,RR,175,,,1,2,ENGINEERING_MANAGER,PENDING,,High,,2026-04-04T08:46:36.003322+00:00,,
175,DOA,RR,176,,,1,15,COMMERCIAL_MANAGER,APPROVED,,Normal,,2025-12-07T20:46:36.003322+00:00,2026-01-10T20:46:36.003322+00:00,Approved (synthetic).
176,DOA,RR,177,,,1,2,ENGINEERING_MANAGER,APPROVED,,Normal,,2026-05-28T12:46:36.003322+00:00,2026-05-31T12:46:36.003322+00:00,Approved (synthetic).
177,DOA,RR,178,,,1,3,COMMERCIAL_MANAGER,APPROVED,,Normal,,2026-01-06T02:46:36.003322+00:00,2026-01-08T02:46:36.003322+00:00,Approved (synthetic).
178,DOA,RR,179,,,1,2,ENGINEERING_MANAGER,PENDING,,Normal,,2026-06-12T20:46:36.003322+00:00,,
179,DOA,RR,180,,,1,2,ENGINEERING_MANAGER,APPROVED,,Normal,,2026-04-15T11:46:36.003322+00:00,2026-05-03T11:46:36.003322+00:00,Approved (synthetic).
180,DOA,RR,181,,,1,2,ENGINEERING_MANAGER,APPROVED,,Normal,,2026-01-12T03:46:36.003322+00:00,2026-01-13T03:46:36.003322+00:00,Approved (synthetic).
181,DOA,RR,182,,,1,2,ENGINEERING_MANAGER,APPROVED,,Critical,,2026-08-23T09:46:36.003322+00:00,2026-08-25T09:46:36.003322+00:00,Approved (synthetic).
182,DOA,RR,183,,,1,2,ENGINEERING_MANAGER,APPROVED,,Critical,,2026-03-08T06:46:36.003322+00:00,2026-03-12T06:46:36.003322+00:00,Approved (synthetic).
183,DOA,RR,184,,,1,15,COMMERCIAL_MANAGER,APPROVED,,Normal,,2026-05-27T12:46:36.003322+00:00,2026-05-29T12:46:36.003322+00:00,Approved (synthetic).
184,DOA,RR,185,,,1,15,COMMERCIAL_MANAGER,PENDING,,High,,2026-06-24T01:46:36.003322+00:00,,
185,DOA,RR,186,,,1,15,COMMERCIAL_MANAGER,APPROVED,,Normal,,2026-01-28T06:46:36.003322+00:00,2026-02-01T06:46:36.003322+00:00,Approved (synthetic).
186,DOA,RR,187,,,1,2,ENGINEERING_MANAGER,APPROVED,,Normal,,2026-03-15T23:46:36.003322+00:00,2026-03-19T23:46:36.003322+00:00,Approved (synthetic).
187,DOA,RR,188,,,2,2,ENGINEERING_MANAGER,ESCALATED,,Normal,,2026-05-14T19:46:36.003322+00:00,2026-05-16T19:46:36.003322+00:00,Escalated for further commercial review (synthetic).
188,DOA,RR,189,,,1,2,ENGINEERING_MANAGER,PENDING,,Normal,,2026-07-25T19:46:36.003322+00:00,,
189,DOA,RR,190,,,1,2,ENGINEERING_MANAGER,APPROVED,,Normal,,2026-07-06T00:46:36.003322+00:00,2026-07-07T00:46:36.003322+00:00,Approved (synthetic).
190,DOA,RR,191,,,1,15,COMMERCIAL_MANAGER,APPROVED,,High,,2026-04-27T13:46:36.003322+00:00,2026-05-13T13:46:36.003322+00:00,Approved (synthetic).
191,DOA,RR,192,,,1,3,COMMERCIAL_MANAGER,APPROVED,,Normal,,2025-12-14T03:46:36.003322+00:00,2025-12-15T03:46:36.003322+00:00,Approved (synthetic).
192,DOA,RR,193,,,1,15,COMMERCIAL_MANAGER,APPROVED,,High,,2025-12-19T22:46:36.003322+00:00,2026-01-03T22:46:36.003322+00:00,Approved (synthetic).
193,DOA,RR,194,,,1,15,COMMERCIAL_MANAGER,APPROVED,,Normal,,2026-01-12T01:46:36.003322+00:00,2026-01-14T01:46:36.003322+00:00,Approved (synthetic).
194,DOA,RR,195,,,2,2,ENGINEERING_MANAGER,ESCALATED,,High,,2026-03-09T09:46:36.003322+00:00,2026-03-11T09:46:36.003322+00:00,Escalated for further commercial review (synthetic).
195,DOA,RR,196,,,1,3,COMMERCIAL_MANAGER,APPROVED,,Normal,,2026-06-22T02:46:36.003322+00:00,2026-06-26T02:46:36.003322+00:00,Approved (synthetic).
196,DOA,RR,198,,,1,2,ENGINEERING_MANAGER,APPROVED,,High,,2026-06-29T20:46:36.003322+00:00,2026-07-01T20:46:36.003322+00:00,Approved (synthetic).
197,DOA,RR,199,,,1,3,COMMERCIAL_MANAGER,APPROVED,,High,,2026-07-14T02:46:36.003322+00:00,2026-07-16T02:46:36.003322+00:00,Approved (synthetic).
198,DOA,RR,200,,,1,2,ENGINEERING_MANAGER,APPROVED,,Normal,,2026-04-01T09:46:36.003322+00:00,2026-04-05T09:46:36.003322+00:00,Approved (synthetic).
199,DOA,RR,201,,,1,3,COMMERCIAL_MANAGER,APPROVED,,Critical,,2026-07-29T04:46:36.003322+00:00,2026-08-01T04:46:36.003322+00:00,Approved (synthetic).
200,DOA,RR,202,,,1,15,COMMERCIAL_MANAGER,APPROVED,,Normal,,2026-02-28T14:46:36.003322+00:00,2026-03-01T14:46:36.003322+00:00,Approved (synthetic).
201,DOA,RR,203,,,1,2,ENGINEERING_MANAGER,APPROVED,,High,,2026-01-07T18:46:36.003322+00:00,2026-01-08T18:46:36.003322+00:00,Approved (synthetic).
202,DOA,RR,204,,,1,3,COMMERCIAL_MANAGER,APPROVED,,Normal,,2026-03-10T05:46:36.003322+00:00,2026-03-13T05:46:36.003322+00:00,Approved (synthetic).
203,DOA,RR,205,,,1,2,ENGINEERING_MANAGER,PENDING,,Critical,,2026-08-01T09:46:36.003322+00:00,,
204,DOA,RR,206,,,1,2,ENGINEERING_MANAGER,APPROVED,,Normal,,2026-04-05T02:46:36.003322+00:00,2026-04-09T02:46:36.003322+00:00,Approved (synthetic).
205,DOA,RR,207,,,1,3,COMMERCIAL_MANAGER,APPROVED,,Normal,,2026-01-10T07:46:36.003322+00:00,2026-01-14T07:46:36.003322+00:00,Approved (synthetic).
206,DOA,RR,208,,,1,2,ENGINEERING_MANAGER,PENDING,,Normal,,2026-07-24T10:46:36.003322+00:00,,
207,DOA,RR,209,,,1,2,ENGINEERING_MANAGER,APPROVED,,High,,2025-12-09T16:46:36.003322+00:00,2025-12-13T16:46:36.003322+00:00,Approved (synthetic).
208,DOA,RR,210,,,1,2,ENGINEERING_MANAGER,APPROVED,,Normal,,2026-04-07T02:46:36.003322+00:00,2026-04-26T02:46:36.003322+00:00,Approved (synthetic).
209,DOA,RR,211,,,1,2,ENGINEERING_MANAGER,APPROVED,,High,,2025-12-25T07:46:36.003322+00:00,2025-12-27T07:46:36.003322+00:00,Approved (synthetic).
210,DOA,RR,212,,,1,2,ENGINEERING_MANAGER,APPROVED,,Normal,,2026-01-25T14:46:36.003322+00:00,2026-02-15T14:46:36.003322+00:00,Approved (synthetic).
211,DOA,RR,213,,,1,15,COMMERCIAL_MANAGER,APPROVED,,Normal,,2026-03-26T13:46:36.003322+00:00,2026-03-30T13:46:36.003322+00:00,Approved (synthetic).
212,DOA,RR,214,,,1,15,COMMERCIAL_MANAGER,APPROVED,,Normal,,2026-06-17T01:46:36.003322+00:00,2026-07-10T01:46:36.003322+00:00,Approved (synthetic).
213,DOA,RR,215,,,1,2,ENGINEERING_MANAGER,PENDING,,Normal,,2026-05-03T20:46:36.003322+00:00,,
214,DOA,RR,216,,,1,2,ENGINEERING_MANAGER,APPROVED,,High,,2026-04-06T09:46:36.003322+00:00,2026-04-09T09:46:36.003322+00:00,Approved (synthetic).
215,DOA,RR,217,,,1,2,ENGINEERING_MANAGER,APPROVED,,Normal,,2026-08-09T07:46:36.003322+00:00,2026-08-13T07:46:36.003322+00:00,Approved (synthetic).
216,DOA,RR,218,,,1,2,ENGINEERING_MANAGER,APPROVED,,High,,2026-02-10T20:46:36.003322+00:00,2026-02-13T20:46:36.003322+00:00,Approved (synthetic).
217,DOA,RR,219,,,1,2,ENGINEERING_MANAGER,PENDING,,Normal,,2026-07-14T07:46:36.003322+00:00,,
218,DOA,RR,220,,,1,15,COMMERCIAL_MANAGER,APPROVED,,High,,2026-04-24T22:46:36.003322+00:00,2026-04-27T22:46:36.003322+00:00,Approved (synthetic).
219,DOA,RR,221,,,1,15,COMMERCIAL_MANAGER,APPROVED,,Normal,,2025-12-22T22:46:36.003322+00:00,2025-12-25T22:46:36.003322+00:00,Approved (synthetic).
220,DOA,RR,222,,,1,2,ENGINEERING_MANAGER,APPROVED,,High,,2026-03-17T05:46:36.003322+00:00,2026-03-19T05:46:36.003322+00:00,Approved (synthetic).
221,DOA,RR,223,,,1,2,ENGINEERING_MANAGER,APPROVED,,High,,2026-03-19T21:46:36.003322+00:00,2026-03-21T21:46:36.003322+00:00,Approved (synthetic).
222,DOA,RR,224,,,1,2,ENGINEERING_MANAGER,APPROVED,,Critical,,2026-03-27T02:46:36.003322+00:00,2026-03-31T02:46:36.003322+00:00,Approved (synthetic).
223,DOA,RR,225,,,1,2,ENGINEERING_MANAGER,APPROVED,,High,,2025-12-03T08:46:36.003322+00:00,2025-12-05T08:46:36.003322+00:00,Approved (synthetic).
224,DOA,RR,226,,,1,3,COMMERCIAL_MANAGER,APPROVED,,Normal,,2026-08-11T07:46:36.003322+00:00,2026-08-14T07:46:36.003322+00:00,Approved (synthetic).
225,DOA,RR,227,,,1,15,COMMERCIAL_MANAGER,APPROVED,,Normal,,2026-03-19T19:46:36.003322+00:00,2026-03-21T19:46:36.003322+00:00,Approved (synthetic).
226,DOA,RR,228,,,1,2,ENGINEERING_MANAGER,PENDING,,Normal,,2026-05-09T14:46:36.003322+00:00,,
227,DOA,RR,229,,,1,3,COMMERCIAL_MANAGER,APPROVED,,Normal,,2026-08-21T17:46:36.003322+00:00,2026-08-23T17:46:36.003322+00:00,Approved (synthetic).
228,DOA,RR,230,,,2,2,ENGINEERING_MANAGER,ESCALATED,,Normal,,2025-12-27T02:46:36.003322+00:00,2025-12-29T02:46:36.003322+00:00,Escalated for further commercial review (synthetic).
229,DOA,RR,231,,,1,2,ENGINEERING_MANAGER,APPROVED,,Normal,,2026-07-15T12:46:36.003322+00:00,2026-07-19T12:46:36.003322+00:00,Approved (synthetic).
230,DOA,RR,232,,,1,2,ENGINEERING_MANAGER,APPROVED,,Normal,,2026-07-15T04:46:36.003322+00:00,2026-07-17T04:46:36.003322+00:00,Approved (synthetic).
231,DOA,RR,233,,,1,2,ENGINEERING_MANAGER,APPROVED,,Normal,,2026-02-13T10:46:36.003322+00:00,2026-02-15T10:46:36.003322+00:00,Approved (synthetic).
232,DOA,RR,234,,,1,2,ENGINEERING_MANAGER,APPROVED,,Critical,,2025-12-29T18:46:36.003322+00:00,2026-01-01T18:46:36.003322+00:00,Approved (synthetic).
233,DOA,RR,235,,,1,2,ENGINEERING_MANAGER,PENDING,,Normal,,2026-04-20T08:46:36.003322+00:00,,
234,DOA,RR,236,,,1,15,COMMERCIAL_MANAGER,APPROVED,,High,,2026-06-28T03:46:36.003322+00:00,2026-07-02T03:46:36.003322+00:00,Approved (synthetic).
235,DOA,RR,237,,,1,15,COMMERCIAL_MANAGER,APPROVED,,Normal,,2026-06-23T20:46:36.003322+00:00,2026-06-25T20:46:36.003322+00:00,Approved (synthetic).
236,DOA,RR,238,,,1,2,ENGINEERING_MANAGER,PENDING,,Normal,,2026-04-14T03:46:36.003322+00:00,,
237,DOA,RR,239,,,2,3,COMMERCIAL_MANAGER,ESCALATED,,Normal,,2025-12-10T17:46:36.003322+00:00,2025-12-12T17:46:36.003322+00:00,Escalated for further commercial review (synthetic).
238,DOA,RR,240,,,1,3,COMMERCIAL_MANAGER,APPROVED,,Normal,,2026-01-04T23:46:36.003322+00:00,2026-01-08T23:46:36.003322+00:00,Approved (synthetic).
239,DOA,RR,241,,,1,15,COMMERCIAL_MANAGER,APPROVED,,Critical,,2026-08-19T14:46:36.003322+00:00,2026-08-20T14:46:36.003322+00:00,Approved (synthetic).
240,DOA,RR,242,,,1,15,COMMERCIAL_MANAGER,APPROVED,,Critical,,2026-06-06T10:46:36.003322+00:00,2026-06-08T10:46:36.003322+00:00,Approved (synthetic).
241,DOA,RR,243,,,1,2,ENGINEERING_MANAGER,APPROVED,,High,,2026-07-19T21:46:36.003322+00:00,2026-07-23T21:46:36.003322+00:00,Approved (synthetic).
242,DOA,RR,244,,,1,15,COMMERCIAL_MANAGER,APPROVED,,Normal,,2026-01-19T14:46:36.003322+00:00,2026-01-22T14:46:36.003322+00:00,Approved (synthetic).
243,DOA,RR,245,,,1,2,ENGINEERING_MANAGER,PENDING,,Normal,,2026-08-14T02:46:36.003322+00:00,,
244,DOA,RR,246,,,1,3,COMMERCIAL_MANAGER,PENDING,,Normal,,2026-07-11T04:46:36.003322+00:00,,
245,DOA,RR,247,,,1,15,COMMERCIAL_MANAGER,APPROVED,,High,,2026-01-15T12:46:36.003322+00:00,2026-01-16T12:46:36.003322+00:00,Approved (synthetic).
246,DOA,RR,248,,,1,2,ENGINEERING_MANAGER,APPROVED,,Critical,,2026-01-08T14:46:36.003322+00:00,2026-01-10T14:46:36.003322+00:00,Approved (synthetic).
247,DOA,RR,249,,,2,3,COMMERCIAL_MANAGER,ESCALATED,,Normal,,2026-01-15T19:46:36.003322+00:00,2026-01-17T19:46:36.003322+00:00,Escalated for further commercial review (synthetic).
248,DOA,RR,250,,,1,2,ENGINEERING_MANAGER,APPROVED,,Normal,,2026-04-05T19:46:36.003322+00:00,2026-04-08T19:46:36.003322+00:00,Approved (synthetic).
249,DOA,RR,251,,,2,3,COMMERCIAL_MANAGER,ESCALATED,,Normal,,2025-12-09T22:46:36.003322+00:00,2025-12-11T22:46:36.003322+00:00,Escalated for further commercial review (synthetic).
250,DOA,RR,252,,,1,2,ENGINEERING_MANAGER,APPROVED,,Normal,,2025-12-13T23:46:36.003322+00:00,2025-12-16T23:46:36.003322+00:00,Approved (synthetic).
251,DOA,RR,253,,,1,3,COMMERCIAL_MANAGER,APPROVED,,High,,2026-03-22T16:46:36.003322+00:00,2026-03-25T16:46:36.003322+00:00,Approved (synthetic).
252,DOA,RR,254,,,1,2,ENGINEERING_MANAGER,APPROVED,,Normal,,2025-12-23T18:46:36.003322+00:00,2025-12-24T18:46:36.003322+00:00,Approved (synthetic).
253,DOA,RR,255,,,1,3,COMMERCIAL_MANAGER,APPROVED,,Normal,,2026-03-03T04:46:36.003322+00:00,2026-03-04T04:46:36.003322+00:00,Approved (synthetic).
254,DOA,RR,256,,,1,2,ENGINEERING_MANAGER,APPROVED,,Normal,,2026-04-01T13:46:36.003322+00:00,2026-04-02T13:46:36.003322+00:00,Approved (synthetic).
255,DOA,RR,257,,,1,2,ENGINEERING_MANAGER,APPROVED,,Normal,,2026-07-10T02:46:36.003322+00:00,2026-07-12T02:46:36.003322+00:00,Approved (synthetic).
256,DOA,RR,258,,,1,2,ENGINEERING_MANAGER,APPROVED,,Normal,,2026-07-09T22:46:36.003322+00:00,2026-07-30T22:46:36.003322+00:00,Approved (synthetic).
257,DOA,RR,259,,,1,2,ENGINEERING_MANAGER,APPROVED,,High,,2026-03-15T08:46:36.003322+00:00,2026-03-16T08:46:36.003322+00:00,Approved (synthetic).
258,DOA,RR,260,,,1,2,ENGINEERING_MANAGER,APPROVED,,Normal,,2026-07-08T22:46:36.003322+00:00,2026-07-09T22:46:36.003322+00:00,Approved (synthetic).
259,DOA,RR,261,,,1,15,COMMERCIAL_MANAGER,APPROVED,,Normal,,2026-07-16T23:46:36.003322+00:00,2026-07-18T23:46:36.003322+00:00,Approved (synthetic).
260,DOA,RR,262,,,1,15,COMMERCIAL_MANAGER,APPROVED,,Normal,,2026-01-04T09:46:36.003322+00:00,2026-01-27T09:46:36.003322+00:00,Approved (synthetic).
261,DOA,RR,263,,,1,2,ENGINEERING_MANAGER,APPROVED,,Normal,,2026-02-22T02:46:36.003322+00:00,2026-02-23T02:46:36.003322+00:00,Approved (synthetic).
262,DOA,RR,264,,,1,2,ENGINEERING_MANAGER,APPROVED,,Critical,,2026-01-25T15:46:36.003322+00:00,2026-01-29T15:46:36.003322+00:00,Approved (synthetic).
263,DOA,RR,265,,,1,3,COMMERCIAL_MANAGER,APPROVED,,Normal,,2026-04-23T09:46:36.003322+00:00,2026-04-24T09:46:36.003322+00:00,Approved (synthetic).
264,DOA,RR,266,,,1,2,ENGINEERING_MANAGER,APPROVED,,Normal,,2026-01-25T02:46:36.003322+00:00,2026-01-26T02:46:36.003322+00:00,Approved (synthetic).
265,DOA,RR,267,,,1,15,COMMERCIAL_MANAGER,APPROVED,,Normal,,2025-12-16T06:46:36.003322+00:00,2025-12-17T06:46:36.003322+00:00,Approved (synthetic).
266,DOA,RR,268,,,2,15,COMMERCIAL_MANAGER,ESCALATED,,Normal,,2026-02-08T04:46:36.003322+00:00,2026-02-10T04:46:36.003322+00:00,Escalated for further commercial review (synthetic).
267,DOA,RR,269,,,1,2,ENGINEERING_MANAGER,APPROVED,,Normal,,2026-02-07T19:46:36.003322+00:00,2026-02-10T19:46:36.003322+00:00,Approved (synthetic).
268,DOA,RR,270,,,1,15,COMMERCIAL_MANAGER,APPROVED,,Normal,,2026-04-22T23:46:36.003322+00:00,2026-04-24T23:46:36.003322+00:00,Approved (synthetic).
269,DOA,RR,271,,,1,15,COMMERCIAL_MANAGER,APPROVED,,Critical,,2026-05-21T04:46:36.003322+00:00,2026-05-23T04:46:36.003322+00:00,Approved (synthetic).
270,DOA,RR,272,,,1,2,ENGINEERING_MANAGER,APPROVED,,Normal,,2026-03-18T02:46:36.003322+00:00,2026-04-21T02:46:36.003322+00:00,Approved (synthetic).
271,DOA,RR,273,,,1,15,COMMERCIAL_MANAGER,APPROVED,,Normal,,2026-04-02T02:46:36.003322+00:00,2026-04-04T02:46:36.003322+00:00,Approved (synthetic).
272,DOA,RR,274,,,1,3,COMMERCIAL_MANAGER,APPROVED,,Critical,,2026-07-27T11:46:36.003322+00:00,2026-07-30T11:46:36.003322+00:00,Approved (synthetic).
273,DOA,RR,275,,,1,2,ENGINEERING_MANAGER,APPROVED,,High,,2026-01-03T22:46:36.003322+00:00,2026-01-04T22:46:36.003322+00:00,Approved (synthetic).
274,DOA,RR,276,,,1,2,ENGINEERING_MANAGER,APPROVED,,Normal,,2026-01-01T04:46:36.003322+00:00,2026-02-05T04:46:36.003322+00:00,Approved (synthetic).
275,DOA,RR,277,,,1,15,COMMERCIAL_MANAGER,APPROVED,,Normal,,2026-07-28T04:46:36.003322+00:00,2026-07-31T04:46:36.003322+00:00,Approved (synthetic).
276,DOA,RR,278,,,1,2,ENGINEERING_MANAGER,APPROVED,,Normal,,2026-04-06T21:46:36.003322+00:00,2026-04-19T21:46:36.003322+00:00,Approved (synthetic).
277,DOA,RR,279,,,1,15,COMMERCIAL_MANAGER,APPROVED,,Normal,,2026-06-02T01:46:36.003322+00:00,2026-06-04T01:46:36.003322+00:00,Approved (synthetic).
278,DOA,RR,280,,,1,2,ENGINEERING_MANAGER,APPROVED,,Normal,,2026-05-22T15:46:36.003322+00:00,2026-06-22T15:46:36.003322+00:00,Approved (synthetic).
279,DOA,RR,281,,,1,3,COMMERCIAL_MANAGER,APPROVED,,Critical,,2026-05-14T04:46:36.003322+00:00,2026-05-16T04:46:36.003322+00:00,Approved (synthetic).
280,DOA,RR,282,,,1,3,COMMERCIAL_MANAGER,APPROVED,,Normal,,2026-03-15T00:46:36.003322+00:00,2026-03-16T00:46:36.003322+00:00,Approved (synthetic).
281,DOA,RR,283,,,1,2,ENGINEERING_MANAGER,PENDING,,Normal,,2026-05-13T11:46:36.003322+00:00,,
282,DOA,RR,284,,,1,2,ENGINEERING_MANAGER,APPROVED,,Normal,,2026-02-07T19:46:36.003322+00:00,2026-02-09T19:46:36.003322+00:00,Approved (synthetic).
283,DOA,RR,285,,,2,3,COMMERCIAL_MANAGER,ESCALATED,,High,,2026-02-22T10:46:36.003322+00:00,2026-02-24T10:46:36.003322+00:00,Escalated for further commercial review (synthetic).
284,DOA,RR,286,,,1,2,ENGINEERING_MANAGER,APPROVED,,High,,2025-11-28T00:46:36.003322+00:00,2025-11-30T00:46:36.003322+00:00,Approved (synthetic).
285,DOA,RR,288,,,1,15,COMMERCIAL_MANAGER,APPROVED,,High,,2026-08-17T14:46:36.003322+00:00,2026-08-21T14:46:36.003322+00:00,Approved (synthetic).
286,DOA,RR,289,,,1,3,COMMERCIAL_MANAGER,APPROVED,,Normal,,2026-04-17T05:46:36.003322+00:00,2026-05-16T05:46:36.003322+00:00,Approved (synthetic).
287,DOA,RR,290,,,1,15,COMMERCIAL_MANAGER,APPROVED,,Normal,,2026-04-13T13:46:36.003322+00:00,2026-05-08T13:46:36.003322+00:00,Approved (synthetic).
288,DOA,RR,291,,,1,2,ENGINEERING_MANAGER,APPROVED,,Normal,,2026-05-16T12:46:36.003322+00:00,2026-05-17T12:46:36.003322+00:00,Approved (synthetic).
289,DOA,RR,292,,,1,2,ENGINEERING_MANAGER,APPROVED,,Normal,,2026-04-28T11:46:36.003322+00:00,2026-04-29T11:46:36.003322+00:00,Approved (synthetic).
290,DOA,RR,293,,,1,2,ENGINEERING_MANAGER,PENDING,,Normal,,2026-05-15T12:46:36.003322+00:00,,
291,DOA,RR,294,,,1,15,COMMERCIAL_MANAGER,APPROVED,,Critical,,2026-07-07T13:46:36.003322+00:00,2026-07-09T13:46:36.003322+00:00,Approved (synthetic).
292,DOA,RR,295,,,1,2,ENGINEERING_MANAGER,APPROVED,,Normal,,2026-08-03T12:46:36.003322+00:00,2026-08-06T12:46:36.003322+00:00,Approved (synthetic).
293,DOA,RR,296,,,1,3,COMMERCIAL_MANAGER,APPROVED,,Normal,,2026-06-25T11:46:36.003322+00:00,2026-06-29T11:46:36.003322+00:00,Approved (synthetic).
294,DOA,RR,297,,,1,15,COMMERCIAL_MANAGER,APPROVED,,Normal,,2026-08-07T16:46:36.003322+00:00,2026-08-11T16:46:36.003322+00:00,Approved (synthetic).
295,DOA,RR,298,,,1,15,COMMERCIAL_MANAGER,APPROVED,,Normal,,2026-02-24T04:46:36.003322+00:00,2026-02-26T04:46:36.003322+00:00,Approved (synthetic).
296,DOA,RR,299,,,1,2,ENGINEERING_MANAGER,APPROVED,,Normal,,2026-01-07T17:46:36.003322+00:00,2026-01-08T17:46:36.003322+00:00,Approved (synthetic).
297,DOA,RR,300,,,1,3,COMMERCIAL_MANAGER,APPROVED,,Normal,,2026-07-08T22:46:36.003322+00:00,2026-07-12T22:46:36.003322+00:00,Approved (synthetic).
298,DOA,RR,301,,,1,2,ENGINEERING_MANAGER,APPROVED,,Critical,,2026-01-24T23:46:36.003322+00:00,2026-01-25T23:46:36.003322+00:00,Approved (synthetic).
299,DOA,RR,302,,,1,15,COMMERCIAL_MANAGER,APPROVED,,Critical,,2026-06-13T06:46:36.003322+00:00,2026-06-15T06:46:36.003322+00:00,Approved (synthetic).
300,DOA,RR,303,,,1,3,COMMERCIAL_MANAGER,APPROVED,,Normal,,2025-12-03T11:46:36.003322+00:00,2025-12-07T11:46:36.003322+00:00,Approved (synthetic).
301,DOA,RR,304,,,1,2,ENGINEERING_MANAGER,APPROVED,,Critical,,2026-07-25T23:46:36.003322+00:00,2026-07-29T23:46:36.003322+00:00,Approved (synthetic).
302,DOA,RR,305,,,1,2,ENGINEERING_MANAGER,APPROVED,,Normal,,2026-03-19T17:46:36.003322+00:00,2026-03-20T17:46:36.003322+00:00,Approved (synthetic).
303,DOA,RR,306,,,1,2,ENGINEERING_MANAGER,APPROVED,,Normal,,2026-01-27T13:46:36.003322+00:00,2026-01-31T13:46:36.003322+00:00,Approved (synthetic).
304,DOA,RR,307,,,1,2,ENGINEERING_MANAGER,APPROVED,,Normal,,2026-01-07T13:46:36.003322+00:00,2026-01-10T13:46:36.003322+00:00,Approved (synthetic).
305,DOA,RR,308,,,1,3,COMMERCIAL_MANAGER,APPROVED,,Normal,,2026-05-09T15:46:36.003322+00:00,2026-05-13T15:46:36.003322+00:00,Approved (synthetic).
306,DOA,RR,309,,,1,2,ENGINEERING_MANAGER,APPROVED,,High,,2026-05-07T08:46:36.003322+00:00,2026-05-08T08:46:36.003322+00:00,Approved (synthetic).
307,DOA,RR,310,,,1,15,COMMERCIAL_MANAGER,APPROVED,,Normal,,2026-05-03T00:46:36.003322+00:00,2026-05-06T00:46:36.003322+00:00,Approved (synthetic).
308,DOA,RR,311,,,1,15,COMMERCIAL_MANAGER,APPROVED,,Critical,,2025-12-27T14:46:36.003322+00:00,2025-12-29T14:46:36.003322+00:00,Approved (synthetic).
309,DOA,RR,312,,,1,2,ENGINEERING_MANAGER,APPROVED,,Normal,,2026-02-21T13:46:36.003322+00:00,2026-02-24T13:46:36.003322+00:00,Approved (synthetic).
310,DOA,RR,313,,,1,2,ENGINEERING_MANAGER,APPROVED,,Normal,,2026-05-20T13:46:36.003322+00:00,2026-06-21T13:46:36.003322+00:00,Approved (synthetic).
311,DOA,RR,314,,,1,2,ENGINEERING_MANAGER,APPROVED,,Normal,,2026-07-23T17:46:36.003322+00:00,2026-07-24T17:46:36.003322+00:00,Approved (synthetic).
312,DOA,RR,315,,,1,2,ENGINEERING_MANAGER,APPROVED,,Normal,,2026-04-13T19:46:36.003322+00:00,2026-04-16T19:46:36.003322+00:00,Approved (synthetic).
313,DOA,RR,317,,,1,2,ENGINEERING_MANAGER,APPROVED,,Normal,,2026-08-12T07:46:36.003322+00:00,2026-08-13T07:46:36.003322+00:00,Approved (synthetic).
314,DOA,RR,318,,,1,2,ENGINEERING_MANAGER,APPROVED,,High,,2026-08-21T12:46:36.003322+00:00,2026-08-23T12:46:36.003322+00:00,Approved (synthetic).
315,DOA,RR,319,,,1,15,COMMERCIAL_MANAGER,APPROVED,,Normal,,2026-07-27T16:46:36.003322+00:00,2026-07-29T16:46:36.003322+00:00,Approved (synthetic).
316,DOA,RR,320,,,1,3,COMMERCIAL_MANAGER,APPROVED,,Normal,,2026-05-11T03:46:36.003322+00:00,2026-05-13T03:46:36.003322+00:00,Approved (synthetic).
317,DOA,RR,321,,,1,2,ENGINEERING_MANAGER,APPROVED,,Critical,,2025-12-26T15:46:36.003322+00:00,2025-12-30T15:46:36.003322+00:00,Approved (synthetic).
318,DOA,RR,322,,,1,2,ENGINEERING_MANAGER,APPROVED,,Normal,,2026-04-15T16:46:36.003322+00:00,2026-04-17T16:46:36.003322+00:00,Approved (synthetic).
319,DOA,RR,323,,,1,2,ENGINEERING_MANAGER,APPROVED,,High,,2026-02-07T08:46:36.003322+00:00,2026-02-08T08:46:36.003322+00:00,Approved (synthetic).
320,DOA,RR,324,,,1,15,COMMERCIAL_MANAGER,APPROVED,,Normal,,2026-04-22T12:46:36.003322+00:00,2026-04-24T12:46:36.003322+00:00,Approved (synthetic).
321,DOA,RR,325,,,1,15,COMMERCIAL_MANAGER,APPROVED,,High,,2026-02-15T10:46:36.003322+00:00,2026-02-17T10:46:36.003322+00:00,Approved (synthetic).
322,DOA,RR,326,,,1,15,COMMERCIAL_MANAGER,APPROVED,,Normal,,2026-06-26T18:46:36.003322+00:00,2026-06-30T18:46:36.003322+00:00,Approved (synthetic).
323,DOA,RR,327,,,1,2,ENGINEERING_MANAGER,APPROVED,,Normal,,2026-03-17T19:46:36.003322+00:00,2026-03-20T19:46:36.003322+00:00,Approved (synthetic).
324,DOA,RR,328,,,1,3,COMMERCIAL_MANAGER,APPROVED,,Critical,,2026-02-26T02:46:36.003322+00:00,2026-03-01T02:46:36.003322+00:00,Approved (synthetic).
325,DOA,RR,329,,,1,3,COMMERCIAL_MANAGER,APPROVED,,Normal,,2026-04-08T09:46:36.003322+00:00,2026-04-11T09:46:36.003322+00:00,Approved (synthetic).
326,DOA,RR,330,,,1,15,COMMERCIAL_MANAGER,APPROVED,,Normal,,2026-08-07T22:46:36.003322+00:00,2026-08-11T22:46:36.003322+00:00,Approved (synthetic).
327,DOA,RR,331,,,1,2,ENGINEERING_MANAGER,APPROVED,,Normal,,2026-04-24T23:46:36.003322+00:00,2026-04-28T23:46:36.003322+00:00,Approved (synthetic).
328,DOA,RR,332,,,1,15,COMMERCIAL_MANAGER,APPROVED,,Normal,,2026-02-10T10:46:36.003322+00:00,2026-02-14T10:46:36.003322+00:00,Approved (synthetic).
329,DOA,RR,333,,,1,2,ENGINEERING_MANAGER,APPROVED,,Normal,,2026-03-24T06:46:36.003322+00:00,2026-03-26T06:46:36.003322+00:00,Approved (synthetic).
330,DOA,RR,334,,,1,2,ENGINEERING_MANAGER,APPROVED,,Critical,,2026-06-26T23:46:36.003322+00:00,2026-06-27T23:46:36.003322+00:00,Approved (synthetic).
331,DOA,RR,335,,,1,3,COMMERCIAL_MANAGER,APPROVED,,Normal,,2026-01-09T21:46:36.003322+00:00,2026-01-13T21:46:36.003322+00:00,Approved (synthetic).
332,DOA,RR,336,,,1,2,ENGINEERING_MANAGER,APPROVED,,High,,2026-03-31T11:46:36.003322+00:00,2026-05-04T11:46:36.003322+00:00,Approved (synthetic).
333,DOA,RR,337,,,1,15,COMMERCIAL_MANAGER,APPROVED,,High,,2026-06-10T09:46:36.003322+00:00,2026-06-11T09:46:36.003322+00:00,Approved (synthetic).
334,DOA,RR,338,,,1,15,COMMERCIAL_MANAGER,APPROVED,,Normal,,2026-06-04T09:46:36.003322+00:00,2026-06-06T09:46:36.003322+00:00,Approved (synthetic).
335,DOA,RR,339,,,1,2,ENGINEERING_MANAGER,APPROVED,,High,,2026-04-26T01:46:36.003322+00:00,2026-05-10T01:46:36.003322+00:00,Approved (synthetic).
336,DOA,RR,340,,,1,3,COMMERCIAL_MANAGER,APPROVED,,Normal,,2025-12-31T12:46:36.003322+00:00,2026-01-02T12:46:36.003322+00:00,Approved (synthetic).
337,DOA,RR,341,,,1,2,ENGINEERING_MANAGER,APPROVED,,High,,2026-05-19T11:46:36.003322+00:00,2026-06-02T11:46:36.003322+00:00,Approved (synthetic).
338,DOA,RR,342,,,1,15,COMMERCIAL_MANAGER,PENDING,,Normal,,2026-04-14T13:46:36.003322+00:00,,
339,DOA,RR,343,,,1,2,ENGINEERING_MANAGER,APPROVED,,Normal,,2026-04-24T20:46:36.003322+00:00,2026-04-28T20:46:36.003322+00:00,Approved (synthetic).
340,DOA,RR,344,,,1,2,ENGINEERING_MANAGER,APPROVED,,Normal,,2026-01-03T03:46:36.003322+00:00,2026-01-07T03:46:36.003322+00:00,Approved (synthetic).
341,DOA,RR,345,,,1,15,COMMERCIAL_MANAGER,APPROVED,,Normal,,2026-03-08T05:46:36.003322+00:00,2026-03-10T05:46:36.003322+00:00,Approved (synthetic).
342,DOA,RR,346,,,1,2,ENGINEERING_MANAGER,APPROVED,,Normal,,2026-01-17T08:46:36.003322+00:00,2026-01-18T08:46:36.003322+00:00,Approved (synthetic).
343,DOA,RR,347,,,1,2,ENGINEERING_MANAGER,APPROVED,,High,,2026-01-08T10:46:36.003322+00:00,2026-01-09T10:46:36.003322+00:00,Approved (synthetic).
344,DOA,RR,348,,,1,3,COMMERCIAL_MANAGER,APPROVED,,Normal,,2026-03-10T11:46:36.003322+00:00,2026-03-27T11:46:36.003322+00:00,Approved (synthetic).
345,DOA,RR,349,,,1,15,COMMERCIAL_MANAGER,APPROVED,,Normal,,2025-12-19T23:46:36.003322+00:00,2025-12-22T23:46:36.003322+00:00,Approved (synthetic).
346,DOA,RR,350,,,1,3,COMMERCIAL_MANAGER,PENDING,,Normal,,2026-07-20T23:46:36.003322+00:00,,
347,DOA,RR,351,,,1,3,COMMERCIAL_MANAGER,APPROVED,,Normal,,2026-02-14T07:46:36.003322+00:00,2026-02-18T07:46:36.003322+00:00,Approved (synthetic).
348,DOA,RR,352,,,1,15,COMMERCIAL_MANAGER,APPROVED,,Normal,,2026-03-22T09:46:36.003322+00:00,2026-03-24T09:46:36.003322+00:00,Approved (synthetic).
349,DOA,RR,353,,,1,2,ENGINEERING_MANAGER,APPROVED,,Normal,,2026-07-07T21:46:36.003322+00:00,2026-07-26T21:46:36.003322+00:00,Approved (synthetic).
350,DOA,RR,354,,,1,15,COMMERCIAL_MANAGER,APPROVED,,High,,2025-12-12T01:46:36.003322+00:00,2025-12-16T01:46:36.003322+00:00,Approved (synthetic).
351,DOA,RR,355,,,1,15,COMMERCIAL_MANAGER,APPROVED,,Normal,,2026-07-14T22:46:36.003322+00:00,2026-07-17T22:46:36.003322+00:00,Approved (synthetic).
352,DOA,RR,356,,,1,3,COMMERCIAL_MANAGER,APPROVED,,Normal,,2026-03-13T17:46:36.003322+00:00,2026-04-09T17:46:36.003322+00:00,Approved (synthetic).
353,DOA,RR,357,,,1,2,ENGINEERING_MANAGER,APPROVED,,High,,2026-06-01T14:46:36.003322+00:00,2026-06-04T14:46:36.003322+00:00,Approved (synthetic).
354,DOA,RR,358,,,1,2,ENGINEERING_MANAGER,APPROVED,,Normal,,2026-04-23T03:46:36.003322+00:00,2026-04-26T03:46:36.003322+00:00,Approved (synthetic).
355,DOA,RR,359,,,1,2,ENGINEERING_MANAGER,APPROVED,,Critical,,2026-01-18T12:46:36.003322+00:00,2026-01-22T12:46:36.003322+00:00,Approved (synthetic).
356,DOA,RR,360,,,1,2,ENGINEERING_MANAGER,APPROVED,,Normal,,2026-07-04T16:46:36.003322+00:00,2026-07-06T16:46:36.003322+00:00,Approved (synthetic).
357,DOA,RR,361,,,1,2,ENGINEERING_MANAGER,APPROVED,,Normal,,2026-02-17T14:46:36.003322+00:00,2026-02-20T14:46:36.003322+00:00,Approved (synthetic).
358,DOA,RR,362,,,1,2,ENGINEERING_MANAGER,APPROVED,,Normal,,2026-01-02T01:46:36.003322+00:00,2026-02-06T01:46:36.003322+00:00,Approved (synthetic).
359,DOA,RR,363,,,1,3,COMMERCIAL_MANAGER,APPROVED,,Normal,,2026-07-23T20:46:36.003322+00:00,2026-07-26T20:46:36.003322+00:00,Approved (synthetic).
360,DOA,RR,364,,,1,2,ENGINEERING_MANAGER,APPROVED,,Normal,,2026-02-11T15:46:36.003322+00:00,2026-02-15T15:46:36.003322+00:00,Approved (synthetic).
361,DOA,RR,365,,,1,2,ENGINEERING_MANAGER,APPROVED,,Normal,,2026-03-22T15:46:36.003322+00:00,2026-04-08T15:46:36.003322+00:00,Approved (synthetic).
362,DOA,RR,366,,,1,2,ENGINEERING_MANAGER,APPROVED,,Normal,,2026-03-12T09:46:36.003322+00:00,2026-03-14T09:46:36.003322+00:00,Approved (synthetic).
363,DOA,RR,367,,,1,2,ENGINEERING_MANAGER,APPROVED,,Normal,,2026-08-13T04:46:36.003322+00:00,2026-08-17T04:46:36.003322+00:00,Approved (synthetic).
364,DOA,RR,368,,,1,15,COMMERCIAL_MANAGER,APPROVED,,High,,2026-02-23T18:46:36.003322+00:00,2026-02-26T18:46:36.003322+00:00,Approved (synthetic).
365,DOA,RR,369,,,1,2,ENGINEERING_MANAGER,APPROVED,,Normal,,2026-04-05T06:46:36.003322+00:00,2026-04-06T06:46:36.003322+00:00,Approved (synthetic).
366,DOA,RR,370,,,1,15,COMMERCIAL_MANAGER,APPROVED,,Normal,,2026-04-03T20:46:36.003322+00:00,2026-04-07T20:46:36.003322+00:00,Approved (synthetic).
367,DOA,RR,371,,,1,3,COMMERCIAL_MANAGER,APPROVED,,High,,2025-12-25T05:46:36.003322+00:00,2025-12-29T05:46:36.003322+00:00,Approved (synthetic).
368,DOA,RR,372,,,1,2,ENGINEERING_MANAGER,APPROVED,,High,,2026-03-04T19:46:36.003322+00:00,2026-03-05T19:46:36.003322+00:00,Approved (synthetic).
369,DOA,RR,373,,,1,15,COMMERCIAL_MANAGER,PENDING,,Normal,,2026-04-28T01:46:36.003322+00:00,,
370,DOA,RR,374,,,1,2,ENGINEERING_MANAGER,APPROVED,,Normal,,2026-05-11T22:46:36.003322+00:00,2026-05-14T22:46:36.003322+00:00,Approved (synthetic).
371,DOA,RR,375,,,1,15,COMMERCIAL_MANAGER,PENDING,,Normal,,2026-05-13T14:46:36.003322+00:00,,
372,DOA,RR,376,,,1,2,ENGINEERING_MANAGER,APPROVED,,Normal,,2026-02-23T00:46:36.003322+00:00,2026-02-27T00:46:36.003322+00:00,Approved (synthetic).
373,DOA,RR,378,,,1,2,ENGINEERING_MANAGER,APPROVED,,High,,2026-03-12T00:46:36.003322+00:00,2026-03-14T00:46:36.003322+00:00,Approved (synthetic).
374,DOA,RR,379,,,1,2,ENGINEERING_MANAGER,APPROVED,,Normal,,2026-04-29T07:46:36.003322+00:00,2026-05-02T07:46:36.003322+00:00,Approved (synthetic).
375,DOA,RR,380,,,1,3,COMMERCIAL_MANAGER,APPROVED,,Normal,,2026-03-05T14:46:36.003322+00:00,2026-03-08T14:46:36.003322+00:00,Approved (synthetic).
376,DOA,RR,381,,,1,15,COMMERCIAL_MANAGER,APPROVED,,Normal,,2026-04-19T19:46:36.003322+00:00,2026-04-20T19:46:36.003322+00:00,Approved (synthetic).
377,DOA,RR,382,,,1,2,ENGINEERING_MANAGER,PENDING,,Normal,,2026-04-14T22:46:36.003322+00:00,,
378,DOA,RR,383,,,1,3,COMMERCIAL_MANAGER,PENDING,,Normal,,2026-07-18T23:46:36.003322+00:00,,
379,DOA,RR,384,,,1,2,ENGINEERING_MANAGER,APPROVED,,Normal,,2025-12-17T12:46:36.003322+00:00,2025-12-20T12:46:36.003322+00:00,Approved (synthetic).
380,DOA,RR,385,,,1,3,COMMERCIAL_MANAGER,APPROVED,,Normal,,2025-12-28T10:46:36.003322+00:00,2026-02-01T10:46:36.003322+00:00,Approved (synthetic).
381,DOA,RR,386,,,1,2,ENGINEERING_MANAGER,APPROVED,,High,,2026-01-21T10:46:36.003322+00:00,2026-01-25T10:46:36.003322+00:00,Approved (synthetic).
382,DOA,RR,387,,,1,2,ENGINEERING_MANAGER,APPROVED,,Normal,,2026-05-26T13:46:36.003322+00:00,2026-05-28T13:46:36.003322+00:00,Approved (synthetic).
383,DOA,RR,388,,,1,3,COMMERCIAL_MANAGER,PENDING,,Normal,,2026-07-27T18:46:36.003322+00:00,,
384,DOA,RR,389,,,2,15,COMMERCIAL_MANAGER,ESCALATED,,Normal,,2026-04-03T01:46:36.003322+00:00,2026-04-05T01:46:36.003322+00:00,Escalated for further commercial review (synthetic).
385,DOA,RR,390,,,1,15,COMMERCIAL_MANAGER,APPROVED,,Normal,,2026-06-19T20:46:36.003322+00:00,2026-06-20T20:46:36.003322+00:00,Approved (synthetic).
386,DOA,RR,391,,,1,15,COMMERCIAL_MANAGER,APPROVED,,Normal,,2026-03-05T07:46:36.003322+00:00,2026-03-06T07:46:36.003322+00:00,Approved (synthetic).
387,DOA,RR,392,,,1,2,ENGINEERING_MANAGER,APPROVED,,Normal,,2026-01-18T15:46:36.003322+00:00,2026-01-22T15:46:36.003322+00:00,Approved (synthetic).
388,DOA,RR,393,,,1,2,ENGINEERING_MANAGER,APPROVED,,Normal,,2026-02-03T12:46:36.003322+00:00,2026-02-06T12:46:36.003322+00:00,Approved (synthetic).
389,DOA,RR,394,,,1,2,ENGINEERING_MANAGER,APPROVED,,High,,2026-07-02T15:46:36.003322+00:00,2026-07-04T15:46:36.003322+00:00,Approved (synthetic).
390,DOA,RR,395,,,1,15,COMMERCIAL_MANAGER,APPROVED,,High,,2026-06-09T13:46:36.003322+00:00,2026-06-11T13:46:36.003322+00:00,Approved (synthetic).
391,DOA,RR,396,,,1,15,COMMERCIAL_MANAGER,APPROVED,,High,,2026-02-19T01:46:36.003322+00:00,2026-02-22T01:46:36.003322+00:00,Approved (synthetic).
392,DOA,RR,397,,,1,2,ENGINEERING_MANAGER,PENDING,,Normal,,2026-07-07T18:46:36.003322+00:00,,
393,DOA,RR,398,,,1,15,COMMERCIAL_MANAGER,APPROVED,,High,,2026-03-31T08:46:36.003322+00:00,2026-04-17T08:46:36.003322+00:00,Approved (synthetic).
394,DOA,RR,399,,,1,2,ENGINEERING_MANAGER,APPROVED,,Normal,,2026-05-23T06:46:36.003322+00:00,2026-06-26T06:46:36.003322+00:00,Approved (synthetic).
395,DOA,RR,400,,,1,2,ENGINEERING_MANAGER,APPROVED,,High,,2026-05-08T08:46:36.003322+00:00,2026-05-31T08:46:36.003322+00:00,Approved (synthetic).
396,DOA,RR,401,,,1,2,ENGINEERING_MANAGER,APPROVED,,Normal,,2026-04-07T04:46:36.003322+00:00,2026-04-11T04:46:36.003322+00:00,Approved (synthetic).
397,DOA,RR,402,,,1,2,ENGINEERING_MANAGER,APPROVED,,High,,2026-07-13T07:46:36.003322+00:00,2026-07-15T07:46:36.003322+00:00,Approved (synthetic).
398,DOA,RR,403,,,1,3,COMMERCIAL_MANAGER,APPROVED,,High,,2026-05-10T20:46:36.003322+00:00,2026-05-11T20:46:36.003322+00:00,Approved (synthetic).
399,DOA,RR,404,,,1,2,ENGINEERING_MANAGER,APPROVED,,Normal,,2026-08-11T14:46:36.003322+00:00,2026-08-13T14:46:36.003322+00:00,Approved (synthetic).
400,DOA,RR,405,,,1,3,COMMERCIAL_MANAGER,APPROVED,,Normal,,2026-02-25T23:46:36.003322+00:00,2026-02-28T23:46:36.003322+00:00,Approved (synthetic).
401,DOA,RR,406,,,1,2,ENGINEERING_MANAGER,APPROVED,,Normal,,2026-03-24T01:46:36.003322+00:00,2026-03-26T01:46:36.003322+00:00,Approved (synthetic).
402,DOA,RR,407,,,1,2,ENGINEERING_MANAGER,PENDING,,Normal,,2026-07-12T19:46:36.003322+00:00,,
403,DOA,RR,408,,,1,15,COMMERCIAL_MANAGER,APPROVED,,Critical,,2026-07-29T22:46:36.003322+00:00,2026-08-01T22:46:36.003322+00:00,Approved (synthetic).
404,DOA,RR,409,,,1,15,COMMERCIAL_MANAGER,APPROVED,,Normal,,2026-07-23T22:46:36.003322+00:00,2026-07-25T22:46:36.003322+00:00,Approved (synthetic).
405,DOA,RR,410,,,1,2,ENGINEERING_MANAGER,APPROVED,,Normal,,2026-02-20T05:46:36.003322+00:00,2026-02-24T05:46:36.003322+00:00,Approved (synthetic).
406,DOA,RR,411,,,1,3,COMMERCIAL_MANAGER,APPROVED,,Normal,,2026-04-08T02:46:36.003322+00:00,2026-04-10T02:46:36.003322+00:00,Approved (synthetic).
407,DOA,RR,413,,,1,2,ENGINEERING_MANAGER,APPROVED,,Normal,,2026-06-22T02:46:36.003322+00:00,2026-06-26T02:46:36.003322+00:00,Approved (synthetic).
408,DOA,RR,414,,,1,2,ENGINEERING_MANAGER,APPROVED,,Normal,,2026-08-11T08:46:36.003322+00:00,2026-08-13T08:46:36.003322+00:00,Approved (synthetic).
409,DOA,RR,415,,,1,3,COMMERCIAL_MANAGER,APPROVED,,Normal,,2026-08-08T14:46:36.003322+00:00,2026-08-11T14:46:36.003322+00:00,Approved (synthetic).
410,DOA,RR,416,,,2,15,COMMERCIAL_MANAGER,ESCALATED,,High,,2026-02-05T11:46:36.003322+00:00,2026-02-07T11:46:36.003322+00:00,Escalated for further commercial review (synthetic).
411,DOA,RR,417,,,1,3,COMMERCIAL_MANAGER,APPROVED,,Critical,,2026-02-21T16:46:36.003322+00:00,2026-02-25T16:46:36.003322+00:00,Approved (synthetic).
412,DOA,RR,418,,,1,2,ENGINEERING_MANAGER,APPROVED,,Normal,,2026-03-20T19:46:36.003322+00:00,2026-03-22T19:46:36.003322+00:00,Approved (synthetic).
413,DOA,RR,419,,,1,3,COMMERCIAL_MANAGER,APPROVED,,Critical,,2026-02-24T22:46:36.003322+00:00,2026-03-25T22:46:36.003322+00:00,Approved (synthetic).
414,DOA,RR,420,,,1,15,COMMERCIAL_MANAGER,APPROVED,,Normal,,2026-05-05T04:46:36.003322+00:00,2026-05-07T04:46:36.003322+00:00,Approved (synthetic).
415,DOA,RR,421,,,1,15,COMMERCIAL_MANAGER,APPROVED,,Normal,,2026-04-03T14:46:36.003322+00:00,2026-04-28T14:46:36.003322+00:00,Approved (synthetic).
416,DOA,RR,422,,,1,2,ENGINEERING_MANAGER,APPROVED,,Normal,,2025-12-16T20:46:36.003322+00:00,2025-12-20T20:46:36.003322+00:00,Approved (synthetic).
417,DOA,RR,423,,,1,2,ENGINEERING_MANAGER,APPROVED,,High,,2026-08-05T01:46:36.003322+00:00,2026-08-07T01:46:36.003322+00:00,Approved (synthetic).
418,DOA,RR,424,,,1,2,ENGINEERING_MANAGER,APPROVED,,High,,2026-05-20T07:46:36.003322+00:00,2026-05-23T07:46:36.003322+00:00,Approved (synthetic).
419,DOA,RR,425,,,1,3,COMMERCIAL_MANAGER,APPROVED,,High,,2026-06-25T12:46:36.003322+00:00,2026-07-30T12:46:36.003322+00:00,Approved (synthetic).
420,DOA,RR,426,,,1,3,COMMERCIAL_MANAGER,APPROVED,,High,,2026-03-30T02:46:36.003322+00:00,2026-04-01T02:46:36.003322+00:00,Approved (synthetic).
421,DOA,RR,427,,,1,2,ENGINEERING_MANAGER,APPROVED,,Normal,,2026-03-31T07:46:36.003322+00:00,2026-04-04T07:46:36.003322+00:00,Approved (synthetic).
422,DOA,RR,428,,,1,2,ENGINEERING_MANAGER,APPROVED,,Normal,,2026-07-22T00:46:36.003322+00:00,2026-07-23T00:46:36.003322+00:00,Approved (synthetic).
423,DOA,RR,429,,,1,2,ENGINEERING_MANAGER,APPROVED,,High,,2026-04-03T02:46:36.003322+00:00,2026-04-07T02:46:36.003322+00:00,Approved (synthetic).
424,DOA,RR,430,,,1,3,COMMERCIAL_MANAGER,APPROVED,,Normal,,2026-05-14T21:46:36.003322+00:00,2026-05-18T21:46:36.003322+00:00,Approved (synthetic).
425,DOA,RR,431,,,1,15,COMMERCIAL_MANAGER,APPROVED,,Normal,,2026-01-01T03:46:36.003322+00:00,2026-01-14T03:46:36.003322+00:00,Approved (synthetic).
426,DOA,RR,432,,,1,2,ENGINEERING_MANAGER,APPROVED,,Critical,,2026-08-21T11:46:36.003322+00:00,2026-08-25T11:46:36.003322+00:00,Approved (synthetic).
427,DOA,RR,434,,,1,15,COMMERCIAL_MANAGER,APPROVED,,Normal,,2026-03-09T19:46:36.003322+00:00,2026-04-04T19:46:36.003322+00:00,Approved (synthetic).
428,DOA,RR,435,,,1,2,ENGINEERING_MANAGER,APPROVED,,High,,2026-06-22T08:46:36.003322+00:00,2026-06-23T08:46:36.003322+00:00,Approved (synthetic).
429,DOA,RR,436,,,1,15,COMMERCIAL_MANAGER,APPROVED,,Normal,,2026-04-03T15:46:36.003322+00:00,2026-04-05T15:46:36.003322+00:00,Approved (synthetic).
430,DOA,RR,437,,,1,2,ENGINEERING_MANAGER,APPROVED,,Normal,,2026-07-31T10:46:36.003322+00:00,2026-08-04T10:46:36.003322+00:00,Approved (synthetic).
431,DOA,RR,438,,,1,2,ENGINEERING_MANAGER,APPROVED,,Normal,,2026-04-29T11:46:36.003322+00:00,2026-05-01T11:46:36.003322+00:00,Approved (synthetic).
432,DOA,RR,439,,,1,2,ENGINEERING_MANAGER,PENDING,,High,,2026-04-20T17:46:36.003322+00:00,,
433,DOA,RR,440,,,1,2,ENGINEERING_MANAGER,APPROVED,,High,,2026-06-01T05:46:36.003322+00:00,2026-06-02T05:46:36.003322+00:00,Approved (synthetic).
434,DOA,RR,441,,,1,2,ENGINEERING_MANAGER,APPROVED,,Critical,,2026-03-19T21:46:36.003322+00:00,2026-03-23T21:46:36.003322+00:00,Approved (synthetic).
435,DOA,RR,442,,,1,15,COMMERCIAL_MANAGER,APPROVED,,Normal,,2026-01-19T03:46:36.003322+00:00,2026-01-23T03:46:36.003322+00:00,Approved (synthetic).
436,DOA,RR,443,,,1,2,ENGINEERING_MANAGER,PENDING,,High,,2026-07-27T21:46:36.003322+00:00,,
437,DOA,RR,444,,,1,2,ENGINEERING_MANAGER,APPROVED,,Normal,,2026-08-01T21:46:36.003322+00:00,2026-08-02T21:46:36.003322+00:00,Approved (synthetic).
438,DOA,RR,445,,,1,2,ENGINEERING_MANAGER,APPROVED,,Normal,,2026-06-06T00:46:36.003322+00:00,2026-07-04T00:46:36.003322+00:00,Approved (synthetic).
439,DOA,RR,446,,,1,2,ENGINEERING_MANAGER,PENDING,,High,,2026-06-28T11:46:36.003322+00:00,,
440,DOA,RR,447,,,1,15,COMMERCIAL_MANAGER,PENDING,,High,,2026-06-18T21:46:36.003322+00:00,,
441,DOA,RR,448,,,1,15,COMMERCIAL_MANAGER,APPROVED,,Normal,,2026-07-30T01:46:36.003322+00:00,2026-08-02T01:46:36.003322+00:00,Approved (synthetic).
442,DOA,RR,449,,,1,15,COMMERCIAL_MANAGER,APPROVED,,Normal,,2025-12-03T15:46:36.003322+00:00,2025-12-05T15:46:36.003322+00:00,Approved (synthetic).
443,DOA,RR,450,,,1,3,COMMERCIAL_MANAGER,APPROVED,,Normal,,2026-01-21T18:46:36.003322+00:00,2026-01-25T18:46:36.003322+00:00,Approved (synthetic).
444,DOA,RR,451,,,1,2,ENGINEERING_MANAGER,REJECTED,,Normal,,2026-07-17T05:46:36.003322+00:00,2026-07-18T05:46:36.003322+00:00,Rejected at DOA stage - insufficient justification (synthetic).
445,DOA,RR,452,,,1,2,ENGINEERING_MANAGER,APPROVED,,Normal,,2026-06-29T21:46:36.003322+00:00,2026-07-01T21:46:36.003322+00:00,Approved (synthetic).
446,DOA,RR,454,,,1,3,COMMERCIAL_MANAGER,APPROVED,,Normal,,2026-07-13T12:46:36.003322+00:00,2026-08-10T12:46:36.003322+00:00,Approved (synthetic).
447,DOA,RR,455,,,1,3,COMMERCIAL_MANAGER,APPROVED,,Normal,,2026-07-22T12:46:36.003322+00:00,2026-07-24T12:46:36.003322+00:00,Approved (synthetic).
448,DOA,RR,456,,,1,3,COMMERCIAL_MANAGER,APPROVED,,Normal,,2025-12-25T11:46:36.003322+00:00,2025-12-26T11:46:36.003322+00:00,Approved (synthetic).
449,DOA,RR,457,,,1,3,COMMERCIAL_MANAGER,APPROVED,,High,,2026-01-29T23:46:36.003322+00:00,2026-02-23T23:46:36.003322+00:00,Approved (synthetic).
450,DOA,RR,458,,,1,3,COMMERCIAL_MANAGER,APPROVED,,Critical,,2026-06-29T02:46:36.003322+00:00,2026-07-03T02:46:36.003322+00:00,Approved (synthetic).
451,DOA,RR,459,,,1,15,COMMERCIAL_MANAGER,APPROVED,,High,,2026-01-09T18:46:36.003322+00:00,2026-01-11T18:46:36.003322+00:00,Approved (synthetic).
452,DOA,RR,460,,,1,2,ENGINEERING_MANAGER,APPROVED,,Normal,,2026-05-10T12:46:36.003322+00:00,2026-05-14T12:46:36.003322+00:00,Approved (synthetic).
453,DOA,RR,461,,,1,3,COMMERCIAL_MANAGER,APPROVED,,Normal,,2026-03-15T06:46:36.003322+00:00,2026-03-18T06:46:36.003322+00:00,Approved (synthetic).
454,DOA,RR,462,,,1,2,ENGINEERING_MANAGER,APPROVED,,Normal,,2026-05-11T09:46:36.003322+00:00,2026-05-24T09:46:36.003322+00:00,Approved (synthetic).
455,DOA,RR,463,,,1,15,COMMERCIAL_MANAGER,APPROVED,,Normal,,2025-12-04T17:46:36.003322+00:00,2025-12-07T17:46:36.003322+00:00,Approved (synthetic).
456,DOA,RR,464,,,1,2,ENGINEERING_MANAGER,APPROVED,,Normal,,2026-08-18T19:46:36.003322+00:00,2026-08-22T19:46:36.003322+00:00,Approved (synthetic).
457,DOA,RR,465,,,1,2,ENGINEERING_MANAGER,APPROVED,,Normal,,2026-04-29T00:46:36.003322+00:00,2026-05-26T00:46:36.003322+00:00,Approved (synthetic).
458,DOA,RR,466,,,1,15,COMMERCIAL_MANAGER,APPROVED,,High,,2026-08-16T07:46:36.003322+00:00,2026-08-19T07:46:36.003322+00:00,Approved (synthetic).
459,DOA,RR,467,,,1,2,ENGINEERING_MANAGER,APPROVED,,Normal,,2026-06-27T10:46:36.003322+00:00,2026-07-01T10:46:36.003322+00:00,Approved (synthetic).
460,DOA,RR,468,,,1,15,COMMERCIAL_MANAGER,PENDING,,Normal,,2026-05-07T11:46:36.003322+00:00,,
461,DOA,RR,469,,,1,2,ENGINEERING_MANAGER,APPROVED,,Normal,,2026-03-09T10:46:36.003322+00:00,2026-03-11T10:46:36.003322+00:00,Approved (synthetic).
462,DOA,RR,470,,,1,15,COMMERCIAL_MANAGER,APPROVED,,Critical,,2026-01-03T07:46:36.003322+00:00,2026-01-07T07:46:36.003322+00:00,Approved (synthetic).
463,DOA,RR,471,,,1,3,COMMERCIAL_MANAGER,APPROVED,,Normal,,2026-08-14T01:46:36.003322+00:00,2026-08-17T01:46:36.003322+00:00,Approved (synthetic).
464,DOA,RR,472,,,1,2,ENGINEERING_MANAGER,APPROVED,,High,,2026-03-19T18:46:36.003322+00:00,2026-03-20T18:46:36.003322+00:00,Approved (synthetic).
465,DOA,RR,473,,,1,2,ENGINEERING_MANAGER,APPROVED,,Normal,,2026-04-06T10:46:36.003322+00:00,2026-04-22T10:46:36.003322+00:00,Approved (synthetic).
466,DOA,RR,474,,,1,2,ENGINEERING_MANAGER,APPROVED,,Normal,,2026-05-04T12:46:36.003322+00:00,2026-05-05T12:46:36.003322+00:00,Approved (synthetic).
467,DOA,RR,475,,,1,2,ENGINEERING_MANAGER,APPROVED,,Normal,,2026-02-02T14:46:36.003322+00:00,2026-02-05T14:46:36.003322+00:00,Approved (synthetic).
468,DOA,RR,476,,,1,3,COMMERCIAL_MANAGER,APPROVED,,High,,2026-08-15T03:46:36.003322+00:00,2026-08-16T03:46:36.003322+00:00,Approved (synthetic).
469,DOA,RR,477,,,1,15,COMMERCIAL_MANAGER,APPROVED,,High,,2026-04-24T23:46:36.003322+00:00,2026-04-27T23:46:36.003322+00:00,Approved (synthetic).
470,DOA,RR,478,,,1,15,COMMERCIAL_MANAGER,PENDING,,Normal,,2026-04-03T05:46:36.003322+00:00,,
471,DOA,RR,479,,,1,2,ENGINEERING_MANAGER,APPROVED,,High,,2026-01-20T12:46:36.003322+00:00,2026-01-21T12:46:36.003322+00:00,Approved (synthetic).
472,DOA,RR,480,,,1,3,COMMERCIAL_MANAGER,PENDING,,High,,2026-07-11T13:46:36.003322+00:00,,
473,DOA,RR,481,,,1,2,ENGINEERING_MANAGER,APPROVED,,High,,2025-11-27T14:46:36.003322+00:00,2025-12-01T14:46:36.003322+00:00,Approved (synthetic).
474,DOA,RR,482,,,1,3,COMMERCIAL_MANAGER,PENDING,,High,,2026-06-26T02:46:36.003322+00:00,,
475,DOA,RR,483,,,1,2,ENGINEERING_MANAGER,APPROVED,,Normal,,2026-08-23T01:46:36.003322+00:00,2026-08-24T01:46:36.003322+00:00,Approved (synthetic).
476,DOA,RR,484,,,1,3,COMMERCIAL_MANAGER,APPROVED,,Normal,,2026-04-18T04:46:36.003322+00:00,2026-05-19T04:46:36.003322+00:00,Approved (synthetic).
477,DOA,RR,485,,,1,15,COMMERCIAL_MANAGER,APPROVED,,Critical,,2026-03-24T01:46:36.003322+00:00,2026-03-26T01:46:36.003322+00:00,Approved (synthetic).
478,DOA,RR,486,,,1,2,ENGINEERING_MANAGER,PENDING,,Normal,,2026-06-05T07:46:36.003322+00:00,,
479,DOA,RR,487,,,1,2,ENGINEERING_MANAGER,APPROVED,,High,,2026-05-20T16:46:36.003322+00:00,2026-05-24T16:46:36.003322+00:00,Approved (synthetic).
480,DOA,RR,488,,,1,15,COMMERCIAL_MANAGER,APPROVED,,Normal,,2026-04-10T12:46:36.003322+00:00,2026-04-13T12:46:36.003322+00:00,Approved (synthetic).
481,DOA,RR,489,,,1,15,COMMERCIAL_MANAGER,APPROVED,,High,,2026-01-15T06:46:36.003322+00:00,2026-01-18T06:46:36.003322+00:00,Approved (synthetic).
482,DOA,RR,490,,,1,2,ENGINEERING_MANAGER,APPROVED,,Normal,,2026-08-06T04:46:36.003322+00:00,2026-08-10T04:46:36.003322+00:00,Approved (synthetic).
483,DOA,RR,491,,,1,15,COMMERCIAL_MANAGER,PENDING,,High,,2026-04-26T01:46:36.003322+00:00,,
484,DOA,RR,492,,,1,2,ENGINEERING_MANAGER,APPROVED,,Normal,,2026-07-19T12:46:36.003322+00:00,2026-07-21T12:46:36.003322+00:00,Approved (synthetic).
485,DOA,RR,493,,,1,2,ENGINEERING_MANAGER,APPROVED,,Normal,,2026-07-12T14:46:36.003322+00:00,2026-07-13T14:46:36.003322+00:00,Approved (synthetic).
486,DOA,RR,494,,,1,2,ENGINEERING_MANAGER,APPROVED,,Normal,,2026-02-26T14:46:36.003322+00:00,2026-02-28T14:46:36.003322+00:00,Approved (synthetic).
487,DOA,RR,495,,,1,2,ENGINEERING_MANAGER,APPROVED,,Normal,,2026-04-22T04:46:36.003322+00:00,2026-04-23T04:46:36.003322+00:00,Approved (synthetic).
488,DOA,RR,496,,,1,2,ENGINEERING_MANAGER,APPROVED,,Normal,,2026-02-10T03:46:36.003322+00:00,2026-03-06T03:46:36.003322+00:00,Approved (synthetic).
489,DOA,RR,497,,,1,2,ENGINEERING_MANAGER,PENDING,,Normal,,2026-07-16T05:46:36.003322+00:00,,
490,DOA,RR,498,,,1,15,COMMERCIAL_MANAGER,APPROVED,,Normal,,2026-07-05T08:46:36.003322+00:00,2026-07-08T08:46:36.003322+00:00,Approved (synthetic).
491,DOA,RR,499,,,1,3,COMMERCIAL_MANAGER,PENDING,,High,,2026-06-27T22:46:36.003322+00:00,,
492,DOA,RR,500,,,1,2,ENGINEERING_MANAGER,APPROVED,,Normal,,2025-12-20T22:46:36.003322+00:00,2025-12-22T22:46:36.003322+00:00,Approved (synthetic).
493,DOA,RR,501,,,1,15,COMMERCIAL_MANAGER,APPROVED,,Normal,,2026-01-21T20:46:36.003322+00:00,2026-01-24T20:46:36.003322+00:00,Approved (synthetic).
494,DOA,RR,502,,,1,2,ENGINEERING_MANAGER,APPROVED,,Critical,,2026-06-12T15:46:36.003322+00:00,2026-06-26T15:46:36.003322+00:00,Approved (synthetic).
495,DOA,RR,503,,,1,2,ENGINEERING_MANAGER,APPROVED,,Normal,,2026-02-05T13:46:36.003322+00:00,2026-02-09T13:46:36.003322+00:00,Approved (synthetic).
496,DOA,RR,504,,,1,2,ENGINEERING_MANAGER,APPROVED,,High,,2026-08-21T08:46:36.003322+00:00,2026-08-23T08:46:36.003322+00:00,Approved (synthetic).
497,DOA,RR,505,,,1,3,COMMERCIAL_MANAGER,REJECTED,,Normal,,2026-01-25T03:46:36.003322+00:00,2026-01-28T03:46:36.003322+00:00,Rejected at DOA stage - insufficient justification (synthetic).
498,DOA,RR,506,,,1,2,ENGINEERING_MANAGER,APPROVED,,Normal,,2026-01-16T09:46:36.003322+00:00,2026-01-19T09:46:36.003322+00:00,Approved (synthetic).
499,DOA,RR,507,,,1,3,COMMERCIAL_MANAGER,APPROVED,,Normal,,2026-05-25T22:46:36.003322+00:00,2026-05-26T22:46:36.003322+00:00,Approved (synthetic).
500,DOA,RR,508,,,1,2,ENGINEERING_MANAGER,APPROVED,,High,,2026-06-18T01:46:36.003322+00:00,2026-06-22T01:46:36.003322+00:00,Approved (synthetic).
501,DOA,RR,509,,,1,2,ENGINEERING_MANAGER,APPROVED,,High,,2026-06-02T20:46:36.003322+00:00,2026-06-06T20:46:36.003322+00:00,Approved (synthetic).
502,DOA,RR,510,,,1,3,COMMERCIAL_MANAGER,APPROVED,,Normal,,2026-07-10T22:46:36.003322+00:00,2026-07-14T22:46:36.003322+00:00,Approved (synthetic).
503,DOA,RR,511,,,1,3,COMMERCIAL_MANAGER,APPROVED,,Normal,,2026-03-24T06:46:36.003322+00:00,2026-03-25T06:46:36.003322+00:00,Approved (synthetic).
504,DOA,RR,512,,,1,3,COMMERCIAL_MANAGER,APPROVED,,Critical,,2026-01-10T02:46:36.003322+00:00,2026-01-11T02:46:36.003322+00:00,Approved (synthetic).
505,DOA,RR,513,,,1,2,ENGINEERING_MANAGER,APPROVED,,Critical,,2026-02-22T23:46:36.003322+00:00,2026-02-25T23:46:36.003322+00:00,Approved (synthetic).
506,DOA,RR,514,,,1,3,COMMERCIAL_MANAGER,APPROVED,,Normal,,2026-03-30T00:46:36.003322+00:00,2026-04-02T00:46:36.003322+00:00,Approved (synthetic).
507,DOA,RR,515,,,1,2,ENGINEERING_MANAGER,APPROVED,,High,,2026-06-29T11:46:36.003322+00:00,2026-06-30T11:46:36.003322+00:00,Approved (synthetic).
508,DOA,RR,516,,,1,15,COMMERCIAL_MANAGER,APPROVED,,Normal,,2026-04-03T08:46:36.003322+00:00,2026-04-04T08:46:36.003322+00:00,Approved (synthetic).
509,DOA,RR,517,,,1,3,COMMERCIAL_MANAGER,APPROVED,,Normal,,2026-06-19T01:46:36.003322+00:00,2026-06-20T01:46:36.003322+00:00,Approved (synthetic).
510,DOA,RR,518,,,1,3,COMMERCIAL_MANAGER,APPROVED,,Normal,,2026-06-20T16:46:36.003322+00:00,2026-06-24T16:46:36.003322+00:00,Approved (synthetic).
511,DOA,RR,519,,,1,3,COMMERCIAL_MANAGER,APPROVED,,Normal,,2026-02-19T23:46:36.003322+00:00,2026-02-23T23:46:36.003322+00:00,Approved (synthetic).
512,DOA,RR,520,,,1,15,COMMERCIAL_MANAGER,APPROVED,,Normal,,2026-02-24T12:46:36.003322+00:00,2026-03-28T12:46:36.003322+00:00,Approved (synthetic).
513,DOA,RR,521,,,1,2,ENGINEERING_MANAGER,APPROVED,,Normal,,2026-03-31T07:46:36.003322+00:00,2026-04-03T07:46:36.003322+00:00,Approved (synthetic).
514,DOA,RR,522,,,1,2,ENGINEERING_MANAGER,APPROVED,,High,,2025-11-30T12:46:36.003322+00:00,2025-12-01T12:46:36.003322+00:00,Approved (synthetic).
515,DOA,RR,523,,,1,2,ENGINEERING_MANAGER,PENDING,,Normal,,2026-06-26T05:46:36.003322+00:00,,
516,DOA,RR,524,,,1,3,COMMERCIAL_MANAGER,APPROVED,,High,,2025-12-16T23:46:36.003322+00:00,2025-12-20T23:46:36.003322+00:00,Approved (synthetic).
517,DOA,RR,525,,,1,3,COMMERCIAL_MANAGER,APPROVED,,Normal,,2026-04-13T11:46:36.003322+00:00,2026-04-14T11:46:36.003322+00:00,Approved (synthetic).
518,DOA,RR,526,,,1,2,ENGINEERING_MANAGER,APPROVED,,Normal,,2026-03-31T10:46:36.003322+00:00,2026-04-04T10:46:36.003322+00:00,Approved (synthetic).
519,DOA,RR,527,,,1,2,ENGINEERING_MANAGER,APPROVED,,Normal,,2026-04-09T09:46:36.003322+00:00,2026-04-12T09:46:36.003322+00:00,Approved (synthetic).
520,DOA,RR,528,,,1,2,ENGINEERING_MANAGER,APPROVED,,Normal,,2026-06-25T19:46:36.003322+00:00,2026-06-29T19:46:36.003322+00:00,Approved (synthetic).
521,DOA,RR,529,,,1,2,ENGINEERING_MANAGER,PENDING,,Normal,,2026-05-04T08:46:36.003322+00:00,,
522,DOA,RR,530,,,1,2,ENGINEERING_MANAGER,PENDING,,Normal,,2026-07-10T16:46:36.003322+00:00,,
523,DOA,RR,531,,,1,3,COMMERCIAL_MANAGER,APPROVED,,Normal,,2026-02-03T10:46:36.003322+00:00,2026-02-05T10:46:36.003322+00:00,Approved (synthetic).
524,DOA,RR,532,,,1,2,ENGINEERING_MANAGER,APPROVED,,Normal,,2026-08-20T17:46:36.003322+00:00,2026-08-21T17:46:36.003322+00:00,Approved (synthetic).
525,DOA,RR,533,,,1,2,ENGINEERING_MANAGER,APPROVED,,Normal,,2025-11-29T10:46:36.003322+00:00,2025-12-02T10:46:36.003322+00:00,Approved (synthetic).
526,DOA,RR,534,,,1,2,ENGINEERING_MANAGER,APPROVED,,High,,2026-06-15T10:46:36.003322+00:00,2026-06-18T10:46:36.003322+00:00,Approved (synthetic).
527,DOA,RR,535,,,1,3,COMMERCIAL_MANAGER,APPROVED,,High,,2025-11-27T16:46:36.003322+00:00,2025-11-30T16:46:36.003322+00:00,Approved (synthetic).
528,DOA,RR,536,,,1,2,ENGINEERING_MANAGER,APPROVED,,Normal,,2025-12-08T11:46:36.003322+00:00,2025-12-11T11:46:36.003322+00:00,Approved (synthetic).
529,DOA,RR,537,,,1,2,ENGINEERING_MANAGER,APPROVED,,Normal,,2025-12-31T23:46:36.003322+00:00,2026-01-27T23:46:36.003322+00:00,Approved (synthetic).
530,DOA,RR,538,,,1,2,ENGINEERING_MANAGER,APPROVED,,High,,2026-02-25T21:46:36.003322+00:00,2026-02-28T21:46:36.003322+00:00,Approved (synthetic).
531,DOA,RR,539,,,1,15,COMMERCIAL_MANAGER,APPROVED,,Normal,,2025-12-15T19:46:36.003322+00:00,2025-12-17T19:46:36.003322+00:00,Approved (synthetic).
532,DOA,RR,540,,,1,3,COMMERCIAL_MANAGER,PENDING,,Normal,,2026-05-31T04:46:36.003322+00:00,,
533,DOA,RR,541,,,1,2,ENGINEERING_MANAGER,APPROVED,,High,,2026-03-14T17:46:36.003322+00:00,2026-03-18T17:46:36.003322+00:00,Approved (synthetic).
534,DOA,RR,542,,,1,15,COMMERCIAL_MANAGER,APPROVED,,High,,2026-07-27T07:46:36.003322+00:00,2026-07-31T07:46:36.003322+00:00,Approved (synthetic).
535,DOA,RR,543,,,1,2,ENGINEERING_MANAGER,APPROVED,,Normal,,2025-12-08T03:46:36.003322+00:00,2025-12-09T03:46:36.003322+00:00,Approved (synthetic).
536,DOA,RR,544,,,1,2,ENGINEERING_MANAGER,APPROVED,,Normal,,2026-04-20T01:46:36.003322+00:00,2026-04-22T01:46:36.003322+00:00,Approved (synthetic).
537,DOA,RR,545,,,1,15,COMMERCIAL_MANAGER,APPROVED,,High,,2026-03-01T08:46:36.003322+00:00,2026-03-05T08:46:36.003322+00:00,Approved (synthetic).
538,DOA,RR,546,,,1,3,COMMERCIAL_MANAGER,APPROVED,,Normal,,2026-08-22T06:46:36.003322+00:00,2026-08-24T06:46:36.003322+00:00,Approved (synthetic).
539,DOA,RR,547,,,1,15,COMMERCIAL_MANAGER,APPROVED,,Normal,,2026-06-03T02:46:36.003322+00:00,2026-06-07T02:46:36.003322+00:00,Approved (synthetic).
540,DOA,RR,548,,,1,3,COMMERCIAL_MANAGER,APPROVED,,High,,2025-12-17T23:46:36.003322+00:00,2025-12-18T23:46:36.003322+00:00,Approved (synthetic).
541,DOA,RR,549,,,1,3,COMMERCIAL_MANAGER,APPROVED,,Normal,,2026-05-15T17:46:36.003322+00:00,2026-05-18T17:46:36.003322+00:00,Approved (synthetic).
542,DOA,RR,550,,,1,2,ENGINEERING_MANAGER,APPROVED,,Critical,,2026-07-17T15:46:36.003322+00:00,2026-07-18T15:46:36.003322+00:00,Approved (synthetic).
543,DOA,RR,551,,,1,3,COMMERCIAL_MANAGER,APPROVED,,Normal,,2026-06-07T23:46:36.003322+00:00,2026-06-11T23:46:36.003322+00:00,Approved (synthetic).
544,DOA,RR,552,,,1,2,ENGINEERING_MANAGER,APPROVED,,Normal,,2026-01-08T16:46:36.003322+00:00,2026-01-25T16:46:36.003322+00:00,Approved (synthetic).
545,DOA,RR,553,,,2,15,COMMERCIAL_MANAGER,ESCALATED,,Normal,,2026-05-26T05:46:36.003322+00:00,2026-05-28T05:46:36.003322+00:00,Escalated for further commercial review (synthetic).
546,DOA,RR,554,,,1,2,ENGINEERING_MANAGER,APPROVED,,Normal,,2026-03-06T23:46:36.003322+00:00,2026-03-28T23:46:36.003322+00:00,Approved (synthetic).
547,DOA,RR,555,,,1,2,ENGINEERING_MANAGER,APPROVED,,High,,2025-12-13T09:46:36.003322+00:00,2025-12-16T09:46:36.003322+00:00,Approved (synthetic).
548,DOA,RR,556,,,1,3,COMMERCIAL_MANAGER,APPROVED,,Normal,,2026-02-25T07:46:36.003322+00:00,2026-02-26T07:46:36.003322+00:00,Approved (synthetic).
549,DOA,RR,557,,,1,15,COMMERCIAL_MANAGER,APPROVED,,Normal,,2025-12-25T23:46:36.003322+00:00,2026-01-26T23:46:36.003322+00:00,Approved (synthetic).
550,DOA,RR,558,,,1,2,ENGINEERING_MANAGER,APPROVED,,Normal,,2026-01-11T06:46:36.003322+00:00,2026-02-09T06:46:36.003322+00:00,Approved (synthetic).
551,DOA,RR,559,,,1,3,COMMERCIAL_MANAGER,APPROVED,,High,,2026-02-11T19:46:36.003322+00:00,2026-02-15T19:46:36.003322+00:00,Approved (synthetic).
552,DOA,RR,560,,,1,2,ENGINEERING_MANAGER,APPROVED,,Normal,,2026-01-23T12:46:36.003322+00:00,2026-01-24T12:46:36.003322+00:00,Approved (synthetic).
553,DOA,RR,561,,,1,2,ENGINEERING_MANAGER,PENDING,,Normal,,2026-07-02T06:46:36.003322+00:00,,
554,DOA,RR,562,,,1,15,COMMERCIAL_MANAGER,APPROVED,,Normal,,2026-01-29T17:46:36.003322+00:00,2026-02-10T17:46:36.003322+00:00,Approved (synthetic).
555,DOA,RR,563,,,1,15,COMMERCIAL_MANAGER,APPROVED,,Critical,,2026-08-16T01:46:36.003322+00:00,2026-08-19T01:46:36.003322+00:00,Approved (synthetic).
556,DOA,RR,564,,,2,2,ENGINEERING_MANAGER,ESCALATED,,Normal,,2025-12-14T02:46:36.003322+00:00,2025-12-16T02:46:36.003322+00:00,Escalated for further commercial review (synthetic).
557,DOA,RR,565,,,1,3,COMMERCIAL_MANAGER,PENDING,,Normal,,2026-07-10T16:46:36.003322+00:00,,
558,DOA,RR,566,,,1,2,ENGINEERING_MANAGER,APPROVED,,Normal,,2026-06-28T14:46:36.003322+00:00,2026-06-29T14:46:36.003322+00:00,Approved (synthetic).
559,DOA,RR,567,,,1,3,COMMERCIAL_MANAGER,APPROVED,,Critical,,2025-12-11T20:46:36.003322+00:00,2025-12-14T20:46:36.003322+00:00,Approved (synthetic).
560,DOA,RR,568,,,1,2,ENGINEERING_MANAGER,APPROVED,,Normal,,2025-12-09T10:46:36.003322+00:00,2025-12-10T10:46:36.003322+00:00,Approved (synthetic).
561,DOA,RR,569,,,1,15,COMMERCIAL_MANAGER,APPROVED,,High,,2026-05-10T16:46:36.003322+00:00,2026-05-13T16:46:36.003322+00:00,Approved (synthetic).
562,DOA,RR,570,,,1,2,ENGINEERING_MANAGER,APPROVED,,High,,2026-07-21T11:46:36.003322+00:00,2026-07-24T11:46:36.003322+00:00,Approved (synthetic).
563,DOA,RR,571,,,1,2,ENGINEERING_MANAGER,APPROVED,,Normal,,2026-01-27T12:46:36.003322+00:00,2026-01-28T12:46:36.003322+00:00,Approved (synthetic).
564,DOA,RR,572,,,1,15,COMMERCIAL_MANAGER,APPROVED,,Normal,,2026-05-22T23:46:36.003322+00:00,2026-05-24T23:46:36.003322+00:00,Approved (synthetic).
565,DOA,RR,573,,,1,2,ENGINEERING_MANAGER,APPROVED,,Normal,,2026-03-14T12:46:36.003322+00:00,2026-03-15T12:46:36.003322+00:00,Approved (synthetic).
566,DOA,RR,574,,,1,3,COMMERCIAL_MANAGER,APPROVED,,Normal,,2026-01-29T15:46:36.003322+00:00,2026-02-02T15:46:36.003322+00:00,Approved (synthetic).
567,DOA,RR,575,,,1,2,ENGINEERING_MANAGER,APPROVED,,Normal,,2026-05-08T18:46:36.003322+00:00,2026-05-10T18:46:36.003322+00:00,Approved (synthetic).
568,DOA,RR,576,,,2,2,ENGINEERING_MANAGER,ESCALATED,,Normal,,2026-03-10T04:46:36.003322+00:00,2026-03-12T04:46:36.003322+00:00,Escalated for further commercial review (synthetic).
569,DOA,RR,577,,,1,2,ENGINEERING_MANAGER,APPROVED,,Normal,,2026-02-21T03:46:36.003322+00:00,2026-02-24T03:46:36.003322+00:00,Approved (synthetic).
570,DOA,RR,578,,,1,2,ENGINEERING_MANAGER,APPROVED,,Normal,,2026-04-05T15:46:36.003322+00:00,2026-05-09T15:46:36.003322+00:00,Approved (synthetic).
571,DOA,RR,579,,,1,3,COMMERCIAL_MANAGER,APPROVED,,Normal,,2025-12-01T21:46:36.003322+00:00,2025-12-03T21:46:36.003322+00:00,Approved (synthetic).
572,DOA,RR,580,,,1,15,COMMERCIAL_MANAGER,APPROVED,,Normal,,2026-04-02T01:46:36.003322+00:00,2026-04-05T01:46:36.003322+00:00,Approved (synthetic).
573,DOA,RR,581,,,1,2,ENGINEERING_MANAGER,APPROVED,,Normal,,2026-05-05T08:46:36.003322+00:00,2026-05-09T08:46:36.003322+00:00,Approved (synthetic).
574,DOA,RR,582,,,1,2,ENGINEERING_MANAGER,PENDING,,Normal,,2026-05-29T04:46:36.003322+00:00,,
575,DOA,RR,583,,,1,2,ENGINEERING_MANAGER,APPROVED,,Normal,,2026-08-09T00:46:36.003322+00:00,2026-08-10T00:46:36.003322+00:00,Approved (synthetic).
576,DOA,RR,584,,,1,15,COMMERCIAL_MANAGER,APPROVED,,High,,2026-03-29T20:46:36.003322+00:00,2026-03-31T20:46:36.003322+00:00,Approved (synthetic).
577,DOA,RR,585,,,1,2,ENGINEERING_MANAGER,APPROVED,,Normal,,2026-02-10T15:46:36.003322+00:00,2026-02-11T15:46:36.003322+00:00,Approved (synthetic).
578,DOA,RR,586,,,1,2,ENGINEERING_MANAGER,APPROVED,,High,,2025-12-09T08:46:36.003322+00:00,2025-12-10T08:46:36.003322+00:00,Approved (synthetic).
579,DOA,RR,587,,,1,3,COMMERCIAL_MANAGER,APPROVED,,Normal,,2026-04-30T20:46:36.003322+00:00,2026-05-03T20:46:36.003322+00:00,Approved (synthetic).
580,DOA,RR,588,,,1,3,COMMERCIAL_MANAGER,APPROVED,,Normal,,2026-05-27T15:46:36.003322+00:00,2026-05-29T15:46:36.003322+00:00,Approved (synthetic).
581,DOA,RR,589,,,1,3,COMMERCIAL_MANAGER,APPROVED,,Normal,,2026-04-01T21:46:36.003322+00:00,2026-04-02T21:46:36.003322+00:00,Approved (synthetic).
582,DOA,RR,590,,,1,3,COMMERCIAL_MANAGER,APPROVED,,Normal,,2026-07-06T07:46:36.003322+00:00,2026-07-07T07:46:36.003322+00:00,Approved (synthetic).
583,DOA,RR,591,,,1,3,COMMERCIAL_MANAGER,APPROVED,,Normal,,2026-03-16T07:46:36.003322+00:00,2026-03-18T07:46:36.003322+00:00,Approved (synthetic).
584,DOA,RR,592,,,1,2,ENGINEERING_MANAGER,APPROVED,,High,,2026-08-03T12:46:36.003322+00:00,2026-08-05T12:46:36.003322+00:00,Approved (synthetic).
585,DOA,RR,593,,,1,2,ENGINEERING_MANAGER,APPROVED,,Critical,,2026-04-09T09:46:36.003322+00:00,2026-04-11T09:46:36.003322+00:00,Approved (synthetic).
586,DOA,RR,594,,,1,2,ENGINEERING_MANAGER,APPROVED,,Normal,,2026-08-07T21:46:36.003322+00:00,2026-08-11T21:46:36.003322+00:00,Approved (synthetic).
587,DOA,RR,595,,,1,2,ENGINEERING_MANAGER,APPROVED,,Normal,,2026-05-05T05:46:36.003322+00:00,2026-05-06T05:46:36.003322+00:00,Approved (synthetic).
588,DOA,RR,596,,,1,15,COMMERCIAL_MANAGER,APPROVED,,Normal,,2026-05-03T22:46:36.003322+00:00,2026-05-07T22:46:36.003322+00:00,Approved (synthetic).
589,DOA,RR,597,,,1,2,ENGINEERING_MANAGER,APPROVED,,Normal,,2026-03-26T22:46:36.003322+00:00,2026-03-27T22:46:36.003322+00:00,Approved (synthetic).
590,DOA,RR,598,,,1,2,ENGINEERING_MANAGER,APPROVED,,Normal,,2026-07-31T10:46:36.003322+00:00,2026-08-02T10:46:36.003322+00:00,Approved (synthetic).
591,DOA,RR,599,,,1,15,COMMERCIAL_MANAGER,APPROVED,,Normal,,2025-12-05T04:46:36.003322+00:00,2025-12-06T04:46:36.003322+00:00,Approved (synthetic).
592,DOA,RR,600,,,1,2,ENGINEERING_MANAGER,APPROVED,,Normal,,2026-08-10T16:46:36.003322+00:00,2026-08-12T16:46:36.003322+00:00,Approved (synthetic).
593,DOA,RR,601,,,1,2,ENGINEERING_MANAGER,APPROVED,,Normal,,2026-06-28T09:46:36.003322+00:00,2026-06-29T09:46:36.003322+00:00,Approved (synthetic).
594,DOA,RR,602,,,2,15,COMMERCIAL_MANAGER,ESCALATED,,Normal,,2026-07-14T14:46:36.003322+00:00,2026-07-16T14:46:36.003322+00:00,Escalated for further commercial review (synthetic).
595,DOA,RR,603,,,1,2,ENGINEERING_MANAGER,APPROVED,,Normal,,2026-02-23T20:46:36.003322+00:00,2026-02-24T20:46:36.003322+00:00,Approved (synthetic).
596,DOA,RR,604,,,1,3,COMMERCIAL_MANAGER,APPROVED,,Normal,,2026-08-02T23:46:36.003322+00:00,2026-08-04T23:46:36.003322+00:00,Approved (synthetic).
597,DOA,RR,605,,,1,15,COMMERCIAL_MANAGER,APPROVED,,High,,2026-04-16T11:46:36.003322+00:00,2026-04-20T11:46:36.003322+00:00,Approved (synthetic).
598,DOA,RR,606,,,1,2,ENGINEERING_MANAGER,REJECTED,,Normal,,2026-03-08T14:46:36.003322+00:00,2026-03-12T14:46:36.003322+00:00,Rejected at DOA stage - insufficient justification (synthetic).
599,DOA,RR,607,,,1,3,COMMERCIAL_MANAGER,APPROVED,,Normal,,2026-07-31T11:46:36.003322+00:00,2026-08-03T11:46:36.003322+00:00,Approved (synthetic).
600,DOA,RR,608,,,1,2,ENGINEERING_MANAGER,APPROVED,,Critical,,2026-03-13T07:46:36.003322+00:00,2026-03-15T07:46:36.003322+00:00,Approved (synthetic).
601,DOA,RR,609,,,1,15,COMMERCIAL_MANAGER,APPROVED,,Normal,,2026-04-19T18:46:36.003322+00:00,2026-04-22T18:46:36.003322+00:00,Approved (synthetic).
602,DOA,RR,610,,,1,15,COMMERCIAL_MANAGER,APPROVED,,High,,2026-07-17T22:46:36.003322+00:00,2026-07-18T22:46:36.003322+00:00,Approved (synthetic).
603,DOA,RR,611,,,1,15,COMMERCIAL_MANAGER,APPROVED,,Normal,,2026-07-02T12:46:36.003322+00:00,2026-07-06T12:46:36.003322+00:00,Approved (synthetic).
604,DOA,RR,612,,,1,2,ENGINEERING_MANAGER,APPROVED,,Critical,,2026-02-02T15:46:36.003322+00:00,2026-02-04T15:46:36.003322+00:00,Approved (synthetic).
605,DOA,RR,613,,,2,15,COMMERCIAL_MANAGER,ESCALATED,,Normal,,2026-06-11T06:46:36.003322+00:00,2026-06-13T06:46:36.003322+00:00,Escalated for further commercial review (synthetic).
606,DOA,RR,614,,,1,15,COMMERCIAL_MANAGER,APPROVED,,Normal,,2026-02-18T05:46:36.003322+00:00,2026-02-21T05:46:36.003322+00:00,Approved (synthetic).
607,DOA,RR,615,,,2,2,ENGINEERING_MANAGER,ESCALATED,,Normal,,2026-07-29T04:46:36.003322+00:00,2026-07-31T04:46:36.003322+00:00,Escalated for further commercial review (synthetic).
608,DOA,RR,616,,,1,3,COMMERCIAL_MANAGER,APPROVED,,Critical,,2026-04-17T13:46:36.003322+00:00,2026-05-02T13:46:36.003322+00:00,Approved (synthetic).
609,DOA,RR,617,,,1,2,ENGINEERING_MANAGER,PENDING,,Normal,,2026-05-15T17:46:36.003322+00:00,,
610,DOA,RR,618,,,1,2,ENGINEERING_MANAGER,APPROVED,,Normal,,2026-06-26T16:46:36.003322+00:00,2026-06-30T16:46:36.003322+00:00,Approved (synthetic).
611,DOA,RR,619,,,1,15,COMMERCIAL_MANAGER,APPROVED,,High,,2026-06-07T14:46:36.003322+00:00,2026-06-09T14:46:36.003322+00:00,Approved (synthetic).
612,DOA,RR,620,,,1,3,COMMERCIAL_MANAGER,APPROVED,,High,,2026-02-23T14:46:36.003322+00:00,2026-02-24T14:46:36.003322+00:00,Approved (synthetic).
613,DOA,RR,621,,,1,2,ENGINEERING_MANAGER,APPROVED,,Normal,,2026-02-18T19:46:36.003322+00:00,2026-02-19T19:46:36.003322+00:00,Approved (synthetic).
614,DOA,RR,622,,,1,3,COMMERCIAL_MANAGER,APPROVED,,Normal,,2026-08-10T19:46:36.003322+00:00,2026-08-14T19:46:36.003322+00:00,Approved (synthetic).
615,DOA,RR,623,,,1,2,ENGINEERING_MANAGER,APPROVED,,Normal,,2026-04-20T23:46:36.003322+00:00,2026-04-24T23:46:36.003322+00:00,Approved (synthetic).
616,DOA,RR,624,,,1,15,COMMERCIAL_MANAGER,APPROVED,,Critical,,2026-07-17T15:46:36.003322+00:00,2026-07-21T15:46:36.003322+00:00,Approved (synthetic).
617,DOA,RR,626,,,1,3,COMMERCIAL_MANAGER,APPROVED,,High,,2026-04-30T13:46:36.003322+00:00,2026-05-03T13:46:36.003322+00:00,Approved (synthetic).
618,DOA,RR,627,,,1,3,COMMERCIAL_MANAGER,APPROVED,,Normal,,2026-04-30T21:46:36.003322+00:00,2026-05-04T21:46:36.003322+00:00,Approved (synthetic).
619,DOA,RR,628,,,1,2,ENGINEERING_MANAGER,APPROVED,,Normal,,2025-12-15T14:46:36.003322+00:00,2025-12-17T14:46:36.003322+00:00,Approved (synthetic).
620,DOA,RR,629,,,1,2,ENGINEERING_MANAGER,APPROVED,,Normal,,2026-04-17T17:46:36.003322+00:00,2026-04-19T17:46:36.003322+00:00,Approved (synthetic).
621,DOA,RR,630,,,1,15,COMMERCIAL_MANAGER,APPROVED,,Normal,,2026-04-18T21:46:36.003322+00:00,2026-04-22T21:46:36.003322+00:00,Approved (synthetic).
622,DOA,RR,631,,,1,3,COMMERCIAL_MANAGER,APPROVED,,Normal,,2026-08-13T04:46:36.003322+00:00,2026-08-15T04:46:36.003322+00:00,Approved (synthetic).
623,DOA,RR,632,,,1,15,COMMERCIAL_MANAGER,APPROVED,,High,,2026-02-04T14:46:36.003322+00:00,2026-02-06T14:46:36.003322+00:00,Approved (synthetic).
624,DOA,RR,633,,,1,3,COMMERCIAL_MANAGER,APPROVED,,Normal,,2026-07-12T14:46:36.003322+00:00,2026-07-13T14:46:36.003322+00:00,Approved (synthetic).
625,DOA,RR,634,,,1,2,ENGINEERING_MANAGER,APPROVED,,High,,2026-01-15T08:46:36.003322+00:00,2026-01-16T08:46:36.003322+00:00,Approved (synthetic).
626,DOA,RR,635,,,1,3,COMMERCIAL_MANAGER,PENDING,,Normal,,2026-06-15T14:46:36.003322+00:00,,
627,DOA,RR,636,,,1,15,COMMERCIAL_MANAGER,APPROVED,,High,,2025-12-10T10:46:36.003322+00:00,2025-12-13T10:46:36.003322+00:00,Approved (synthetic).
628,DOA,RR,637,,,1,2,ENGINEERING_MANAGER,REJECTED,,Normal,,2026-04-04T08:46:36.003322+00:00,2026-04-06T08:46:36.003322+00:00,Rejected at DOA stage - insufficient justification (synthetic).
629,DOA,RR,638,,,1,2,ENGINEERING_MANAGER,APPROVED,,Normal,,2026-03-21T01:46:36.003322+00:00,2026-03-25T01:46:36.003322+00:00,Approved (synthetic).
630,DOA,RR,639,,,1,3,COMMERCIAL_MANAGER,APPROVED,,Normal,,2026-04-20T08:46:36.003322+00:00,2026-04-21T08:46:36.003322+00:00,Approved (synthetic).
631,DOA,RR,640,,,1,3,COMMERCIAL_MANAGER,APPROVED,,Normal,,2026-06-22T16:46:36.003322+00:00,2026-06-23T16:46:36.003322+00:00,Approved (synthetic).
632,DOA,RR,641,,,1,15,COMMERCIAL_MANAGER,APPROVED,,High,,2026-03-31T17:46:36.003322+00:00,2026-08-25T10:14:47.701312+00:00,
633,DOA,RR,642,,,1,15,COMMERCIAL_MANAGER,APPROVED,,Normal,,2026-05-06T04:46:36.003322+00:00,2026-05-10T04:46:36.003322+00:00,Approved (synthetic).
634,DOA,RR,643,,,1,3,COMMERCIAL_MANAGER,APPROVED,,High,,2026-08-01T12:46:36.003322+00:00,2026-08-04T12:46:36.003322+00:00,Approved (synthetic).
635,DOA,RR,644,,,1,2,ENGINEERING_MANAGER,APPROVED,,High,,2026-04-26T16:46:36.003322+00:00,2026-04-30T16:46:36.003322+00:00,Approved (synthetic).
636,DOA,RR,645,,,1,3,COMMERCIAL_MANAGER,APPROVED,,Normal,,2025-11-28T04:46:36.003322+00:00,2025-11-29T04:46:36.003322+00:00,Approved (synthetic).
637,DOA,RR,647,,,1,3,COMMERCIAL_MANAGER,APPROVED,,Normal,,2026-07-15T10:46:36.003322+00:00,2026-07-19T10:46:36.003322+00:00,Approved (synthetic).
638,DOA,RR,648,,,1,15,COMMERCIAL_MANAGER,PENDING,,Normal,,2026-08-09T09:46:36.003322+00:00,,
639,DOA,RR,649,,,1,3,COMMERCIAL_MANAGER,APPROVED,,High,,2026-08-18T00:46:36.003322+00:00,2026-08-19T00:46:36.003322+00:00,Approved (synthetic).
640,DOA,RR,650,,,1,15,COMMERCIAL_MANAGER,PENDING,,Normal,,2026-04-05T07:46:36.003322+00:00,,
