id,rr_id,material_id,plant,origin,status,statement,declared_by,declared_at,chain_snapshot,created_at
1,16,187,BMM,MANUAL,COMPLETE,I confirm the existing item has been assessed and cannot be repaired.,22,2026-05-08T16:18:35.097269+00:00,,2026-05-08T16:18:35.097269+00:00
2,27,43,BMM,MRP,COMPLETE,I confirm the existing item has been assessed and cannot be repaired.,5,2026-02-28T20:18:35.097269+00:00,,2026-02-25T20:18:35.097269+00:00
3,36,157,BMM,MANUAL,COMPLETE,I confirm the existing item has been assessed and cannot be repaired.,2,2026-02-26T22:18:35.097269+00:00,,2026-02-26T22:18:35.097269+00:00
4,37,38,BMM,MANUAL,COMPLETE,I confirm the existing item has been assessed and cannot be repaired.,10,2026-08-24T22:18:35.097269+00:00,"{""detected_at"": ""2026-08-24T22:18:35.097269+00:00"", ""plant"": ""BMM"", ""chain_count"": 1, ""materials"": [{""material_id"": 38, ""material_code"": ""80-10038"", ""material_description"": ""Mechanical Seal, shaft 50mm, tungsten carbide faces"", ""plant"": ""BMM"", ""is_repairable"": true, ""has_active_chain"": true, ""total_quantity_under_repair"": 1.0, ""earliest_expected_return"": ""2026-09-15"", ""chains"": [{""material_id"": 38, ""material_code"": ""80-10038"", ""material_description"": ""Mechanical Seal, shaft 50mm, tungsten carbide faces"", ""material_group"": ""Mechanical Seals"", ""plant"": ""BMM"", ""repair_pr_number"": ""RPR-2010"", ""repair_pr_id"": 10, ""repair_po_number"": ""RPO-3009"", ""repair_po_id"": 9, ""supplier_id"": 4, ""vendor"": ""Postmasburg Electromechanical Ltd (Pty) Ltd"", ""quantity_under_repair"": 1.0, ""repair_value"": 21792.84, ""opened_at"": ""2026-08-06"", ""expected_return"": ""2026-09-15"", ""days_open"": 20, ""days_overdue"": 0, ""overdue"": false, ""stage"": ""AT_VENDOR""}]}]}",2026-08-24T22:18:35.097269+00:00
5,42,37,BMM,MANUAL,COMPLETE,I confirm the existing item has been assessed and cannot be repaired.,10,2026-07-08T00:18:35.097269+00:00,,2026-07-08T00:18:35.097269+00:00
6,47,184,BMM,MANUAL,COMPLETE,I confirm the existing item has been assessed and cannot be repaired.,8,2026-04-17T16:18:35.097269+00:00,,2026-04-17T16:18:35.097269+00:00
7,48,37,BMM,MANUAL,COMPLETE,I confirm the existing item has been assessed and cannot be repaired.,3,2026-03-14T22:18:35.097269+00:00,,2026-03-14T22:18:35.097269+00:00
8,50,34,BMM,MANUAL,COMPLETE,I confirm the existing item has been assessed and cannot be repaired.,23,2026-08-18T02:18:35.097269+00:00,"{""detected_at"": ""2026-08-18T02:18:35.097269+00:00"", ""plant"": ""BMM"", ""chain_count"": 1, ""materials"": [{""material_id"": 34, ""material_code"": ""80-10034"", ""material_description"": ""Knife Gate Valve, 40mm (1.5\""), rubber lined"", ""plant"": ""BMM"", ""is_repairable"": true, ""has_active_chain"": true, ""total_quantity_under_repair"": 1.0, ""earliest_expected_return"": ""2026-08-07"", ""chains"": [{""material_id"": 34, ""material_code"": ""80-10034"", ""material_description"": ""Knife Gate Valve, 40mm (1.5\""), rubber lined"", ""material_group"": ""Valves"", ""plant"": ""BMM"", ""repair_pr_number"": ""RPR-2036"", ""repair_pr_id"": 36, ""repair_po_number"": ""RPO-3032"", ""repair_po_id"": 32, ""supplier_id"": 23, ""vendor"": ""Karoo Pump Solutions (Pty) Ltd"", ""quantity_under_repair"": 1.0, ""repair_value"": 14358.4, ""opened_at"": ""2026-06-24"", ""expected_return"": ""2026-08-07"", ""days_open"": 63, ""days_overdue"": 19, ""overdue"": true, ""stage"": ""AT_VENDOR""}]}]}",2026-08-18T02:18:35.097269+00:00
9,52,37,Gamsberg,MRP,COMPLETE,I confirm the existing item has been assessed and cannot be repaired.,12,2026-04-21T04:18:35.097269+00:00,,2026-04-19T04:18:35.097269+00:00
10,54,188,BMM,MRP,PENDING,,,,"{""detected_at"": ""2026-08-01T04:18:35.097269+00:00"", ""plant"": ""BMM"", ""chain_count"": 1, ""materials"": [{""material_id"": 188, ""material_code"": ""80-10188"", ""material_description"": ""Centrifugal Slurry Pump Casing Liner, Low-flow metering"", ""plant"": ""BMM"", ""is_repairable"": true, ""has_active_chain"": true, ""total_quantity_under_repair"": 2.0, ""earliest_expected_return"": ""2026-09-20"", ""chains"": [{""material_id"": 188, ""material_code"": ""80-10188"", ""material_description"": ""Centrifugal Slurry Pump Casing Liner, Low-flow metering"", ""material_group"": ""Pumps"", ""plant"": ""BMM"", ""repair_pr_number"": ""RPR-2013"", ""repair_pr_id"": 13, ""repair_po_number"": ""RPO-3012"", ""repair_po_id"": 12, ""supplier_id"": 34, ""vendor"": ""Namaqua Spares & Components (Pty) Ltd"", ""quantity_under_repair"": 2.0, ""repair_value"": 42924.58, ""opened_at"": ""2026-07-28"", ""expected_return"": ""2026-09-20"", ""days_open"": 29, ""days_overdue"": 0, ""overdue"": false, ""stage"": ""AT_VENDOR""}]}]}",2026-08-01T04:18:35.097269+00:00
11,64,176,BMM,MANUAL,COMPLETE,I confirm the existing item has been assessed and cannot be repaired.,3,2026-01-14T16:18:35.097269+00:00,,2026-01-14T16:18:35.097269+00:00
12,65,37,Gamsberg,MRP,COMPLETE,I confirm the existing item has been assessed and cannot be repaired.,24,2026-04-29T17:18:35.097269+00:00,,2026-04-28T17:18:35.097269+00:00
13,67,30,Gamsberg,MANUAL,COMPLETE,I confirm the existing item has been assessed and cannot be repaired.,15,2026-04-08T04:18:35.097269+00:00,,2026-04-08T04:18:35.097269+00:00
14,74,187,Gamsberg,MANUAL,COMPLETE,I confirm the existing item has been assessed and cannot be repaired.,1,2026-08-02T17:18:35.097269+00:00,"{""detected_at"": ""2026-08-02T17:18:35.097269+00:00"", ""plant"": ""Gamsberg"", ""chain_count"": 1, ""materials"": [{""material_id"": 187, ""material_code"": ""80-10187"", ""material_description"": ""Ball Mill Grinding Media, 40mm, forged steel balls"", ""plant"": ""Gamsberg"", ""is_repairable"": true, ""has_active_chain"": true, ""total_quantity_under_repair"": 2.0, ""earliest_expected_return"": ""2026-07-22"", ""chains"": [{""material_id"": 187, ""material_code"": ""80-10187"", ""material_description"": ""Ball Mill Grinding Media, 40mm, forged steel balls"", ""material_group"": ""Milling Components"", ""plant"": ""Gamsberg"", ""repair_pr_number"": ""RPR-2017"", ""repair_pr_id"": 17, ""repair_po_number"": ""RPO-3015"", ""repair_po_id"": 15, ""supplier_id"": 13, ""vendor"": ""Namaqua Seals & Sealing Systems (Pty) Ltd"", ""quantity_under_repair"": 2.0, ""repair_value"": 18282.74, ""opened_at"": ""2026-06-03"", ""expected_return"": ""2026-07-22"", ""days_open"": 84, ""days_overdue"": 35, ""overdue"": true, ""stage"": ""AT_VENDOR""}]}]}",2026-08-02T17:18:35.097269+00:00
15,77,188,BMM,MRP,PENDING,,,,"{""detected_at"": ""2026-07-31T13:18:35.097269+00:00"", ""plant"": ""BMM"", ""chain_count"": 1, ""materials"": [{""material_id"": 188, ""material_code"": ""80-10188"", ""material_description"": ""Centrifugal Slurry Pump Casing Liner, Low-flow metering"", ""plant"": ""BMM"", ""is_repairable"": true, ""has_active_chain"": true, ""total_quantity_under_repair"": 2.0, ""earliest_expected_return"": ""2026-09-20"", ""chains"": [{""material_id"": 188, ""material_code"": ""80-10188"", ""material_description"": ""Centrifugal Slurry Pump Casing Liner, Low-flow metering"", ""material_group"": ""Pumps"", ""plant"": ""BMM"", ""repair_pr_number"": ""RPR-2013"", ""repair_pr_id"": 13, ""repair_po_number"": ""RPO-3012"", ""repair_po_id"": 12, ""supplier_id"": 34, ""vendor"": ""Namaqua Spares & Components (Pty) Ltd"", ""quantity_under_repair"": 2.0, ""repair_value"": 42924.58, ""opened_at"": ""2026-07-28"", ""expected_return"": ""2026-09-20"", ""days_open"": 29, ""days_overdue"": 0, ""overdue"": false, ""stage"": ""AT_VENDOR""}]}]}",2026-07-31T13:18:35.097269+00:00
16,84,142,BMM,MANUAL,COMPLETE,I confirm the existing item has been assessed and cannot be repaired.,22,2026-08-17T07:18:35.097269+00:00,"{""detected_at"": ""2026-08-17T07:18:35.097269+00:00"", ""plant"": ""BMM"", ""chain_count"": 1, ""materials"": [{""material_id"": 142, ""material_code"": ""80-10142"", ""material_description"": ""Seal Support System, API Plan 32, shaft 100mm"", ""plant"": ""BMM"", ""is_repairable"": true, ""has_active_chain"": true, ""total_quantity_under_repair"": 1.0, ""earliest_expected_return"": ""2026-09-22"", ""chains"": [{""material_id"": 142, ""material_code"": ""80-10142"", ""material_description"": ""Seal Support System, API Plan 32, shaft 100mm"", ""material_group"": ""Mechanical Seals"", ""plant"": ""BMM"", ""repair_pr_number"": ""RPR-2035"", ""repair_pr_id"": 35, ""repair_po_number"": ""RPO-3031"", ""repair_po_id"": 31, ""supplier_id"": 8, ""vendor"": ""Waterberg Mining Equipment Traders (Pty) Ltd"", ""quantity_under_repair"": 1.0, ""repair_value"": 19745.97, ""opened_at"": ""2026-08-06"", ""expected_return"": ""2026-09-22"", ""days_open"": 20, ""days_overdue"": 0, ""overdue"": false, ""stage"": ""AT_VENDOR""}]}]}",2026-08-17T07:18:35.097269+00:00
17,86,176,Gamsberg,MRP,COMPLETE,I confirm the existing item has been assessed and cannot be repaired.,13,2026-05-12T18:18:35.097269+00:00,,2026-05-11T18:18:35.097269+00:00
18,89,43,Gamsberg,MRP,COMPLETE,I confirm the existing item has been assessed and cannot be repaired.,13,2026-04-20T12:18:35.097269+00:00,,2026-04-19T12:18:35.097269+00:00
19,90,102,BMM,MANUAL,COMPLETE,I confirm the existing item has been assessed and cannot be repaired.,23,2026-06-11T15:18:35.097269+00:00,,2026-06-11T15:18:35.097269+00:00
20,91,83,Gamsberg,MRP,COMPLETE,I confirm the existing item has been assessed and cannot be repaired.,5,2026-06-24T06:18:35.097269+00:00,,2026-06-21T06:18:35.097269+00:00
21,94,82,Gamsberg,MRP,COMPLETE,I confirm the existing item has been assessed and cannot be repaired.,12,2026-01-13T01:18:35.097269+00:00,,2026-01-11T01:18:35.097269+00:00
22,95,83,Gamsberg,MRP,COMPLETE,I confirm the existing item has been assessed and cannot be repaired.,13,2026-02-04T19:18:35.097269+00:00,,2026-02-01T19:18:35.097269+00:00
23,102,142,Gamsberg,MANUAL,COMPLETE,I confirm the existing item has been assessed and cannot be repaired.,18,2026-01-27T19:18:35.097269+00:00,,2026-01-27T19:18:35.097269+00:00
24,103,50,BMM,MANUAL,COMPLETE,I confirm the existing item has been assessed and cannot be repaired.,23,2026-08-13T01:18:35.097269+00:00,"{""detected_at"": ""2026-08-13T01:18:35.097269+00:00"", ""plant"": ""BMM"", ""chain_count"": 1, ""materials"": [{""material_id"": 50, ""material_code"": ""80-10050"", ""material_description"": ""Butterfly Valve, 80mm (3\""), wafer type"", ""plant"": ""BMM"", ""is_repairable"": true, ""has_active_chain"": true, ""total_quantity_under_repair"": 3.0, ""earliest_expected_return"": ""2026-08-10"", ""chains"": [{""material_id"": 50, ""material_code"": ""80-10050"", ""material_description"": ""Butterfly Valve, 80mm (3\""), wafer type"", ""material_group"": ""Valves"", ""plant"": ""BMM"", ""repair_pr_number"": ""RPR-2033"", ""repair_pr_id"": 33, ""repair_po_number"": ""RPO-3029"", ""repair_po_id"": 29, ""supplier_id"": 11, ""vendor"": ""Waterberg Valve & Fittings (Pty) Ltd"", ""quantity_under_repair"": 3.0, ""repair_value"": 9260.37, ""opened_at"": ""2026-06-28"", ""expected_return"": ""2026-08-10"", ""days_open"": 59, ""days_overdue"": 16, ""overdue"": true, ""stage"": ""AT_VENDOR""}]}]}",2026-08-13T01:18:35.097269+00:00
25,106,157,Gamsberg,MANUAL,COMPLETE,I confirm the existing item has been assessed and cannot be repaired.,18,2026-04-06T14:18:35.097269+00:00,,2026-04-06T14:18:35.097269+00:00
26,111,154,BMM,MRP,COMPLETE,I confirm the existing item has been assessed and cannot be repaired.,5,2026-02-22T15:18:35.097269+00:00,,2026-02-21T15:18:35.097269+00:00
27,118,176,BMM,MANUAL,COMPLETE,I confirm the existing item has been assessed and cannot be repaired.,8,2026-08-02T03:18:35.097269+00:00,"{""detected_at"": ""2026-08-02T03:18:35.097269+00:00"", ""plant"": ""BMM"", ""chain_count"": 1, ""materials"": [{""material_id"": 176, ""material_code"": ""80-10176"", ""material_description"": ""Gland Packing Set, shaft 65mm, PTFE impregnated"", ""plant"": ""BMM"", ""is_repairable"": true, ""has_active_chain"": true, ""total_quantity_under_repair"": 3.0, ""earliest_expected_return"": ""2026-09-17"", ""chains"": [{""material_id"": 176, ""material_code"": ""80-10176"", ""material_description"": ""Gland Packing Set, shaft 65mm, PTFE impregnated"", ""material_group"": ""Mechanical Seals"", ""plant"": ""BMM"", ""repair_pr_number"": ""RPR-2012"", ""repair_pr_id"": 12, ""repair_po_number"": ""RPO-3011"", ""repair_po_id"": 11, ""supplier_id"": 12, ""vendor"": ""Kimberley Seals & Sealing Systems (Pty) Ltd"", ""quantity_under_repair"": 3.0, ""repair_value"": 1493.79, ""opened_at"": ""2026-07-17"", ""expected_return"": ""2026-09-17"", ""days_open"": 40, ""days_overdue"": 0, ""overdue"": false, ""stage"": ""AT_VENDOR""}]}]}",2026-08-02T03:18:35.097269+00:00
28,120,82,Gamsberg,MANUAL,COMPLETE,I confirm the existing item has been assessed and cannot be repaired.,4,2026-04-09T21:18:35.097269+00:00,,2026-04-09T21:18:35.097269+00:00
29,127,187,Gamsberg,MANUAL,COMPLETE,I confirm the existing item has been assessed and cannot be repaired.,9,2026-08-16T20:18:35.097269+00:00,"{""detected_at"": ""2026-08-16T20:18:35.097269+00:00"", ""plant"": ""Gamsberg"", ""chain_count"": 1, ""materials"": [{""material_id"": 187, ""material_code"": ""80-10187"", ""material_description"": ""Ball Mill Grinding Media, 40mm, forged steel balls"", ""plant"": ""Gamsberg"", ""is_repairable"": true, ""has_active_chain"": true, ""total_quantity_under_repair"": 1.0, ""earliest_expected_return"": ""2026-08-06"", ""chains"": [{""material_id"": 187, ""material_code"": ""80-10187"", ""material_description"": ""Ball Mill Grinding Media, 40mm, forged steel balls"", ""material_group"": ""Milling Components"", ""plant"": ""Gamsberg"", ""repair_pr_number"": ""RPR-2027"", ""repair_pr_id"": 27, ""repair_po_number"": ""RPO-3023"", ""repair_po_id"": 23, ""supplier_id"": 30, ""vendor"": ""Aggeneys Mining Equipment Traders (Pty) Ltd"", ""quantity_under_repair"": 1.0, ""repair_value"": 9141.37, ""opened_at"": ""2026-06-05"", ""expected_return"": ""2026-08-06"", ""days_open"": 82, ""days_overdue"": 20, ""overdue"": true, ""stage"": ""AT_VENDOR""}]}]}",2026-08-16T20:18:35.097269+00:00
30,132,186,BMM,MRP,PENDING,,,,"{""detected_at"": ""2026-08-16T11:18:35.097269+00:00"", ""plant"": ""BMM"", ""chain_count"": 1, ""materials"": [{""material_id"": 186, ""material_code"": ""80-10186"", ""material_description"": ""SAG Mill Liner Plate, lifter bar, chrome-moly steel"", ""plant"": ""BMM"", ""is_repairable"": true, ""has_active_chain"": true, ""total_quantity_under_repair"": 1.0, ""earliest_expected_return"": null, ""chains"": [{""material_id"": 186, ""material_code"": ""80-10186"", ""material_description"": ""SAG Mill Liner Plate, lifter bar, chrome-moly steel"", ""material_group"": ""Milling Components"", ""plant"": ""BMM"", ""repair_pr_number"": ""RPR-2040"", ""repair_pr_id"": 40, ""repair_po_number"": null, ""repair_po_id"": null, ""supplier_id"": null, ""vendor"": null, ""quantity_under_repair"": 1.0, ""repair_value"": 19965.1, ""opened_at"": ""2026-08-14"", ""expected_return"": null, ""days_open"": 12, ""days_overdue"": 0, ""overdue"": false, ""stage"": ""AWAITING_VENDOR_DISPATCH""}]}]}",2026-08-16T11:18:35.097269+00:00
31,138,171,BMM,MRP,COMPLETE,I confirm the existing item has been assessed and cannot be repaired.,13,2026-08-13T11:18:35.097269+00:00,,2026-08-11T11:18:35.097269+00:00
32,141,126,BMM,MANUAL,COMPLETE,I confirm the existing item has been assessed and cannot be repaired.,19,2026-07-06T16:18:35.097269+00:00,,2026-07-06T16:18:35.097269+00:00
33,143,179,Gamsberg,MRP,COMPLETE,I confirm the existing item has been assessed and cannot be repaired.,13,2026-08-02T03:18:35.097269+00:00,,2026-07-29T03:18:35.097269+00:00
34,147,82,BMM,MANUAL,COMPLETE,I confirm the existing item has been assessed and cannot be repaired.,8,2026-08-14T02:18:35.097269+00:00,"{""detected_at"": ""2026-08-14T02:18:35.097269+00:00"", ""plant"": ""BMM"", ""chain_count"": 1, ""materials"": [{""material_id"": 82, ""material_code"": ""80-10082"", ""material_description"": ""Knife Gate Valve, 100mm (4\""), rubber lined"", ""plant"": ""BMM"", ""is_repairable"": true, ""has_active_chain"": true, ""total_quantity_under_repair"": 2.0, ""earliest_expected_return"": ""2026-09-28"", ""chains"": [{""material_id"": 82, ""material_code"": ""80-10082"", ""material_description"": ""Knife Gate Valve, 100mm (4\""), rubber lined"", ""material_group"": ""Valves"", ""plant"": ""BMM"", ""repair_pr_number"": ""RPR-2026"", ""repair_pr_id"": 26, ""repair_po_number"": ""RPO-3022"", ""repair_po_id"": 22, ""supplier_id"": 35, ""vendor"": ""Lowveld Engineering Supplies (Pty) Ltd"", ""quantity_under_repair"": 2.0, ""repair_value"": 6972.8, ""opened_at"": ""2026-08-22"", ""expected_return"": ""2026-09-28"", ""days_open"": 4, ""days_overdue"": 0, ""overdue"": false, ""stage"": ""AT_VENDOR""}]}]}",2026-08-14T02:18:35.097269+00:00
35,148,30,Gamsberg,MANUAL,COMPLETE,I confirm the existing item has been assessed and cannot be repaired.,24,2026-04-04T05:18:35.097269+00:00,,2026-04-04T05:18:35.097269+00:00
36,153,76,Gamsberg,MRP,COMPLETE,I confirm the existing item has been assessed and cannot be repaired.,13,2026-08-09T16:18:35.097269+00:00,,2026-08-05T16:18:35.097269+00:00
37,154,102,BMM,MRP,PENDING,,,,"{""detected_at"": ""2026-08-05T22:18:35.097269+00:00"", ""plant"": ""BMM"", ""chain_count"": 1, ""materials"": [{""material_id"": 102, ""material_code"": ""80-10102"", ""material_description"": ""Centrifugal Slurry Pump Impeller, Light duty, hard metal"", ""plant"": ""BMM"", ""is_repairable"": true, ""has_active_chain"": true, ""total_quantity_under_repair"": 3.0, ""earliest_expected_return"": null, ""chains"": [{""material_id"": 102, ""material_code"": ""80-10102"", ""material_description"": ""Centrifugal Slurry Pump Impeller, Light duty, hard metal"", ""material_group"": ""Pumps"", ""plant"": ""BMM"", ""repair_pr_number"": ""RPR-2006"", ""repair_pr_id"": 6, ""repair_po_number"": null, ""repair_po_id"": null, ""supplier_id"": null, ""vendor"": null, ""quantity_under_repair"": 3.0, ""repair_value"": 68584.05, ""opened_at"": ""2026-07-31"", ""expected_return"": null, ""days_open"": 26, ""days_overdue"": 0, ""overdue"": false, ""stage"": ""AWAITING_VENDOR_DISPATCH""}]}]}",2026-08-05T22:18:35.097269+00:00
38,159,99,Gamsberg,MRP,COMPLETE,I confirm the existing item has been assessed and cannot be repaired.,5,2026-02-18T12:18:35.097269+00:00,,2026-02-17T12:18:35.097269+00:00
39,163,38,Gamsberg,MANUAL,COMPLETE,I confirm the existing item has been assessed and cannot be repaired.,12,2026-07-01T07:18:35.097269+00:00,,2026-07-01T07:18:35.097269+00:00
40,168,34,BMM,MRP,COMPLETE,I confirm the existing item has been assessed and cannot be repaired.,5,2026-05-03T04:18:35.097269+00:00,,2026-04-29T04:18:35.097269+00:00
41,169,58,BMM,MRP,COMPLETE,I confirm the existing item has been assessed and cannot be repaired.,24,2026-07-11T12:18:35.097269+00:00,,2026-07-07T12:18:35.097269+00:00
42,177,181,Gamsberg,MANUAL,COMPLETE,I confirm the existing item has been assessed and cannot be repaired.,16,2026-03-22T14:18:35.097269+00:00,,2026-03-22T14:18:35.097269+00:00
43,182,171,BMM,MANUAL,COMPLETE,I confirm the existing item has been assessed and cannot be repaired.,19,2026-08-05T23:18:35.097269+00:00,,2026-08-05T23:18:35.097269+00:00
44,188,157,Gamsberg,MANUAL,COMPLETE,I confirm the existing item has been assessed and cannot be repaired.,4,2026-07-12T12:18:35.097269+00:00,,2026-07-12T12:18:35.097269+00:00
45,190,184,BMM,MRP,COMPLETE,I confirm the existing item has been assessed and cannot be repaired.,13,2025-12-21T17:18:35.097269+00:00,,2025-12-20T17:18:35.097269+00:00
46,191,34,Gamsberg,MANUAL,COMPLETE,I confirm the existing item has been assessed and cannot be repaired.,4,2026-01-26T20:18:35.097269+00:00,,2026-01-26T20:18:35.097269+00:00
47,192,38,Gamsberg,MRP,COMPLETE,I confirm the existing item has been assessed and cannot be repaired.,12,2026-06-02T17:18:35.097269+00:00,,2026-05-29T17:18:35.097269+00:00
48,193,132,BMM,MANUAL,COMPLETE,I confirm the existing item has been assessed and cannot be repaired.,3,2026-04-13T10:18:35.097269+00:00,,2026-04-13T10:18:35.097269+00:00
49,195,131,Gamsberg,MRP,COMPLETE,I confirm the existing item has been assessed and cannot be repaired.,13,2026-04-02T17:18:35.097269+00:00,,2026-03-31T17:18:35.097269+00:00
50,198,176,BMM,MRP,COMPLETE,I confirm the existing item has been assessed and cannot be repaired.,5,2026-04-19T21:18:35.097269+00:00,,2026-04-16T21:18:35.097269+00:00
51,206,58,Gamsberg,MANUAL,COMPLETE,I confirm the existing item has been assessed and cannot be repaired.,11,2026-06-18T02:18:35.097269+00:00,,2026-06-18T02:18:35.097269+00:00
52,207,51,Gamsberg,MANUAL,COMPLETE,I confirm the existing item has been assessed and cannot be repaired.,11,2026-08-12T08:18:35.097269+00:00,"{""detected_at"": ""2026-08-12T08:18:35.097269+00:00"", ""plant"": ""Gamsberg"", ""chain_count"": 1, ""materials"": [{""material_id"": 51, ""material_code"": ""80-10051"", ""material_description"": ""Mill Trunnion Bearing Liner, discharge end"", ""plant"": ""Gamsberg"", ""is_repairable"": true, ""has_active_chain"": true, ""total_quantity_under_repair"": 3.0, ""earliest_expected_return"": ""2026-09-04"", ""chains"": [{""material_id"": 51, ""material_code"": ""80-10051"", ""material_description"": ""Mill Trunnion Bearing Liner, discharge end"", ""material_group"": ""Milling Components"", ""plant"": ""Gamsberg"", ""repair_pr_number"": ""RPR-2034"", ""repair_pr_id"": 34, ""repair_po_number"": ""RPO-3030"", ""repair_po_id"": 30, ""supplier_id"": 10, ""vendor"": ""Upington Industrial Supplies (Pty) Ltd"", ""quantity_under_repair"": 3.0, ""repair_value"": 190413.9, ""opened_at"": ""2026-08-02"", ""expected_return"": ""2026-09-04"", ""days_open"": 24, ""days_overdue"": 0, ""overdue"": false, ""stage"": ""AT_VENDOR""}]}]}",2026-08-12T08:18:35.097269+00:00
53,211,171,Gamsberg,MANUAL,COMPLETE,I confirm the existing item has been assessed and cannot be repaired.,4,2026-08-10T03:18:35.097269+00:00,"{""detected_at"": ""2026-08-10T03:18:35.097269+00:00"", ""plant"": ""Gamsberg"", ""chain_count"": 1, ""materials"": [{""material_id"": 171, ""material_code"": ""80-10171"", ""material_description"": ""Motor Drive Coupling, elastomeric, rated for 11kW"", ""plant"": ""Gamsberg"", ""is_repairable"": true, ""has_active_chain"": true, ""total_quantity_under_repair"": 1.0, ""earliest_expected_return"": ""2026-09-13"", ""chains"": [{""material_id"": 171, ""material_code"": ""80-10171"", ""material_description"": ""Motor Drive Coupling, elastomeric, rated for 11kW"", ""material_group"": ""Motors"", ""plant"": ""Gamsberg"", ""repair_pr_number"": ""RPR-2043"", ""repair_pr_id"": 43, ""repair_po_number"": ""RPO-3038"", ""repair_po_id"": 38, ""supplier_id"": 7, ""vendor"": ""Vaal Mining Equipment Traders (Pty) Ltd"", ""quantity_under_repair"": 1.0, ""repair_value"": 5077.14, ""opened_at"": ""2026-08-12"", ""expected_return"": ""2026-09-13"", ""days_open"": 14, ""days_overdue"": 0, ""overdue"": false, ""stage"": ""AT_VENDOR""}]}]}",2026-08-10T03:18:35.097269+00:00
54,213,188,BMM,MANUAL,COMPLETE,I confirm the existing item has been assessed and cannot be repaired.,10,2026-03-05T13:18:35.097269+00:00,,2026-03-05T13:18:35.097269+00:00
55,214,37,Gamsberg,MANUAL,COMPLETE,I confirm the existing item has been assessed and cannot be repaired.,13,2026-01-17T13:18:35.097269+00:00,,2026-01-17T13:18:35.097269+00:00
56,216,83,BMM,MRP,COMPLETE,I confirm the existing item has been assessed and cannot be repaired.,13,2026-08-17T16:18:35.097269+00:00,,2026-08-13T16:18:35.097269+00:00
57,217,51,BMM,MRP,COMPLETE,I confirm the existing item has been assessed and cannot be repaired.,24,2026-05-23T13:18:35.097269+00:00,,2026-05-22T13:18:35.097269+00:00
58,219,50,BMM,MANUAL,COMPLETE,I confirm the existing item has been assessed and cannot be repaired.,3,2026-03-20T20:18:35.097269+00:00,,2026-03-20T20:18:35.097269+00:00
59,220,38,BMM,MANUAL,COMPLETE,I confirm the existing item has been assessed and cannot be repaired.,19,2026-08-05T19:18:35.097269+00:00,"{""detected_at"": ""2026-08-05T19:18:35.097269+00:00"", ""plant"": ""BMM"", ""chain_count"": 1, ""materials"": [{""material_id"": 38, ""material_code"": ""80-10038"", ""material_description"": ""Mechanical Seal, shaft 50mm, tungsten carbide faces"", ""plant"": ""BMM"", ""is_repairable"": true, ""has_active_chain"": true, ""total_quantity_under_repair"": 2.0, ""earliest_expected_return"": null, ""chains"": [{""material_id"": 38, ""material_code"": ""80-10038"", ""material_description"": ""Mechanical Seal, shaft 50mm, tungsten carbide faces"", ""material_group"": ""Mechanical Seals"", ""plant"": ""BMM"", ""repair_pr_number"": ""RPR-2020"", ""repair_pr_id"": 20, ""repair_po_number"": null, ""repair_po_id"": null, ""supplier_id"": null, ""vendor"": null, ""quantity_under_repair"": 2.0, ""repair_value"": 43585.68, ""opened_at"": ""2026-08-05"", ""expected_return"": null, ""days_open"": 21, ""days_overdue"": 0, ""overdue"": false, ""stage"": ""AWAITING_VENDOR_DISPATCH""}]}]}",2026-08-05T19:18:35.097269+00:00
60,225,58,BMM,MANUAL,COMPLETE,I confirm the existing item has been assessed and cannot be repaired.,2,2026-08-21T04:18:35.097269+00:00,"{""detected_at"": ""2026-08-21T04:18:35.097269+00:00"", ""plant"": ""BMM"", ""chain_count"": 1, ""materials"": [{""material_id"": 58, ""material_code"": ""80-10058"", ""material_description"": ""Pinch Valve, 100mm (4\""), slurry service"", ""plant"": ""BMM"", ""is_repairable"": true, ""has_active_chain"": true, ""total_quantity_under_repair"": 1.0, ""earliest_expected_return"": ""2026-07-30"", ""chains"": [{""material_id"": 58, ""material_code"": ""80-10058"", ""material_description"": ""Pinch Valve, 100mm (4\""), slurry service"", ""material_group"": ""Valves"", ""plant"": ""BMM"", ""repair_pr_number"": ""RPR-2044"", ""repair_pr_id"": 44, ""repair_po_number"": ""RPO-3039"", ""repair_po_id"": 39, ""supplier_id"": 20, ""vendor"": ""Aggeneys Bearing & Drive Co (Pty) Ltd"", ""quantity_under_repair"": 1.0, ""repair_value"": 26217.84, ""opened_at"": ""2026-06-08"", ""expected_return"": ""2026-07-30"", ""days_open"": 79, ""days_overdue"": 27, ""overdue"": true, ""stage"": ""AT_VENDOR""}]}]}",2026-08-21T04:18:35.097269+00:00
61,226,187,Gamsberg,MANUAL,COMPLETE,I confirm the existing item has been assessed and cannot be repaired.,7,2026-08-11T09:18:35.097269+00:00,"{""detected_at"": ""2026-08-11T09:18:35.097269+00:00"", ""plant"": ""Gamsberg"", ""chain_count"": 1, ""materials"": [{""material_id"": 187, ""material_code"": ""80-10187"", ""material_description"": ""Ball Mill Grinding Media, 40mm, forged steel balls"", ""plant"": ""Gamsberg"", ""is_repairable"": true, ""has_active_chain"": true, ""total_quantity_under_repair"": 2.0, ""earliest_expected_return"": ""2026-07-22"", ""chains"": [{""material_id"": 187, ""material_code"": ""80-10187"", ""material_description"": ""Ball Mill Grinding Media, 40mm, forged steel balls"", ""material_group"": ""Milling Components"", ""plant"": ""Gamsberg"", ""repair_pr_number"": ""RPR-2017"", ""repair_pr_id"": 17, ""repair_po_number"": ""RPO-3015"", ""repair_po_id"": 15, ""supplier_id"": 13, ""vendor"": ""Namaqua Seals & Sealing Systems (Pty) Ltd"", ""quantity_under_repair"": 2.0, ""repair_value"": 18282.74, ""opened_at"": ""2026-06-03"", ""expected_return"": ""2026-07-22"", ""days_open"": 84, ""days_overdue"": 35, ""overdue"": true, ""stage"": ""AT_VENDOR""}]}]}",2026-08-11T09:18:35.097269+00:00
62,229,187,BMM,MRP,COMPLETE,I confirm the existing item has been assessed and cannot be repaired.,13,2026-06-11T00:18:35.097269+00:00,,2026-06-10T00:18:35.097269+00:00
63,231,43,Gamsberg,MANUAL,COMPLETE,I confirm the existing item has been assessed and cannot be repaired.,1,2026-08-05T17:18:35.097269+00:00,"{""detected_at"": ""2026-08-05T17:18:35.097269+00:00"", ""plant"": ""Gamsberg"", ""chain_count"": 1, ""materials"": [{""material_id"": 43, ""material_code"": ""80-10043"", ""material_description"": ""Ball Valve, 150mm (6\""), full bore, stainless trim"", ""plant"": ""Gamsberg"", ""is_repairable"": true, ""has_active_chain"": true, ""total_quantity_under_repair"": 3.0, ""earliest_expected_return"": ""2026-09-05"", ""chains"": [{""material_id"": 43, ""material_code"": ""80-10043"", ""material_description"": ""Ball Valve, 150mm (6\""), full bore, stainless trim"", ""material_group"": ""Valves"", ""plant"": ""Gamsberg"", ""repair_pr_number"": ""RPR-2041"", ""repair_pr_id"": 41, ""repair_po_number"": ""RPO-3036"", ""repair_po_id"": 36, ""supplier_id"": 18, ""vendor"": ""Karoo Electromechanical Ltd (Pty) Ltd"", ""quantity_under_repair"": 3.0, ""repair_value"": 18312.9, ""opened_at"": ""2026-08-10"", ""expected_return"": ""2026-09-05"", ""days_open"": 16, ""days_overdue"": 0, ""overdue"": false, ""stage"": ""AT_VENDOR""}]}]}",2026-08-05T17:18:35.097269+00:00
64,233,58,BMM,MRP,COMPLETE,I confirm the existing item has been assessed and cannot be repaired.,13,2026-04-13T13:18:35.097269+00:00,,2026-04-11T13:18:35.097269+00:00
65,236,30,BMM,MRP,COMPLETE,I confirm the existing item has been assessed and cannot be repaired.,13,2026-07-09T04:18:35.097269+00:00,,2026-07-08T04:18:35.097269+00:00
66,237,58,BMM,MRP,PENDING,,,,"{""detected_at"": ""2026-08-11T19:18:35.097269+00:00"", ""plant"": ""BMM"", ""chain_count"": 1, ""materials"": [{""material_id"": 58, ""material_code"": ""80-10058"", ""material_description"": ""Pinch Valve, 100mm (4\""), slurry service"", ""plant"": ""BMM"", ""is_repairable"": true, ""has_active_chain"": true, ""total_quantity_under_repair"": 3.0, ""earliest_expected_return"": ""2026-09-11"", ""chains"": [{""material_id"": 58, ""material_code"": ""80-10058"", ""material_description"": ""Pinch Valve, 100mm (4\""), slurry service"", ""material_group"": ""Valves"", ""plant"": ""BMM"", ""repair_pr_number"": ""RPR-2045"", ""repair_pr_id"": 45, ""repair_po_number"": ""RPO-3040"", ""repair_po_id"": 40, ""supplier_id"": 35, ""vendor"": ""Lowveld Engineering Supplies (Pty) Ltd"", ""quantity_under_repair"": 3.0, ""repair_value"": 78653.52, ""opened_at"": ""2026-08-13"", ""expected_return"": ""2026-09-11"", ""days_open"": 13, ""days_overdue"": 0, ""overdue"": false, ""stage"": ""AT_VENDOR""}]}]}",2026-08-11T19:18:35.097269+00:00
67,239,51,Gamsberg,MRP,PENDING,,,,"{""detected_at"": ""2026-08-21T02:18:35.097269+00:00"", ""plant"": ""Gamsberg"", ""chain_count"": 1, ""materials"": [{""material_id"": 51, ""material_code"": ""80-10051"", ""material_description"": ""Mill Trunnion Bearing Liner, discharge end"", ""plant"": ""Gamsberg"", ""is_repairable"": true, ""has_active_chain"": true, ""total_quantity_under_repair"": 3.0, ""earliest_expected_return"": ""2026-09-04"", ""chains"": [{""material_id"": 51, ""material_code"": ""80-10051"", ""material_description"": ""Mill Trunnion Bearing Liner, discharge end"", ""material_group"": ""Milling Components"", ""plant"": ""Gamsberg"", ""repair_pr_number"": ""RPR-2034"", ""repair_pr_id"": 34, ""repair_po_number"": ""RPO-3030"", ""repair_po_id"": 30, ""supplier_id"": 10, ""vendor"": ""Upington Industrial Supplies (Pty) Ltd"", ""quantity_under_repair"": 3.0, ""repair_value"": 190413.9, ""opened_at"": ""2026-08-02"", ""expected_return"": ""2026-09-04"", ""days_open"": 24, ""days_overdue"": 0, ""overdue"": false, ""stage"": ""AT_VENDOR""}]}]}",2026-08-21T02:18:35.097269+00:00
68,240,82,BMM,MANUAL,COMPLETE,I confirm the existing item has been assessed and cannot be repaired.,3,2026-08-09T09:18:35.097269+00:00,"{""detected_at"": ""2026-08-09T09:18:35.097269+00:00"", ""plant"": ""BMM"", ""chain_count"": 1, ""materials"": [{""material_id"": 82, ""material_code"": ""80-10082"", ""material_description"": ""Knife Gate Valve, 100mm (4\""), rubber lined"", ""plant"": ""BMM"", ""is_repairable"": true, ""has_active_chain"": true, ""total_quantity_under_repair"": 2.0, ""earliest_expected_return"": ""2026-08-03"", ""chains"": [{""material_id"": 82, ""material_code"": ""80-10082"", ""material_description"": ""Knife Gate Valve, 100mm (4\""), rubber lined"", ""material_group"": ""Valves"", ""plant"": ""BMM"", ""repair_pr_number"": ""RPR-2011"", ""repair_pr_id"": 11, ""repair_po_number"": ""RPO-3010"", ""repair_po_id"": 10, ""supplier_id"": 31, ""vendor"": ""Northern Cape Mining Equipment Traders (Pty) Ltd"", ""quantity_under_repair"": 2.0, ""repair_value"": 6972.8, ""opened_at"": ""2026-06-19"", ""expected_return"": ""2026-08-03"", ""days_open"": 68, ""days_overdue"": 23, ""overdue"": true, ""stage"": ""AT_VENDOR""}]}]}",2026-08-09T09:18:35.097269+00:00
69,248,38,BMM,MRP,PENDING,,,,,2026-07-03T15:18:35.097269+00:00
70,250,181,Gamsberg,MRP,COMPLETE,I confirm the existing item has been assessed and cannot be repaired.,24,2026-07-24T09:18:35.097269+00:00,,2026-07-21T09:18:35.097269+00:00
71,266,132,Gamsberg,MANUAL,COMPLETE,I confirm the existing item has been assessed and cannot be repaired.,1,2026-05-19T23:18:35.097269+00:00,,2026-05-19T23:18:35.097269+00:00
72,267,99,Gamsberg,MRP,COMPLETE,I confirm the existing item has been assessed and cannot be repaired.,12,2026-05-10T04:18:35.097269+00:00,,2026-05-08T04:18:35.097269+00:00
73,272,70,Gamsberg,MANUAL,COMPLETE,I confirm the existing item has been assessed and cannot be repaired.,16,2026-08-22T07:18:35.097269+00:00,,2026-08-22T07:18:35.097269+00:00
74,274,43,Gamsberg,MRP,COMPLETE,I confirm the existing item has been assessed and cannot be repaired.,13,2026-01-04T05:18:35.097269+00:00,,2026-01-02T05:18:35.097269+00:00
75,275,97,Gamsberg,MRP,COMPLETE,I confirm the existing item has been assessed and cannot be repaired.,12,2025-12-23T02:18:35.097269+00:00,,2025-12-19T02:18:35.097269+00:00
76,278,70,BMM,MANUAL,COMPLETE,I confirm the existing item has been assessed and cannot be repaired.,2,2026-08-24T18:18:35.097269+00:00,"{""detected_at"": ""2026-08-24T18:18:35.097269+00:00"", ""plant"": ""BMM"", ""chain_count"": 1, ""materials"": [{""material_id"": 70, ""material_code"": ""80-10070"", ""material_description"": ""Jaw Crusher Fixed Jaw Plate, wave-profile, manganese steel"", ""plant"": ""BMM"", ""is_repairable"": true, ""has_active_chain"": true, ""total_quantity_under_repair"": 1.0, ""earliest_expected_return"": ""2026-08-03"", ""chains"": [{""material_id"": 70, ""material_code"": ""80-10070"", ""material_description"": ""Jaw Crusher Fixed Jaw Plate, wave-profile, manganese steel"", ""material_group"": ""Crusher Components"", ""plant"": ""BMM"", ""repair_pr_number"": ""RPR-2031"", ""repair_pr_id"": 31, ""repair_po_number"": ""RPO-3027"", ""repair_po_id"": 27, ""supplier_id"": 31, ""vendor"": ""Northern Cape Mining Equipment Traders (Pty) Ltd"", ""quantity_under_repair"": 1.0, ""repair_value"": 11471.22, ""opened_at"": ""2026-06-03"", ""expected_return"": ""2026-08-03"", ""days_open"": 84, ""days_overdue"": 23, ""overdue"": true, ""stage"": ""AT_VENDOR""}]}]}",2026-08-24T18:18:35.097269+00:00
77,279,82,Gamsberg,MANUAL,COMPLETE,I confirm the existing item has been assessed and cannot be repaired.,14,2026-07-05T12:18:35.097269+00:00,,2026-07-05T12:18:35.097269+00:00
78,280,82,Gamsberg,MRP,COMPLETE,I confirm the existing item has been assessed and cannot be repaired.,5,2026-07-31T18:18:35.097269+00:00,,2026-07-27T18:18:35.097269+00:00
79,281,51,Gamsberg,MANUAL,COMPLETE,I confirm the existing item has been assessed and cannot be repaired.,11,2026-08-17T17:18:35.097269+00:00,"{""detected_at"": ""2026-08-17T17:18:35.097269+00:00"", ""plant"": ""Gamsberg"", ""chain_count"": 1, ""materials"": [{""material_id"": 51, ""material_code"": ""80-10051"", ""material_description"": ""Mill Trunnion Bearing Liner, discharge end"", ""plant"": ""Gamsberg"", ""is_repairable"": true, ""has_active_chain"": true, ""total_quantity_under_repair"": 2.0, ""earliest_expected_return"": ""2026-07-29"", ""chains"": [{""material_id"": 51, ""material_code"": ""80-10051"", ""material_description"": ""Mill Trunnion Bearing Liner, discharge end"", ""material_group"": ""Milling Components"", ""plant"": ""Gamsberg"", ""repair_pr_number"": ""RPR-2046"", ""repair_pr_id"": 46, ""repair_po_number"": ""RPO-3041"", ""repair_po_id"": 41, ""supplier_id"": 23, ""vendor"": ""Karoo Pump Solutions (Pty) Ltd"", ""quantity_under_repair"": 2.0, ""repair_value"": 126942.6, ""opened_at"": ""2026-05-29"", ""expected_return"": ""2026-07-29"", ""days_open"": 89, ""days_overdue"": 28, ""overdue"": true, ""stage"": ""AT_VENDOR""}]}]}",2026-08-17T17:18:35.097269+00:00
80,284,58,Gamsberg,MRP,COMPLETE,I confirm the existing item has been assessed and cannot be repaired.,12,2026-02-08T03:18:35.097269+00:00,,2026-02-07T03:18:35.097269+00:00
81,285,83,Gamsberg,MANUAL,COMPLETE,I confirm the existing item has been assessed and cannot be repaired.,5,2026-03-01T20:18:35.097269+00:00,,2026-03-01T20:18:35.097269+00:00
82,290,132,BMM,MRP,COMPLETE,I confirm the existing item has been assessed and cannot be repaired.,24,2026-01-07T18:18:35.097269+00:00,,2026-01-06T18:18:35.097269+00:00
83,293,186,Gamsberg,MRP,COMPLETE,I confirm the existing item has been assessed and cannot be repaired.,5,2026-01-18T03:18:35.097269+00:00,,2026-01-16T03:18:35.097269+00:00
84,294,132,Gamsberg,MANUAL,COMPLETE,I confirm the existing item has been assessed and cannot be repaired.,11,2026-04-11T22:18:35.097269+00:00,,2026-04-11T22:18:35.097269+00:00
85,295,99,Gamsberg,MRP,COMPLETE,I confirm the existing item has been assessed and cannot be repaired.,12,2026-07-17T12:18:35.097269+00:00,,2026-07-14T12:18:35.097269+00:00
86,297,37,Gamsberg,MANUAL,COMPLETE,I confirm the existing item has been assessed and cannot be repaired.,18,2026-08-08T14:18:35.097269+00:00,"{""detected_at"": ""2026-08-08T14:18:35.097269+00:00"", ""plant"": ""Gamsberg"", ""chain_count"": 1, ""materials"": [{""material_id"": 37, ""material_code"": ""80-10037"", ""material_description"": ""Centrifugal Slurry Pump Impeller, Low-flow metering, hard metal"", ""plant"": ""Gamsberg"", ""is_repairable"": true, ""has_active_chain"": true, ""total_quantity_under_repair"": 2.0, ""earliest_expected_return"": ""2026-08-14"", ""chains"": [{""material_id"": 37, ""material_code"": ""80-10037"", ""material_description"": ""Centrifugal Slurry Pump Impeller, Low-flow metering, hard metal"", ""material_group"": ""Pumps"", ""plant"": ""Gamsberg"", ""repair_pr_number"": ""RPR-2007"", ""repair_pr_id"": 7, ""repair_po_number"": ""RPO-3006"", ""repair_po_id"": 6, ""supplier_id"": 39, ""vendor"": ""Highveld Electromechanical Ltd (Pty) Ltd"", ""quantity_under_repair"": 2.0, ""repair_value"": 47692.88, ""opened_at"": ""2026-06-26"", ""expected_return"": ""2026-08-14"", ""days_open"": 61, ""days_overdue"": 12, ""overdue"": true, ""stage"": ""AT_VENDOR""}]}]}",2026-08-08T14:18:35.097269+00:00
87,301,171,Gamsberg,MRP,PENDING,,,,"{""detected_at"": ""2026-08-09T05:18:35.097269+00:00"", ""plant"": ""Gamsberg"", ""chain_count"": 1, ""materials"": [{""material_id"": 171, ""material_code"": ""80-10171"", ""material_description"": ""Motor Drive Coupling, elastomeric, rated for 11kW"", ""plant"": ""Gamsberg"", ""is_repairable"": true, ""has_active_chain"": true, ""total_quantity_under_repair"": 1.0, ""earliest_expected_return"": ""2026-09-13"", ""chains"": [{""material_id"": 171, ""material_code"": ""80-10171"", ""material_description"": ""Motor Drive Coupling, elastomeric, rated for 11kW"", ""material_group"": ""Motors"", ""plant"": ""Gamsberg"", ""repair_pr_number"": ""RPR-2043"", ""repair_pr_id"": 43, ""repair_po_number"": ""RPO-3038"", ""repair_po_id"": 38, ""supplier_id"": 7, ""vendor"": ""Vaal Mining Equipment Traders (Pty) Ltd"", ""quantity_under_repair"": 1.0, ""repair_value"": 5077.14, ""opened_at"": ""2026-08-12"", ""expected_return"": ""2026-09-13"", ""days_open"": 14, ""days_overdue"": 0, ""overdue"": false, ""stage"": ""AT_VENDOR""}]}]}",2026-08-09T05:18:35.097269+00:00
88,302,176,Gamsberg,MANUAL,COMPLETE,I confirm the existing item has been assessed and cannot be repaired.,9,2026-01-23T01:18:35.097269+00:00,,2026-01-23T01:18:35.097269+00:00
89,313,184,BMM,MRP,COMPLETE,I confirm the existing item has been assessed and cannot be repaired.,1,2026-08-27T09:58:23.365373+00:00,"{""detected_at"": ""2026-08-24T13:18:35.097269+00:00"", ""plant"": ""BMM"", ""chain_count"": 1, ""materials"": [{""material_id"": 184, ""material_code"": ""80-10184"", ""material_description"": ""Diaphragm Dosing Pump Head Assembly, Medium duty"", ""plant"": ""BMM"", ""is_repairable"": true, ""has_active_chain"": true, ""total_quantity_under_repair"": 3.0, ""earliest_expected_return"": ""2026-07-22"", ""chains"": [{""material_id"": 184, ""material_code"": ""80-10184"", ""material_description"": ""Diaphragm Dosing Pump Head Assembly, Medium duty"", ""material_group"": ""Pumps"", ""plant"": ""BMM"", ""repair_pr_number"": ""RPR-2023"", ""repair_pr_id"": 23, ""repair_po_number"": ""RPO-3019"", ""repair_po_id"": 19, ""supplier_id"": 20, ""vendor"": ""Aggeneys Bearing & Drive Co (Pty) Ltd"", ""quantity_under_repair"": 3.0, ""repair_value"": 36307.74, ""opened_at"": ""2026-06-11"", ""expected_return"": ""2026-07-22"", ""days_open"": 76, ""days_overdue"": 35, ""overdue"": true, ""stage"": ""AT_VENDOR""}]}]}",2026-08-24T13:18:35.097269+00:00
90,318,126,BMM,MANUAL,COMPLETE,I confirm the existing item has been assessed and cannot be repaired.,10,2026-02-08T09:18:35.097269+00:00,,2026-02-08T09:18:35.097269+00:00
91,321,142,BMM,MRP,PENDING,,,,"{""detected_at"": ""2026-08-10T22:18:35.097269+00:00"", ""plant"": ""BMM"", ""chain_count"": 1, ""materials"": [{""material_id"": 142, ""material_code"": ""80-10142"", ""material_description"": ""Seal Support System, API Plan 32, shaft 100mm"", ""plant"": ""BMM"", ""is_repairable"": true, ""has_active_chain"": true, ""total_quantity_under_repair"": 1.0, ""earliest_expected_return"": ""2026-07-23"", ""chains"": [{""material_id"": 142, ""material_code"": ""80-10142"", ""material_description"": ""Seal Support System, API Plan 32, shaft 100mm"", ""material_group"": ""Mechanical Seals"", ""plant"": ""BMM"", ""repair_pr_number"": ""RPR-2037"", ""repair_pr_id"": 37, ""repair_po_number"": ""RPO-3033"", ""repair_po_id"": 33, ""supplier_id"": 27, ""vendor"": ""Lowveld Electromechanical Ltd (Pty) Ltd"", ""quantity_under_repair"": 1.0, ""repair_value"": 19745.97, ""opened_at"": ""2026-06-06"", ""expected_return"": ""2026-07-23"", ""days_open"": 81, ""days_overdue"": 34, ""overdue"": true, ""stage"": ""AT_VENDOR""}]}]}",2026-08-10T22:18:35.097269+00:00
92,325,188,Gamsberg,MANUAL,COMPLETE,I confirm the existing item has been assessed and cannot be repaired.,9,2026-04-09T10:18:35.097269+00:00,,2026-04-09T10:18:35.097269+00:00
93,326,179,BMM,MANUAL,COMPLETE,I confirm the existing item has been assessed and cannot be repaired.,21,2026-08-08T23:18:35.097269+00:00,,2026-08-08T23:18:35.097269+00:00
94,329,43,Gamsberg,MANUAL,COMPLETE,I confirm the existing item has been assessed and cannot be repaired.,11,2026-04-27T04:18:35.097269+00:00,,2026-04-27T04:18:35.097269+00:00
95,340,37,Gamsberg,MANUAL,COMPLETE,I confirm the existing item has been assessed and cannot be repaired.,17,2026-07-31T20:18:35.097269+00:00,"{""detected_at"": ""2026-07-31T20:18:35.097269+00:00"", ""plant"": ""Gamsberg"", ""chain_count"": 1, ""materials"": [{""material_id"": 37, ""material_code"": ""80-10037"", ""material_description"": ""Centrifugal Slurry Pump Impeller, Low-flow metering, hard metal"", ""plant"": ""Gamsberg"", ""is_repairable"": true, ""has_active_chain"": true, ""total_quantity_under_repair"": 2.0, ""earliest_expected_return"": ""2026-08-14"", ""chains"": [{""material_id"": 37, ""material_code"": ""80-10037"", ""material_description"": ""Centrifugal Slurry Pump Impeller, Low-flow metering, hard metal"", ""material_group"": ""Pumps"", ""plant"": ""Gamsberg"", ""repair_pr_number"": ""RPR-2007"", ""repair_pr_id"": 7, ""repair_po_number"": ""RPO-3006"", ""repair_po_id"": 6, ""supplier_id"": 39, ""vendor"": ""Highveld Electromechanical Ltd (Pty) Ltd"", ""quantity_under_repair"": 2.0, ""repair_value"": 47692.88, ""opened_at"": ""2026-06-26"", ""expected_return"": ""2026-08-14"", ""days_open"": 61, ""days_overdue"": 12, ""overdue"": true, ""stage"": ""AT_VENDOR""}]}]}",2026-07-31T20:18:35.097269+00:00
96,342,171,Gamsberg,MRP,PENDING,,,,"{""detected_at"": ""2026-08-15T09:18:35.097269+00:00"", ""plant"": ""Gamsberg"", ""chain_count"": 1, ""materials"": [{""material_id"": 171, ""material_code"": ""80-10171"", ""material_description"": ""Motor Drive Coupling, elastomeric, rated for 11kW"", ""plant"": ""Gamsberg"", ""is_repairable"": true, ""has_active_chain"": true, ""total_quantity_under_repair"": 1.0, ""earliest_expected_return"": ""2026-09-13"", ""chains"": [{""material_id"": 171, ""material_code"": ""80-10171"", ""material_description"": ""Motor Drive Coupling, elastomeric, rated for 11kW"", ""material_group"": ""Motors"", ""plant"": ""Gamsberg"", ""repair_pr_number"": ""RPR-2043"", ""repair_pr_id"": 43, ""repair_po_number"": ""RPO-3038"", ""repair_po_id"": 38, ""supplier_id"": 7, ""vendor"": ""Vaal Mining Equipment Traders (Pty) Ltd"", ""quantity_under_repair"": 1.0, ""repair_value"": 5077.14, ""opened_at"": ""2026-08-12"", ""expected_return"": ""2026-09-13"", ""days_open"": 14, ""days_overdue"": 0, ""overdue"": false, ""stage"": ""AT_VENDOR""}]}]}",2026-08-15T09:18:35.097269+00:00
97,344,99,Gamsberg,MRP,COMPLETE,I confirm the existing item has been assessed and cannot be repaired.,12,2026-03-10T20:18:35.097269+00:00,,2026-03-06T20:18:35.097269+00:00
98,345,130,Gamsberg,MANUAL,COMPLETE,I confirm the existing item has been assessed and cannot be repaired.,17,2025-12-01T09:18:35.097269+00:00,,2025-12-01T09:18:35.097269+00:00
99,356,176,BMM,MANUAL,COMPLETE,I confirm the existing item has been assessed and cannot be repaired.,22,2026-08-14T23:18:35.097269+00:00,,2026-08-14T23:18:35.097269+00:00
100,359,184,Gamsberg,MRP,COMPLETE,I confirm the existing item has been assessed and cannot be repaired.,12,2026-04-24T08:18:35.097269+00:00,,2026-04-21T08:18:35.097269+00:00
101,361,34,BMM,MANUAL,COMPLETE,I confirm the existing item has been assessed and cannot be repaired.,21,2026-08-16T12:18:35.097269+00:00,"{""detected_at"": ""2026-08-16T12:18:35.097269+00:00"", ""plant"": ""BMM"", ""chain_count"": 1, ""materials"": [{""material_id"": 34, ""material_code"": ""80-10034"", ""material_description"": ""Knife Gate Valve, 40mm (1.5\""), rubber lined"", ""plant"": ""BMM"", ""is_repairable"": true, ""has_active_chain"": true, ""total_quantity_under_repair"": 1.0, ""earliest_expected_return"": ""2026-08-07"", ""chains"": [{""material_id"": 34, ""material_code"": ""80-10034"", ""material_description"": ""Knife Gate Valve, 40mm (1.5\""), rubber lined"", ""material_group"": ""Valves"", ""plant"": ""BMM"", ""repair_pr_number"": ""RPR-2036"", ""repair_pr_id"": 36, ""repair_po_number"": ""RPO-3032"", ""repair_po_id"": 32, ""supplier_id"": 23, ""vendor"": ""Karoo Pump Solutions (Pty) Ltd"", ""quantity_under_repair"": 1.0, ""repair_value"": 14358.4, ""opened_at"": ""2026-06-24"", ""expected_return"": ""2026-08-07"", ""days_open"": 63, ""days_overdue"": 19, ""overdue"": true, ""stage"": ""AT_VENDOR""}]}]}",2026-08-16T12:18:35.097269+00:00
102,363,83,BMM,MRP,COMPLETE,I confirm the existing item has been assessed and cannot be repaired.,5,2026-04-14T02:18:35.097269+00:00,,2026-04-10T02:18:35.097269+00:00
103,368,99,BMM,MANUAL,COMPLETE,I confirm the existing item has been assessed and cannot be repaired.,3,2026-04-22T19:18:35.097269+00:00,,2026-04-22T19:18:35.097269+00:00
104,377,82,Gamsberg,MANUAL,COMPLETE,I confirm the existing item has been assessed and cannot be repaired.,11,2025-11-29T08:18:35.097269+00:00,,2025-11-29T08:18:35.097269+00:00
105,382,59,Gamsberg,MANUAL,COMPLETE,I confirm the existing item has been assessed and cannot be repaired.,18,2026-08-09T23:18:35.097269+00:00,"{""detected_at"": ""2026-08-09T23:18:35.097269+00:00"", ""plant"": ""Gamsberg"", ""chain_count"": 1, ""materials"": [{""material_id"": 59, ""material_code"": ""80-10059"", ""material_description"": ""TEFC Induction Motor, 110kW, 4-pole, IE3"", ""plant"": ""Gamsberg"", ""is_repairable"": true, ""has_active_chain"": true, ""total_quantity_under_repair"": 2.0, ""earliest_expected_return"": ""2026-10-03"", ""chains"": [{""material_id"": 59, ""material_code"": ""80-10059"", ""material_description"": ""TEFC Induction Motor, 110kW, 4-pole, IE3"", ""material_group"": ""Motors"", ""plant"": ""Gamsberg"", ""repair_pr_number"": ""RPR-2039"", ""repair_pr_id"": 39, ""repair_po_number"": ""RPO-3035"", ""repair_po_id"": 35, ""supplier_id"": 3, ""vendor"": ""Springbok Engineering Supplies (Pty) Ltd"", ""quantity_under_repair"": 2.0, ""repair_value"": 57892.0, ""opened_at"": ""2026-08-16"", ""expected_return"": ""2026-10-03"", ""days_open"": 10, ""days_overdue"": 0, ""overdue"": false, ""stage"": ""AT_VENDOR""}]}]}",2026-08-09T23:18:35.097269+00:00
106,388,186,BMM,MANUAL,COMPLETE,I confirm the existing item has been assessed and cannot be repaired.,8,2026-04-02T21:18:35.097269+00:00,,2026-04-02T21:18:35.097269+00:00
107,400,142,BMM,MRP,COMPLETE,I confirm the existing item has been assessed and cannot be repaired.,24,2026-05-13T08:18:35.097269+00:00,,2026-05-09T08:18:35.097269+00:00
108,406,58,Gamsberg,MRP,COMPLETE,I confirm the existing item has been assessed and cannot be repaired.,24,2026-05-21T20:18:35.097269+00:00,,2026-05-17T20:18:35.097269+00:00
109,418,58,Gamsberg,MRP,COMPLETE,I confirm the existing item has been assessed and cannot be repaired.,5,2026-02-07T21:18:35.097269+00:00,,2026-02-05T21:18:35.097269+00:00
110,421,186,BMM,MANUAL,COMPLETE,I confirm the existing item has been assessed and cannot be repaired.,8,2025-12-15T04:18:35.097269+00:00,,2025-12-15T04:18:35.097269+00:00
111,424,179,BMM,MRP,COMPLETE,I confirm the existing item has been assessed and cannot be repaired.,24,2026-04-06T21:18:35.097269+00:00,,2026-04-02T21:18:35.097269+00:00
112,429,83,Gamsberg,MRP,COMPLETE,I confirm the existing item has been assessed and cannot be repaired.,24,2026-03-28T09:18:35.097269+00:00,,2026-03-26T09:18:35.097269+00:00
113,430,76,Gamsberg,MANUAL,COMPLETE,I confirm the existing item has been assessed and cannot be repaired.,13,2026-05-10T22:18:35.097269+00:00,,2026-05-10T22:18:35.097269+00:00
114,431,30,Gamsberg,MRP,COMPLETE,I confirm the existing item has been assessed and cannot be repaired.,5,2026-01-29T04:18:35.097269+00:00,,2026-01-28T04:18:35.097269+00:00
115,432,181,Gamsberg,MANUAL,COMPLETE,I confirm the existing item has been assessed and cannot be repaired.,13,2026-06-23T20:18:35.097269+00:00,,2026-06-23T20:18:35.097269+00:00
116,435,59,BMM,MRP,COMPLETE,I confirm the existing item has been assessed and cannot be repaired.,24,2026-08-01T12:18:35.097269+00:00,,2026-07-28T12:18:35.097269+00:00
117,443,154,BMM,MRP,COMPLETE,I confirm the existing item has been assessed and cannot be repaired.,24,2026-03-07T17:18:35.097269+00:00,,2026-03-06T17:18:35.097269+00:00
118,446,171,Gamsberg,MRP,COMPLETE,I confirm the existing item has been assessed and cannot be repaired.,13,2026-07-18T02:18:35.097269+00:00,,2026-07-14T02:18:35.097269+00:00
119,447,112,BMM,MANUAL,COMPLETE,I confirm the existing item has been assessed and cannot be repaired.,10,2026-01-10T04:18:35.097269+00:00,,2026-01-10T04:18:35.097269+00:00
120,448,142,BMM,MRP,PENDING,,,,"{""detected_at"": ""2026-08-13T01:18:35.097269+00:00"", ""plant"": ""BMM"", ""chain_count"": 1, ""materials"": [{""material_id"": 142, ""material_code"": ""80-10142"", ""material_description"": ""Seal Support System, API Plan 32, shaft 100mm"", ""plant"": ""BMM"", ""is_repairable"": true, ""has_active_chain"": true, ""total_quantity_under_repair"": 1.0, ""earliest_expected_return"": ""2026-07-23"", ""chains"": [{""material_id"": 142, ""material_code"": ""80-10142"", ""material_description"": ""Seal Support System, API Plan 32, shaft 100mm"", ""material_group"": ""Mechanical Seals"", ""plant"": ""BMM"", ""repair_pr_number"": ""RPR-2037"", ""repair_pr_id"": 37, ""repair_po_number"": ""RPO-3033"", ""repair_po_id"": 33, ""supplier_id"": 27, ""vendor"": ""Lowveld Electromechanical Ltd (Pty) Ltd"", ""quantity_under_repair"": 1.0, ""repair_value"": 19745.97, ""opened_at"": ""2026-06-06"", ""expected_return"": ""2026-07-23"", ""days_open"": 81, ""days_overdue"": 34, ""overdue"": true, ""stage"": ""AT_VENDOR""}]}]}",2026-08-13T01:18:35.097269+00:00
121,449,76,Gamsberg,MANUAL,COMPLETE,I confirm the existing item has been assessed and cannot be repaired.,24,2026-06-24T09:18:35.097269+00:00,,2026-06-24T09:18:35.097269+00:00
122,452,34,BMM,MRP,PENDING,,,,"{""detected_at"": ""2026-08-14T04:18:35.097269+00:00"", ""plant"": ""BMM"", ""chain_count"": 1, ""materials"": [{""material_id"": 34, ""material_code"": ""80-10034"", ""material_description"": ""Knife Gate Valve, 40mm (1.5\""), rubber lined"", ""plant"": ""BMM"", ""is_repairable"": true, ""has_active_chain"": true, ""total_quantity_under_repair"": 1.0, ""earliest_expected_return"": ""2026-08-07"", ""chains"": [{""material_id"": 34, ""material_code"": ""80-10034"", ""material_description"": ""Knife Gate Valve, 40mm (1.5\""), rubber lined"", ""material_group"": ""Valves"", ""plant"": ""BMM"", ""repair_pr_number"": ""RPR-2036"", ""repair_pr_id"": 36, ""repair_po_number"": ""RPO-3032"", ""repair_po_id"": 32, ""supplier_id"": 23, ""vendor"": ""Karoo Pump Solutions (Pty) Ltd"", ""quantity_under_repair"": 1.0, ""repair_value"": 14358.4, ""opened_at"": ""2026-06-24"", ""expected_return"": ""2026-08-07"", ""days_open"": 63, ""days_overdue"": 19, ""overdue"": true, ""stage"": ""AT_VENDOR""}]}]}",2026-08-14T04:18:35.097269+00:00
123,454,186,BMM,MANUAL,COMPLETE,I confirm the existing item has been assessed and cannot be repaired.,19,2026-05-24T16:18:35.097269+00:00,,2026-05-24T16:18:35.097269+00:00
124,456,184,BMM,MANUAL,COMPLETE,I confirm the existing item has been assessed and cannot be repaired.,8,2026-08-24T10:18:35.097269+00:00,"{""detected_at"": ""2026-08-24T10:18:35.097269+00:00"", ""plant"": ""BMM"", ""chain_count"": 1, ""materials"": [{""material_id"": 184, ""material_code"": ""80-10184"", ""material_description"": ""Diaphragm Dosing Pump Head Assembly, Medium duty"", ""plant"": ""BMM"", ""is_repairable"": true, ""has_active_chain"": true, ""total_quantity_under_repair"": 3.0, ""earliest_expected_return"": ""2026-07-22"", ""chains"": [{""material_id"": 184, ""material_code"": ""80-10184"", ""material_description"": ""Diaphragm Dosing Pump Head Assembly, Medium duty"", ""material_group"": ""Pumps"", ""plant"": ""BMM"", ""repair_pr_number"": ""RPR-2023"", ""repair_pr_id"": 23, ""repair_po_number"": ""RPO-3019"", ""repair_po_id"": 19, ""supplier_id"": 20, ""vendor"": ""Aggeneys Bearing & Drive Co (Pty) Ltd"", ""quantity_under_repair"": 3.0, ""repair_value"": 36307.74, ""opened_at"": ""2026-06-11"", ""expected_return"": ""2026-07-22"", ""days_open"": 76, ""days_overdue"": 35, ""overdue"": true, ""stage"": ""AT_VENDOR""}]}]}",2026-08-24T10:18:35.097269+00:00
125,461,186,BMM,MRP,PENDING,,,,"{""detected_at"": ""2026-08-23T20:18:35.097269+00:00"", ""plant"": ""BMM"", ""chain_count"": 1, ""materials"": [{""material_id"": 186, ""material_code"": ""80-10186"", ""material_description"": ""SAG Mill Liner Plate, lifter bar, chrome-moly steel"", ""plant"": ""BMM"", ""is_repairable"": true, ""has_active_chain"": true, ""total_quantity_under_repair"": 1.0, ""earliest_expected_return"": null, ""chains"": [{""material_id"": 186, ""material_code"": ""80-10186"", ""material_description"": ""SAG Mill Liner Plate, lifter bar, chrome-moly steel"", ""material_group"": ""Milling Components"", ""plant"": ""BMM"", ""repair_pr_number"": ""RPR-2040"", ""repair_pr_id"": 40, ""repair_po_number"": null, ""repair_po_id"": null, ""supplier_id"": null, ""vendor"": null, ""quantity_under_repair"": 1.0, ""repair_value"": 19965.1, ""opened_at"": ""2026-08-14"", ""expected_return"": null, ""days_open"": 12, ""days_overdue"": 0, ""overdue"": false, ""stage"": ""AWAITING_VENDOR_DISPATCH""}]}]}",2026-08-23T20:18:35.097269+00:00
126,462,30,BMM,MRP,PENDING,,,,,2026-04-27T09:18:35.097269+00:00
127,465,50,Gamsberg,MANUAL,COMPLETE,I confirm the existing item has been assessed and cannot be repaired.,4,2026-04-18T22:18:35.097269+00:00,,2026-04-18T22:18:35.097269+00:00
128,467,132,Gamsberg,MANUAL,COMPLETE,I confirm the existing item has been assessed and cannot be repaired.,14,2026-06-03T16:18:35.097269+00:00,,2026-06-03T16:18:35.097269+00:00
129,477,38,Gamsberg,MANUAL,COMPLETE,I confirm the existing item has been assessed and cannot be repaired.,13,2026-06-01T17:18:35.097269+00:00,,2026-06-01T17:18:35.097269+00:00
130,483,70,Gamsberg,MRP,PENDING,,,,,2026-04-30T23:18:35.097269+00:00
131,484,157,BMM,MRP,PENDING,,,,,2026-05-31T03:18:35.097269+00:00
132,485,179,Gamsberg,MRP,COMPLETE,I confirm the existing item has been assessed and cannot be repaired.,5,2026-07-09T03:18:35.097269+00:00,,2026-07-06T03:18:35.097269+00:00
133,487,58,Gamsberg,MANUAL,COMPLETE,I confirm the existing item has been assessed and cannot be repaired.,14,2026-01-26T13:18:35.097269+00:00,,2026-01-26T13:18:35.097269+00:00
134,493,37,Gamsberg,MANUAL,COMPLETE,I confirm the existing item has been assessed and cannot be repaired.,18,2026-08-22T02:18:35.097269+00:00,"{""detected_at"": ""2026-08-22T02:18:35.097269+00:00"", ""plant"": ""Gamsberg"", ""chain_count"": 1, ""materials"": [{""material_id"": 37, ""material_code"": ""80-10037"", ""material_description"": ""Centrifugal Slurry Pump Impeller, Low-flow metering, hard metal"", ""plant"": ""Gamsberg"", ""is_repairable"": true, ""has_active_chain"": true, ""total_quantity_under_repair"": 2.0, ""earliest_expected_return"": ""2026-08-14"", ""chains"": [{""material_id"": 37, ""material_code"": ""80-10037"", ""material_description"": ""Centrifugal Slurry Pump Impeller, Low-flow metering, hard metal"", ""material_group"": ""Pumps"", ""plant"": ""Gamsberg"", ""repair_pr_number"": ""RPR-2007"", ""repair_pr_id"": 7, ""repair_po_number"": ""RPO-3006"", ""repair_po_id"": 6, ""supplier_id"": 39, ""vendor"": ""Highveld Electromechanical Ltd (Pty) Ltd"", ""quantity_under_repair"": 2.0, ""repair_value"": 47692.88, ""opened_at"": ""2026-06-26"", ""expected_return"": ""2026-08-14"", ""days_open"": 61, ""days_overdue"": 12, ""overdue"": true, ""stage"": ""AT_VENDOR""}]}]}",2026-08-22T02:18:35.097269+00:00
135,494,82,Gamsberg,MANUAL,COMPLETE,I confirm the existing item has been assessed and cannot be repaired.,12,2026-03-03T21:18:35.097269+00:00,,2026-03-03T21:18:35.097269+00:00
136,495,112,Gamsberg,MRP,COMPLETE,I confirm the existing item has been assessed and cannot be repaired.,5,2026-07-24T13:18:35.097269+00:00,,2026-07-20T13:18:35.097269+00:00
137,496,132,BMM,MANUAL,COMPLETE,I confirm the existing item has been assessed and cannot be repaired.,21,2026-01-05T12:18:35.097269+00:00,,2026-01-05T12:18:35.097269+00:00
138,498,181,Gamsberg,MANUAL,COMPLETE,I confirm the existing item has been assessed and cannot be repaired.,18,2026-08-02T17:18:35.097269+00:00,"{""detected_at"": ""2026-08-02T17:18:35.097269+00:00"", ""plant"": ""Gamsberg"", ""chain_count"": 1, ""materials"": [{""material_id"": 181, ""material_code"": ""80-10181"", ""material_description"": ""Seal Support System, API Plan 32, shaft 65mm"", ""plant"": ""Gamsberg"", ""is_repairable"": true, ""has_active_chain"": true, ""total_quantity_under_repair"": 3.0, ""earliest_expected_return"": ""2026-09-06"", ""chains"": [{""material_id"": 181, ""material_code"": ""80-10181"", ""material_description"": ""Seal Support System, API Plan 32, shaft 65mm"", ""material_group"": ""Mechanical Seals"", ""plant"": ""Gamsberg"", ""repair_pr_number"": ""RPR-2015"", ""repair_pr_id"": 15, ""repair_po_number"": ""RPO-3013"", ""repair_po_id"": 13, ""supplier_id"": 1, ""vendor"": ""Vaal Industrial Supplies (Pty) Ltd"", ""quantity_under_repair"": 3.0, ""repair_value"": 44302.89, ""opened_at"": ""2026-08-05"", ""expected_return"": ""2026-09-06"", ""days_open"": 21, ""days_overdue"": 0, ""overdue"": false, ""stage"": ""AT_VENDOR""}]}]}",2026-08-02T17:18:35.097269+00:00
139,506,131,Gamsberg,MRP,COMPLETE,I confirm the existing item has been assessed and cannot be repaired.,24,2026-07-16T07:18:35.097269+00:00,,2026-07-12T07:18:35.097269+00:00
140,509,188,Gamsberg,MRP,COMPLETE,I confirm the existing item has been assessed and cannot be repaired.,12,2026-02-27T14:18:35.097269+00:00,,2026-02-26T14:18:35.097269+00:00
141,514,157,Gamsberg,MRP,COMPLETE,I confirm the existing item has been assessed and cannot be repaired.,12,2026-06-07T21:18:35.097269+00:00,,2026-06-03T21:18:35.097269+00:00
142,520,157,BMM,MRP,COMPLETE,I confirm the existing item has been assessed and cannot be repaired.,13,2026-04-02T06:18:35.097269+00:00,,2026-03-29T06:18:35.097269+00:00
143,526,184,Gamsberg,MRP,COMPLETE,I confirm the existing item has been assessed and cannot be repaired.,24,2026-03-01T13:18:35.097269+00:00,,2026-02-26T13:18:35.097269+00:00
144,528,59,Gamsberg,MRP,PENDING,,,,"{""detected_at"": ""2026-08-01T15:18:35.097269+00:00"", ""plant"": ""Gamsberg"", ""chain_count"": 1, ""materials"": [{""material_id"": 59, ""material_code"": ""80-10059"", ""material_description"": ""TEFC Induction Motor, 110kW, 4-pole, IE3"", ""plant"": ""Gamsberg"", ""is_repairable"": true, ""has_active_chain"": true, ""total_quantity_under_repair"": 2.0, ""earliest_expected_return"": ""2026-10-03"", ""chains"": [{""material_id"": 59, ""material_code"": ""80-10059"", ""material_description"": ""TEFC Induction Motor, 110kW, 4-pole, IE3"", ""material_group"": ""Motors"", ""plant"": ""Gamsberg"", ""repair_pr_number"": ""RPR-2039"", ""repair_pr_id"": 39, ""repair_po_number"": ""RPO-3035"", ""repair_po_id"": 35, ""supplier_id"": 3, ""vendor"": ""Springbok Engineering Supplies (Pty) Ltd"", ""quantity_under_repair"": 2.0, ""repair_value"": 57892.0, ""opened_at"": ""2026-08-16"", ""expected_return"": ""2026-10-03"", ""days_open"": 10, ""days_overdue"": 0, ""overdue"": false, ""stage"": ""AT_VENDOR""}]}]}",2026-08-01T15:18:35.097269+00:00
145,531,59,Gamsberg,MRP,COMPLETE,I confirm the existing item has been assessed and cannot be repaired.,5,2026-02-17T01:18:35.097269+00:00,,2026-02-13T01:18:35.097269+00:00
146,537,130,Gamsberg,MRP,COMPLETE,I confirm the existing item has been assessed and cannot be repaired.,5,2026-06-20T11:18:35.097269+00:00,,2026-06-16T11:18:35.097269+00:00
147,539,142,BMM,MANUAL,COMPLETE,I confirm the existing item has been assessed and cannot be repaired.,8,2026-08-13T21:18:35.097269+00:00,"{""detected_at"": ""2026-08-13T21:18:35.097269+00:00"", ""plant"": ""BMM"", ""chain_count"": 1, ""materials"": [{""material_id"": 142, ""material_code"": ""80-10142"", ""material_description"": ""Seal Support System, API Plan 32, shaft 100mm"", ""plant"": ""BMM"", ""is_repairable"": true, ""has_active_chain"": true, ""total_quantity_under_repair"": 1.0, ""earliest_expected_return"": ""2026-09-22"", ""chains"": [{""material_id"": 142, ""material_code"": ""80-10142"", ""material_description"": ""Seal Support System, API Plan 32, shaft 100mm"", ""material_group"": ""Mechanical Seals"", ""plant"": ""BMM"", ""repair_pr_number"": ""RPR-2035"", ""repair_pr_id"": 35, ""repair_po_number"": ""RPO-3031"", ""repair_po_id"": 31, ""supplier_id"": 8, ""vendor"": ""Waterberg Mining Equipment Traders (Pty) Ltd"", ""quantity_under_repair"": 1.0, ""repair_value"": 19745.97, ""opened_at"": ""2026-08-06"", ""expected_return"": ""2026-09-22"", ""days_open"": 20, ""days_overdue"": 0, ""overdue"": false, ""stage"": ""AT_VENDOR""}]}]}",2026-08-13T21:18:35.097269+00:00
148,543,51,Gamsberg,MANUAL,COMPLETE,I confirm the existing item has been assessed and cannot be repaired.,15,2026-02-09T18:18:35.097269+00:00,,2026-02-09T18:18:35.097269+00:00
149,545,130,Gamsberg,MRP,COMPLETE,I confirm the existing item has been assessed and cannot be repaired.,5,2026-02-01T02:18:35.097269+00:00,,2026-01-28T02:18:35.097269+00:00
150,548,126,Gamsberg,MRP,COMPLETE,I confirm the existing item has been assessed and cannot be repaired.,5,2026-08-01T00:18:35.097269+00:00,,2026-07-29T00:18:35.097269+00:00
151,551,142,Gamsberg,MRP,PENDING,,,,,2026-07-25T17:18:35.097269+00:00
152,552,102,Gamsberg,MANUAL,COMPLETE,I confirm the existing item has been assessed and cannot be repaired.,17,2026-05-03T07:18:35.097269+00:00,,2026-05-03T07:18:35.097269+00:00
153,561,38,Gamsberg,MRP,COMPLETE,I confirm the existing item has been assessed and cannot be repaired.,24,2026-01-01T11:18:35.097269+00:00,,2025-12-29T11:18:35.097269+00:00
154,569,154,Gamsberg,MRP,COMPLETE,I confirm the existing item has been assessed and cannot be repaired.,12,2026-08-20T21:18:35.097269+00:00,,2026-08-16T21:18:35.097269+00:00
155,575,50,BMM,MRP,COMPLETE,I confirm the existing item has been assessed and cannot be repaired.,12,2025-12-21T00:18:35.097269+00:00,,2025-12-19T00:18:35.097269+00:00
156,577,126,Gamsberg,MANUAL,COMPLETE,I confirm the existing item has been assessed and cannot be repaired.,24,2026-06-22T13:18:35.097269+00:00,,2026-06-22T13:18:35.097269+00:00
157,578,188,BMM,MANUAL,COMPLETE,I confirm the existing item has been assessed and cannot be repaired.,19,2026-08-19T05:18:35.097269+00:00,"{""detected_at"": ""2026-08-19T05:18:35.097269+00:00"", ""plant"": ""BMM"", ""chain_count"": 1, ""materials"": [{""material_id"": 188, ""material_code"": ""80-10188"", ""material_description"": ""Centrifugal Slurry Pump Casing Liner, Low-flow metering"", ""plant"": ""BMM"", ""is_repairable"": true, ""has_active_chain"": true, ""total_quantity_under_repair"": 3.0, ""earliest_expected_return"": null, ""chains"": [{""material_id"": 188, ""material_code"": ""80-10188"", ""material_description"": ""Centrifugal Slurry Pump Casing Liner, Low-flow metering"", ""material_group"": ""Pumps"", ""plant"": ""BMM"", ""repair_pr_number"": ""RPR-2019"", ""repair_pr_id"": 19, ""repair_po_number"": null, ""repair_po_id"": null, ""supplier_id"": null, ""vendor"": null, ""quantity_under_repair"": 3.0, ""repair_value"": 64386.87, ""opened_at"": ""2026-08-01"", ""expected_return"": null, ""days_open"": 25, ""days_overdue"": 0, ""overdue"": false, ""stage"": ""AWAITING_VENDOR_DISPATCH""}]}]}",2026-08-19T05:18:35.097269+00:00
158,590,50,Gamsberg,MRP,COMPLETE,I confirm the existing item has been assessed and cannot be repaired.,13,2026-03-08T05:18:35.097269+00:00,,2026-03-07T05:18:35.097269+00:00
159,598,186,BMM,MANUAL,COMPLETE,I confirm the existing item has been assessed and cannot be repaired.,10,2026-07-07T19:18:35.097269+00:00,,2026-07-07T19:18:35.097269+00:00
160,601,70,BMM,MANUAL,COMPLETE,I confirm the existing item has been assessed and cannot be repaired.,3,2026-01-13T05:18:35.097269+00:00,,2026-01-13T05:18:35.097269+00:00
161,603,38,BMM,MANUAL,COMPLETE,I confirm the existing item has been assessed and cannot be repaired.,23,2026-08-24T21:18:35.097269+00:00,"{""detected_at"": ""2026-08-24T21:18:35.097269+00:00"", ""plant"": ""BMM"", ""chain_count"": 1, ""materials"": [{""material_id"": 38, ""material_code"": ""80-10038"", ""material_description"": ""Mechanical Seal, shaft 50mm, tungsten carbide faces"", ""plant"": ""BMM"", ""is_repairable"": true, ""has_active_chain"": true, ""total_quantity_under_repair"": 1.0, ""earliest_expected_return"": ""2026-09-15"", ""chains"": [{""material_id"": 38, ""material_code"": ""80-10038"", ""material_description"": ""Mechanical Seal, shaft 50mm, tungsten carbide faces"", ""material_group"": ""Mechanical Seals"", ""plant"": ""BMM"", ""repair_pr_number"": ""RPR-2010"", ""repair_pr_id"": 10, ""repair_po_number"": ""RPO-3009"", ""repair_po_id"": 9, ""supplier_id"": 4, ""vendor"": ""Postmasburg Electromechanical Ltd (Pty) Ltd"", ""quantity_under_repair"": 1.0, ""repair_value"": 21792.84, ""opened_at"": ""2026-08-06"", ""expected_return"": ""2026-09-15"", ""days_open"": 20, ""days_overdue"": 0, ""overdue"": false, ""stage"": ""AT_VENDOR""}]}]}",2026-08-24T21:18:35.097269+00:00
162,605,83,Gamsberg,MRP,COMPLETE,I confirm the existing item has been assessed and cannot be repaired.,13,2026-02-02T15:18:35.097269+00:00,,2026-01-30T15:18:35.097269+00:00
163,608,112,Gamsberg,MRP,COMPLETE,I confirm the existing item has been assessed and cannot be repaired.,24,2026-01-13T17:18:35.097269+00:00,,2026-01-11T17:18:35.097269+00:00
164,609,184,Gamsberg,MANUAL,COMPLETE,I confirm the existing item has been assessed and cannot be repaired.,5,2026-01-25T19:18:35.097269+00:00,,2026-01-25T19:18:35.097269+00:00
165,610,131,BMM,MRP,COMPLETE,I confirm the existing item has been assessed and cannot be repaired. The Existing Item has a fault thus it can be repaired,1,2026-08-27T04:48:17.995114+00:00,,2026-04-17T12:18:35.097269+00:00
166,611,51,Gamsberg,MANUAL,COMPLETE,I confirm the existing item has been assessed and cannot be repaired.,11,2026-08-08T14:18:35.097269+00:00,"{""detected_at"": ""2026-08-08T14:18:35.097269+00:00"", ""plant"": ""Gamsberg"", ""chain_count"": 1, ""materials"": [{""material_id"": 51, ""material_code"": ""80-10051"", ""material_description"": ""Mill Trunnion Bearing Liner, discharge end"", ""plant"": ""Gamsberg"", ""is_repairable"": true, ""has_active_chain"": true, ""total_quantity_under_repair"": 3.0, ""earliest_expected_return"": ""2026-09-04"", ""chains"": [{""material_id"": 51, ""material_code"": ""80-10051"", ""material_description"": ""Mill Trunnion Bearing Liner, discharge end"", ""material_group"": ""Milling Components"", ""plant"": ""Gamsberg"", ""repair_pr_number"": ""RPR-2034"", ""repair_pr_id"": 34, ""repair_po_number"": ""RPO-3030"", ""repair_po_id"": 30, ""supplier_id"": 10, ""vendor"": ""Upington Industrial Supplies (Pty) Ltd"", ""quantity_under_repair"": 3.0, ""repair_value"": 190413.9, ""opened_at"": ""2026-08-02"", ""expected_return"": ""2026-09-04"", ""days_open"": 24, ""days_overdue"": 0, ""overdue"": false, ""stage"": ""AT_VENDOR""}]}]}",2026-08-08T14:18:35.097269+00:00
167,614,132,Gamsberg,MRP,COMPLETE,I confirm the existing item has been assessed and cannot be repaired.,13,2026-08-02T00:18:35.097269+00:00,,2026-08-01T00:18:35.097269+00:00
168,616,184,Gamsberg,MANUAL,COMPLETE,I confirm the existing item has been assessed and cannot be repaired.,20,2026-03-09T17:18:35.097269+00:00,,2026-03-09T17:18:35.097269+00:00
169,617,51,BMM,MANUAL,COMPLETE,I confirm the existing item has been assessed and cannot be repaired.,10,2026-03-08T01:18:35.097269+00:00,,2026-03-08T01:18:35.097269+00:00
170,629,142,BMM,MRP,PENDING,,,,"{""detected_at"": ""2026-08-09T15:18:35.097269+00:00"", ""plant"": ""BMM"", ""chain_count"": 1, ""materials"": [{""material_id"": 142, ""material_code"": ""80-10142"", ""material_description"": ""Seal Support System, API Plan 32, shaft 100mm"", ""plant"": ""BMM"", ""is_repairable"": true, ""has_active_chain"": true, ""total_quantity_under_repair"": 1.0, ""earliest_expected_return"": ""2026-09-22"", ""chains"": [{""material_id"": 142, ""material_code"": ""80-10142"", ""material_description"": ""Seal Support System, API Plan 32, shaft 100mm"", ""material_group"": ""Mechanical Seals"", ""plant"": ""BMM"", ""repair_pr_number"": ""RPR-2035"", ""repair_pr_id"": 35, ""repair_po_number"": ""RPO-3031"", ""repair_po_id"": 31, ""supplier_id"": 8, ""vendor"": ""Waterberg Mining Equipment Traders (Pty) Ltd"", ""quantity_under_repair"": 1.0, ""repair_value"": 19745.97, ""opened_at"": ""2026-08-06"", ""expected_return"": ""2026-09-22"", ""days_open"": 20, ""days_overdue"": 0, ""overdue"": false, ""stage"": ""AT_VENDOR""}]}]}",2026-08-09T15:18:35.097269+00:00
171,630,181,Gamsberg,MRP,COMPLETE,I confirm the existing item has been assessed and cannot be repaired.,12,2025-12-26T06:18:35.097269+00:00,,2025-12-23T06:18:35.097269+00:00
172,631,51,Gamsberg,MRP,COMPLETE,I confirm the existing item has been assessed and cannot be repaired. It has fault,1,2026-08-27T05:51:41.531171+00:00,"{""detected_at"": ""2026-08-06T00:18:35.097269+00:00"", ""plant"": ""Gamsberg"", ""chain_count"": 1, ""materials"": [{""material_id"": 51, ""material_code"": ""80-10051"", ""material_description"": ""Mill Trunnion Bearing Liner, discharge end"", ""plant"": ""Gamsberg"", ""is_repairable"": true, ""has_active_chain"": true, ""total_quantity_under_repair"": 2.0, ""earliest_expected_return"": ""2026-07-29"", ""chains"": [{""material_id"": 51, ""material_code"": ""80-10051"", ""material_description"": ""Mill Trunnion Bearing Liner, discharge end"", ""material_group"": ""Milling Components"", ""plant"": ""Gamsberg"", ""repair_pr_number"": ""RPR-2046"", ""repair_pr_id"": 46, ""repair_po_number"": ""RPO-3041"", ""repair_po_id"": 41, ""supplier_id"": 23, ""vendor"": ""Karoo Pump Solutions (Pty) Ltd"", ""quantity_under_repair"": 2.0, ""repair_value"": 126942.6, ""opened_at"": ""2026-05-29"", ""expected_return"": ""2026-07-29"", ""days_open"": 89, ""days_overdue"": 28, ""overdue"": true, ""stage"": ""AT_VENDOR""}]}]}",2026-08-06T00:18:35.097269+00:00
173,643,186,Gamsberg,MANUAL,COMPLETE,I confirm the existing item has been assessed and cannot be repaired.,17,2026-06-26T00:18:35.097269+00:00,,2026-06-26T00:18:35.097269+00:00
174,645,126,BMM,MRP,COMPLETE,I confirm the existing item has been assessed and cannot be repaired.,5,2026-05-03T08:18:35.097269+00:00,,2026-04-29T08:18:35.097269+00:00
175,651,51,Gamsberg,CHAT,COMPLETE,I confirm the existing item has been assessed and cannot be repaired.,1,2026-08-26T10:37:18.688381+00:00,"{""detected_at"": ""2026-08-26T10:37:18.544949+00:00"", ""plant"": ""Gamsberg"", ""materials"": [{""material_id"": 51, ""material_code"": ""80-10051"", ""material_description"": ""Mill Trunnion Bearing Liner, discharge end"", ""plant"": ""Gamsberg"", ""is_repairable"": true, ""has_active_chain"": true, ""total_quantity_under_repair"": 5.0, ""earliest_expected_return"": ""2026-07-29"", ""chains"": [{""material_id"": 51, ""material_code"": ""80-10051"", ""material_description"": ""Mill Trunnion Bearing Liner, discharge end"", ""material_group"": ""Milling Components"", ""plant"": ""Gamsberg"", ""repair_pr_number"": ""RPR-2046"", ""repair_pr_id"": 46, ""repair_po_number"": ""RPO-3041"", ""repair_po_id"": 41, ""supplier_id"": 23, ""vendor"": ""Karoo Pump Solutions (Pty) Ltd"", ""quantity_under_repair"": 2.0, ""repair_value"": 126942.6, ""opened_at"": ""2026-05-30"", ""expected_return"": ""2026-07-29"", ""days_open"": 88, ""days_overdue"": 28, ""overdue"": true, ""stage"": ""AT_VENDOR""}, {""material_id"": 51, ""material_code"": ""80-10051"", ""material_description"": ""Mill Trunnion Bearing Liner, discharge end"", ""material_group"": ""Milling Components"", ""plant"": ""Gamsberg"", ""repair_pr_number"": ""RPR-2034"", ""repair_pr_id"": 34, ""repair_po_number"": ""RPO-3030"", ""repair_po_id"": 30, ""supplier_id"": 10, ""vendor"": ""Upington Industrial Supplies (Pty) Ltd"", ""quantity_under_repair"": 3.0, ""repair_value"": 190413.9, ""opened_at"": ""2026-08-05"", ""expected_return"": ""2026-09-04"", ""days_open"": 21, ""days_overdue"": 0, ""overdue"": false, ""stage"": ""AT_VENDOR""}]}], ""chain_count"": 2}",2026-08-26T10:37:18.688381+00:00
176,652,70,Gamsberg,CHAT,COMPLETE,I confirm the existing item has been assessed and cannot be repaired.,1,2026-08-26T11:21:11.750612+00:00,,2026-08-26T11:21:11.750612+00:00
177,653,187,Gamsberg,CHAT,COMPLETE,I confirm the existing item has been assessed and cannot be repaired.,1,2026-08-27T04:43:21.044978+00:00,"{""detected_at"": ""2026-08-27T04:43:20.709515+00:00"", ""plant"": ""Gamsberg"", ""materials"": [{""material_id"": 187, ""material_code"": ""80-10187"", ""material_description"": ""Ball Mill Grinding Media, 40mm, forged steel balls"", ""plant"": ""Gamsberg"", ""is_repairable"": true, ""has_active_chain"": true, ""total_quantity_under_repair"": 3.0, ""earliest_expected_return"": ""2026-07-22"", ""chains"": [{""material_id"": 187, ""material_code"": ""80-10187"", ""material_description"": ""Ball Mill Grinding Media, 40mm, forged steel balls"", ""material_group"": ""Milling Components"", ""plant"": ""Gamsberg"", ""repair_pr_number"": ""RPR-2017"", ""repair_pr_id"": 17, ""repair_po_number"": ""RPO-3015"", ""repair_po_id"": 15, ""supplier_id"": 13, ""vendor"": ""Namaqua Seals & Sealing Systems (Pty) Ltd"", ""quantity_under_repair"": 2.0, ""repair_value"": 18282.74, ""opened_at"": ""2026-06-08"", ""expected_return"": ""2026-07-22"", ""days_open"": 80, ""days_overdue"": 36, ""overdue"": true, ""stage"": ""AT_VENDOR""}, {""material_id"": 187, ""material_code"": ""80-10187"", ""material_description"": ""Ball Mill Grinding Media, 40mm, forged steel balls"", ""material_group"": ""Milling Components"", ""plant"": ""Gamsberg"", ""repair_pr_number"": ""RPR-2027"", ""repair_pr_id"": 27, ""repair_po_number"": ""RPO-3023"", ""repair_po_id"": 23, ""supplier_id"": 30, ""vendor"": ""Aggeneys Mining Equipment Traders (Pty) Ltd"", ""quantity_under_repair"": 1.0, ""repair_value"": 9141.37, ""opened_at"": ""2026-06-10"", ""expected_return"": ""2026-08-06"", ""days_open"": 78, ""days_overdue"": 21, ""overdue"": true, ""stage"": ""AT_VENDOR""}]}], ""chain_count"": 2}",2026-08-27T04:43:21.044978+00:00
178,654,187,Gamsberg,CHAT,COMPLETE,I confirm the existing item has been assessed and cannot be repaired.,1,2026-08-27T09:40:31.916421+00:00,"{""detected_at"": ""2026-08-27T09:40:31.750735+00:00"", ""plant"": ""Gamsberg"", ""materials"": [{""material_id"": 187, ""material_code"": ""80-10187"", ""material_description"": ""Ball Mill Grinding Media, 40mm, forged steel balls"", ""plant"": ""Gamsberg"", ""is_repairable"": true, ""has_active_chain"": true, ""total_quantity_under_repair"": 3.0, ""earliest_expected_return"": ""2026-07-22"", ""chains"": [{""material_id"": 187, ""material_code"": ""80-10187"", ""material_description"": ""Ball Mill Grinding Media, 40mm, forged steel balls"", ""material_group"": ""Milling Components"", ""plant"": ""Gamsberg"", ""repair_pr_number"": ""RPR-2017"", ""repair_pr_id"": 17, ""repair_po_number"": ""RPO-3015"", ""repair_po_id"": 15, ""supplier_id"": 13, ""vendor"": ""Namaqua Seals & Sealing Systems (Pty) Ltd"", ""quantity_under_repair"": 2.0, ""repair_value"": 18282.74, ""opened_at"": ""2026-06-08"", ""expected_return"": ""2026-07-22"", ""days_open"": 80, ""days_overdue"": 36, ""overdue"": true, ""stage"": ""AT_VENDOR""}, {""material_id"": 187, ""material_code"": ""80-10187"", ""material_description"": ""Ball Mill Grinding Media, 40mm, forged steel balls"", ""material_group"": ""Milling Components"", ""plant"": ""Gamsberg"", ""repair_pr_number"": ""RPR-2027"", ""repair_pr_id"": 27, ""repair_po_number"": ""RPO-3023"", ""repair_po_id"": 23, ""supplier_id"": 30, ""vendor"": ""Aggeneys Mining Equipment Traders (Pty) Ltd"", ""quantity_under_repair"": 1.0, ""repair_value"": 9141.37, ""opened_at"": ""2026-06-10"", ""expected_return"": ""2026-08-06"", ""days_open"": 78, ""days_overdue"": 21, ""overdue"": true, ""stage"": ""AT_VENDOR""}]}], ""chain_count"": 2}",2026-08-27T09:40:31.916421+00:00
179,655,187,Gamsberg,CHAT,COMPLETE,I confirm the existing item has been assessed and cannot be repaired.,1,2026-09-02T06:39:11.217199+00:00,"{""detected_at"": ""2026-09-02T06:39:10.921061+00:00"", ""plant"": ""Gamsberg"", ""materials"": [{""material_id"": 187, ""material_code"": ""80-10187"", ""material_description"": ""Ball Mill Grinding Media, 40mm, forged steel balls"", ""plant"": ""Gamsberg"", ""is_repairable"": true, ""has_active_chain"": true, ""total_quantity_under_repair"": 3.0, ""earliest_expected_return"": ""2026-07-22"", ""chains"": [{""material_id"": 187, ""material_code"": ""80-10187"", ""material_description"": ""Ball Mill Grinding Media, 40mm, forged steel balls"", ""material_group"": ""Milling Components"", ""plant"": ""Gamsberg"", ""repair_pr_number"": ""RPR-2017"", ""repair_pr_id"": 17, ""repair_po_number"": ""RPO-3015"", ""repair_po_id"": 15, ""supplier_id"": 13, ""vendor"": ""Namaqua Seals & Sealing Systems (Pty) Ltd"", ""quantity_under_repair"": 2.0, ""repair_value"": 18282.74, ""opened_at"": ""2026-06-08"", ""expected_return"": ""2026-07-22"", ""days_open"": 86, ""days_overdue"": 42, ""overdue"": true, ""stage"": ""AT_VENDOR""}, {""material_id"": 187, ""material_code"": ""80-10187"", ""material_description"": ""Ball Mill Grinding Media, 40mm, forged steel balls"", ""material_group"": ""Milling Components"", ""plant"": ""Gamsberg"", ""repair_pr_number"": ""RPR-2027"", ""repair_pr_id"": 27, ""repair_po_number"": ""RPO-3023"", ""repair_po_id"": 23, ""supplier_id"": 30, ""vendor"": ""Aggeneys Mining Equipment Traders (Pty) Ltd"", ""quantity_under_repair"": 1.0, ""repair_value"": 9141.37, ""opened_at"": ""2026-06-10"", ""expected_return"": ""2026-08-06"", ""days_open"": 84, ""days_overdue"": 27, ""overdue"": true, ""stage"": ""AT_VENDOR""}]}], ""chain_count"": 2}",2026-09-02T06:39:11.217199+00:00
