id,material_code,description,material_group,material_type,plant,storage_location,unit_of_measure,criticality,lifecycle_status,service_code,manufacturer,manufacturer_part_no,last_po_price,last_vendor,stock_level,lead_time_days,active,created_at,updated_at
1,500-10001,"Density Meter, nuclear, 200mm (8"") pipe",Instrumentation,Density Meter,Gamsberg,GSB-MINING-STORE,EA,CRITICAL,Obsolete,,Bushveld Valve Foundry,MP-000001,115783.89,Bushveld Spares & Components (Pty) Ltd,14,7,true,2026-08-25T09:09:36.211764+00:00,2026-08-25T09:09:36.211764+00:00
2,500-10002,"Flow Meter, magnetic, 100mm (4"")",Instrumentation,Flow Meter,BMM,BMM-MAIN-WH,EA,HIGH,Active,,Highveld Pump Manufacturing,MP-000002,124561.42,Springbok Bearing & Drive Co (Pty) Ltd,35,7,true,2026-08-25T09:09:36.211764+00:00,2026-08-25T09:09:36.211764+00:00
3,500-10003,"Variable Speed Drive, 11kW",Electrical Spares,Variable Speed Drive,Gamsberg,GSB-MINING-STORE,EA,CRITICAL,Active,,Highveld Precision Engineering,MP-000003,30226.05,Highveld Industrial Supplies (Pty) Ltd,8,14,true,2026-08-25T09:09:36.211764+00:00,2026-08-25T09:09:36.211764+00:00
4,500-10004,"Gland Packing Set, shaft 100mm, PTFE impregnated",Mechanical Seals,Gland Packing Set,BMM,BMM-WORKSHOP-STORE,SET,MEDIUM,Active,,Karoo Seal Technologies,MP-000004,1958.39,Bushveld Engineering Supplies (Pty) Ltd,261,14,true,2026-08-25T09:09:36.211764+00:00,2026-08-25T09:09:36.211764+00:00
5,500-10005,"Flow Meter, magnetic, 150mm (6"")",Instrumentation,Flow Meter,Gamsberg,GSB-PLANT-STORE,EA,HIGH,Active,,Bushveld Electromechanical Works,MP-000005,23632.93,Karoo Industrial Distributors (Pty) Ltd,37,21,true,2026-08-25T09:09:36.211764+00:00,2026-08-25T09:09:36.211764+00:00
6,500-10006,"MCC Contactor, 95A, 3-pole",Electrical Spares,MCC Contactor,BMM,BMM-WORKSHOP-STORE,EA,HIGH,Active,,Escarpment Wear Parts Casting,MP-000006,16435.91,Orange River Engineering Supplies (Pty) Ltd,28,30,true,2026-08-25T09:09:36.211764+00:00,2026-08-25T09:09:36.211764+00:00
7,500-10007,"Ball Valve, 200mm (8""), full bore, stainless trim",Valves,Ball Valve,Gamsberg,GSB-PLANT-STORE,EA,MEDIUM,Active,,Highveld Bearing Works,MP-000007,13153.34,Bushveld Electromechanical Ltd (Pty) Ltd,34,7,true,2026-08-25T09:09:36.211764+00:00,2026-08-25T09:09:36.211764+00:00
8,500-10008,"Ball Valve, 40mm (1.5""), full bore, stainless trim",Valves,Ball Valve,BMM,BMM-WORKSHOP-STORE,EA,MEDIUM,Active,,Escarpment Seal Technologies,MP-000008,13858.52,Lowveld Valve & Fittings (Pty) Ltd,10,21,true,2026-08-25T09:09:36.211764+00:00,2026-08-25T09:09:36.211764+00:00
9,500-10009,"Cone Crusher Concave Ring, standard profile",Crusher Components,Cone Crusher Concave Ring,Gamsberg,GSB-MAIN-WH,EA,CRITICAL,Active,,Highveld Wear Parts Casting,MP-000009,80388.1,Drakensberg Spares & Components (Pty) Ltd,7,14,true,2026-08-25T09:09:36.211764+00:00,2026-08-25T09:09:36.211764+00:00
10,500-10010,"Froth Paddle Assembly, large cell",Flotation Components,Froth Paddle Assembly,BMM,BMM-PLANT-STORE,EA,MEDIUM,Active,,Bushveld Pump Manufacturing,MP-000010,24963.3,Springbok Valve & Fittings (Pty) Ltd,30,7,true,2026-08-25T09:09:36.211764+00:00,2026-08-25T09:09:36.211764+00:00
11,500-10011,"Slip Ring Induction Motor, 110kW, 6-pole",Motors,Slip Ring Induction Motor,Gamsberg,GSB-MINING-STORE,EA,CRITICAL,Active,,Karoo Electromechanical Works,MP-000011,290645.05,Kimberley Pump Solutions (Pty) Ltd,27,10,true,2026-08-25T09:09:36.211764+00:00,2026-08-25T09:09:36.211764+00:00
12,500-10012,"Belt Scraper Blade Set, 1600mm width, tungsten tip",Conveyor Components,Belt Scraper Blade Set,BMM,BMM-MAIN-WH,SET,MEDIUM,Active,,Sutherland Valve Foundry,MP-000012,16028.76,Drakensberg Spares & Components (Pty) Ltd,79,45,true,2026-08-25T09:09:36.211764+00:00,2026-08-25T09:09:36.211764+00:00
13,500-10013,"Vertical Sump Pump Shaft Assembly, Heavy duty slurry",Pumps,Vertical Sump Pump Shaft Assembly,Gamsberg,GSB-MAIN-WH,EA,HIGH,EOL,,Vaal Electromechanical Works,MP-000013,23030.82,Orange River Engineering Supplies (Pty) Ltd,17,10,true,2026-08-25T09:09:36.211764+00:00,2026-08-25T09:09:36.211764+00:00
14,500-10014,"Motor Drive Coupling, elastomeric, rated for 30kW",Motors,Motor Drive Coupling,BMM,BMM-PLANT-STORE,EA,MEDIUM,Active,,Copperton Wear Parts Casting,MP-000014,10369.24,Upington Valve & Fittings (Pty) Ltd,38,14,true,2026-08-25T09:09:36.211764+00:00,2026-08-25T09:09:36.211764+00:00
15,500-10015,"Jaw Crusher Fixed Jaw Plate, standard, manganese steel",Crusher Components,Jaw Crusher Fixed Jaw Plate,Gamsberg,GSB-PLANT-STORE,EA,CRITICAL,Active,,Karoo Bearing Works,MP-000015,81151.56,Kalahari Bearing & Drive Co (Pty) Ltd,38,60,true,2026-08-25T09:09:36.211764+00:00,2026-08-25T09:09:36.211764+00:00
16,500-10016,"Tapered Roller Bearing 32025, 25mm bore",Bearings,Tapered Roller Bearing 320,BMM,BMM-PLANT-STORE,EA,MEDIUM,Active,,Escarpment Precision Engineering,MP-000016,10044.92,Waterberg Bearing & Drive Co (Pty) Ltd,31,10,true,2026-08-25T09:09:36.211764+00:00,2026-08-25T09:09:36.211764+00:00
17,500-10017,"Belt Scraper Blade Set, 1400mm width, tungsten tip",Conveyor Components,Belt Scraper Blade Set,Gamsberg,GSB-PLANT-STORE,SET,MEDIUM,EOL,,Vaal Pump Manufacturing,MP-000017,12207.06,Lowveld Valve & Fittings (Pty) Ltd,427,30,true,2026-08-25T09:09:36.211764+00:00,2026-08-25T09:09:36.211764+00:00
18,500-10018,"Flotation Cell Impeller, small cell, rubber coated",Flotation Components,Flotation Cell Impeller,BMM,BMM-PLANT-STORE,EA,HIGH,Active,,Vaal Wear Parts Casting,MP-000018,97082.17,Kalahari Bearing & Drive Co (Pty) Ltd,8,21,true,2026-08-25T09:09:36.211764+00:00,2026-08-25T09:09:36.211764+00:00
19,500-10019,"Density Meter, nuclear, 25mm (1"") pipe",Instrumentation,Density Meter,Gamsberg,GSB-MAIN-WH,EA,CRITICAL,Active,,Bushveld Wear Parts Casting,MP-000019,134656.56,Copperton Engineering Supplies (Pty) Ltd,23,10,true,2026-08-25T09:09:36.211764+00:00,2026-08-25T09:09:36.211764+00:00
20,500-10020,"Flotation Cell Stator, large cell",Flotation Components,Flotation Cell Stator,BMM,BMM-PLANT-STORE,EA,HIGH,Active,,Bushveld Seal Technologies,MP-000020,57722.85,Karoo Industrial Distributors (Pty) Ltd,32,14,true,2026-08-25T09:09:36.211764+00:00,2026-08-25T09:09:36.211764+00:00
21,500-10021,"Pillow Block Bearing Unit UCP240, 40mm shaft",Bearings,Pillow Block Bearing Unit UCP2,Gamsberg,GSB-MINING-STORE,EA,MEDIUM,Active,,Sutherland Wear Parts Casting,MP-000021,5042.68,Orange River Electromechanical Ltd (Pty) Ltd,26,14,true,2026-08-25T09:09:36.211764+00:00,2026-08-25T09:09:36.211764+00:00
22,500-10022,"Ball Mill Grinding Media, 80mm, forged steel balls",Milling Components,Ball Mill Grinding Media,BMM,BMM-MAIN-WH,TON,HIGH,Active,,Escarpment Electromechanical Works,MP-000022,22308.23,Springbok Industrial Supplies (Pty) Ltd,23,60,true,2026-08-25T09:09:36.211764+00:00,2026-08-25T09:09:36.211764+00:00
23,500-10023,"Motor Drive Coupling, elastomeric, rated for 90kW",Motors,Motor Drive Coupling,Gamsberg,GSB-MINING-STORE,EA,MEDIUM,Obsolete,,Namaqua Seal Technologies,MP-000023,18101.03,Upington Valve & Fittings (Pty) Ltd,7,60,true,2026-08-25T09:09:36.211764+00:00,2026-08-25T09:09:36.211764+00:00
24,500-10024,"Seal Support System, API Plan 32, shaft 80mm",Mechanical Seals,Seal Support System,BMM,BMM-PLANT-STORE,EA,HIGH,Active,,Vaal Seal Technologies,MP-000024,54913.26,Orange River Engineering Supplies (Pty) Ltd,13,7,true,2026-08-25T09:09:36.211764+00:00,2026-08-25T09:09:36.211764+00:00
25,500-10025,"Conveyor Belt, steel cord, 1600mm width",Conveyor Components,Conveyor Belt,Gamsberg,GSB-PLANT-STORE,M,HIGH,Active,,Namaqua Pump Manufacturing,MP-000025,927.39,Springbok Bearing & Drive Co (Pty) Ltd,334,30,true,2026-08-25T09:09:36.211764+00:00,2026-08-25T09:09:36.211764+00:00
26,500-10026,"Cone Crusher Mantle, extra-coarse profile",Crusher Components,Cone Crusher Mantle,BMM,BMM-WORKSHOP-STORE,EA,CRITICAL,Obsolete,,Vaal Bearing Works,MP-000026,326718.62,Escarpment Valve & Fittings (Pty) Ltd,19,14,true,2026-08-25T09:09:36.211764+00:00,2026-08-25T09:09:36.211764+00:00
27,500-10027,"Gland Packing Set, shaft 50mm, PTFE impregnated",Mechanical Seals,Gland Packing Set,Gamsberg,GSB-MAIN-WH,SET,MEDIUM,Active,,Vaal Valve Foundry,MP-000027,2789.01,Escarpment Electromechanical Ltd (Pty) Ltd,301,21,true,2026-08-25T09:09:36.211764+00:00,2026-08-25T09:09:36.211764+00:00
28,500-10028,"Variable Speed Drive, 30kW",Electrical Spares,Variable Speed Drive,BMM,BMM-PLANT-STORE,EA,CRITICAL,Active,,Karoo Valve Foundry,MP-000028,136449.57,Bushveld Engineering Supplies (Pty) Ltd,6,10,true,2026-08-25T09:09:36.211764+00:00,2026-08-25T09:09:36.211764+00:00
29,500-10029,"Mechanical Seal, shaft 80mm, tungsten carbide faces",Mechanical Seals,Mechanical Seal,Gamsberg,GSB-MINING-STORE,EA,HIGH,Active,,Copperton Electromechanical Works,MP-000029,51805.15,Orange River Bearing & Drive Co (Pty) Ltd,8,10,true,2026-08-25T09:09:36.211764+00:00,2026-08-25T09:09:36.211764+00:00
30,500-10030,"Knife Gate Valve, 25mm (1""), rubber lined",Valves,Knife Gate Valve,BMM,BMM-WORKSHOP-STORE,EA,HIGH,Active,,Copperton Precision Engineering,MP-000030,37802.87,Upington Mining Equipment Traders (Pty) Ltd,16,14,true,2026-08-25T09:09:36.211764+00:00,2026-08-25T09:09:36.211764+00:00
31,500-10031,"Ball Valve, 25mm (1""), full bore, stainless trim",Valves,Ball Valve,Gamsberg,GSB-MINING-STORE,EA,MEDIUM,EOL,,Karoo Wear Parts Casting,MP-000031,2142.65,Lowveld Valve & Fittings (Pty) Ltd,14,45,true,2026-08-25T09:09:36.211764+00:00,2026-08-25T09:09:36.211764+00:00
32,500-10032,"Variable Speed Drive, 45kW",Electrical Spares,Variable Speed Drive,BMM,BMM-MAIN-WH,EA,CRITICAL,Active,,Copperton Valve Foundry,MP-000032,256653.54,Kuruman Industrial Supplies (Pty) Ltd,9,21,true,2026-08-25T09:09:36.211764+00:00,2026-08-25T09:09:36.211764+00:00
33,500-10033,"Motor Drive Coupling, elastomeric, rated for 75kW",Motors,Motor Drive Coupling,Gamsberg,GSB-PLANT-STORE,EA,MEDIUM,Active,,Copperton Pump Manufacturing,MP-000033,11858.92,Escarpment Electromechanical Ltd (Pty) Ltd,9,45,true,2026-08-25T09:09:36.211764+00:00,2026-08-25T09:09:36.211764+00:00
34,500-10034,"Knife Gate Valve, 40mm (1.5""), rubber lined",Valves,Knife Gate Valve,BMM,BMM-MAIN-WH,EA,HIGH,Active,,Copperton Bearing Works,MP-000034,37759.66,Bushveld Engineering Supplies (Pty) Ltd,6,14,true,2026-08-25T09:09:36.211764+00:00,2026-08-25T09:09:36.211764+00:00
35,500-10035,"Impact Idler, 1400mm belt width, rubber disc",Conveyor Components,Impact Idler,Gamsberg,GSB-MINING-STORE,EA,MEDIUM,Active,,Copperton Seal Technologies,MP-000035,3968.08,Vaal Mining Equipment Traders (Pty) Ltd,4,60,true,2026-08-25T09:09:36.211764+00:00,2026-08-25T09:09:36.211764+00:00
36,500-10036,"SAG Mill Liner Plate, head, chrome-moly steel",Milling Components,SAG Mill Liner Plate,BMM,BMM-MAIN-WH,EA,CRITICAL,EOL,,Namaqua Precision Engineering,MP-000036,134921.7,Bushveld Pump Solutions (Pty) Ltd,21,10,true,2026-08-25T09:09:36.211764+00:00,2026-08-25T09:09:36.211764+00:00
37,500-10037,"Centrifugal Slurry Pump Impeller, Low-flow metering, hard metal",Pumps,Centrifugal Slurry Pump Impeller,Gamsberg,GSB-MINING-STORE,EA,CRITICAL,Active,,Sutherland Pump Manufacturing,MP-000037,76273.64,Springbok Valve & Fittings (Pty) Ltd,4,14,true,2026-08-25T09:09:36.211764+00:00,2026-08-25T09:09:36.211764+00:00
38,500-10038,"Mechanical Seal, shaft 50mm, tungsten carbide faces",Mechanical Seals,Mechanical Seal,BMM,BMM-PLANT-STORE,EA,HIGH,EOL,,Karoo Pump Manufacturing,MP-000038,14537.97,Vaal Mining Equipment Traders (Pty) Ltd,10,30,true,2026-08-25T09:09:36.211764+00:00,2026-08-25T09:09:36.211764+00:00
39,500-10039,"Spherical Roller Bearing 22230, 30mm bore",Bearings,Spherical Roller Bearing 222,Gamsberg,GSB-PLANT-STORE,EA,HIGH,Active,,Namaqua Wear Parts Casting,MP-000039,32742.92,Springbok Valve & Fittings (Pty) Ltd,9,14,true,2026-08-25T09:09:36.211764+00:00,2026-08-25T09:09:36.211764+00:00
40,500-10040,"Motor Drive Coupling, elastomeric, rated for 22kW",Motors,Motor Drive Coupling,BMM,BMM-WORKSHOP-STORE,EA,MEDIUM,Active,,Karoo Precision Engineering,MP-000040,5586.31,Springbok Valve & Fittings (Pty) Ltd,38,14,true,2026-08-25T09:09:36.211764+00:00,2026-08-25T09:09:36.211764+00:00
41,500-10041,"Variable Speed Drive, 110kW",Electrical Spares,Variable Speed Drive,Gamsberg,GSB-PLANT-STORE,EA,CRITICAL,Active,,Namaqua Electromechanical Works,MP-000041,252430.85,Waterberg Bearing & Drive Co (Pty) Ltd,0,30,true,2026-08-25T09:09:36.211764+00:00,2026-08-25T09:09:36.211764+00:00
42,500-10042,"MCC Contactor, 65A, 3-pole",Electrical Spares,MCC Contactor,BMM,BMM-WORKSHOP-STORE,EA,HIGH,Active,,Sutherland Precision Engineering,MP-000042,14867.73,Orange River Engineering Supplies (Pty) Ltd,12,21,true,2026-08-25T09:09:36.211764+00:00,2026-08-25T09:09:36.211764+00:00
43,500-10043,"Ball Valve, 150mm (6""), full bore, stainless trim",Valves,Ball Valve,Gamsberg,GSB-MAIN-WH,EA,MEDIUM,Active,,Bushveld Precision Engineering,MP-000043,3348.51,Springbok Industrial Supplies (Pty) Ltd,10,21,true,2026-08-25T09:09:36.211764+00:00,2026-08-25T09:09:36.211764+00:00
44,500-10044,"Density Meter, nuclear, 150mm (6"") pipe",Instrumentation,Density Meter,BMM,BMM-MAIN-WH,EA,CRITICAL,Active,,Escarpment Pump Manufacturing,MP-000044,189482.54,,37,7,true,2026-08-25T09:09:36.211764+00:00,2026-08-25T09:09:36.211764+00:00
45,500-10045,"Level Transmitter, ultrasonic, 0-5m range",Instrumentation,Level Transmitter,Gamsberg,GSB-PLANT-STORE,EA,HIGH,Active,,Bushveld Bearing Works,MP-000045,35005.77,Escarpment Valve & Fittings (Pty) Ltd,2,21,true,2026-08-25T09:09:36.211764+00:00,2026-08-25T09:09:36.211764+00:00
46,500-10046,"Cone Crusher Concave Ring, fine profile",Crusher Components,Cone Crusher Concave Ring,BMM,BMM-PLANT-STORE,EA,CRITICAL,Active,,Highveld Electromechanical Works,MP-000046,284894.42,Springbok Bearing & Drive Co (Pty) Ltd,8,30,true,2026-08-25T09:09:36.211764+00:00,2026-08-25T09:09:36.211764+00:00
47,500-10047,"Pillow Block Bearing Unit UCP220, 20mm shaft",Bearings,Pillow Block Bearing Unit UCP2,Gamsberg,GSB-MINING-STORE,EA,MEDIUM,Active,,Sutherland Bearing Works,MP-000047,5909.89,Orange River Electromechanical Ltd (Pty) Ltd,6,21,true,2026-08-25T09:09:36.211764+00:00,2026-08-25T09:09:36.211764+00:00
48,500-10048,"Belt Scraper Blade Set, 1200mm width, tungsten tip",Conveyor Components,Belt Scraper Blade Set,BMM,BMM-MAIN-WH,SET,MEDIUM,Active,,Namaqua Bearing Works,MP-000048,5307.4,Bushveld Engineering Supplies (Pty) Ltd,343,14,true,2026-08-25T09:09:36.211764+00:00,2026-08-25T09:09:36.211764+00:00
49,500-10049,"Vertical Sump Pump Shaft Assembly, Light duty",Pumps,Vertical Sump Pump Shaft Assembly,Gamsberg,GSB-MINING-STORE,EA,HIGH,Obsolete,,Sutherland Seal Technologies,MP-000049,94345.04,Orange River Bearing & Drive Co (Pty) Ltd,37,60,true,2026-08-25T09:09:36.211764+00:00,2026-08-25T09:09:36.211764+00:00
50,500-10050,"Butterfly Valve, 80mm (3""), wafer type",Valves,Butterfly Valve,BMM,BMM-PLANT-STORE,EA,MEDIUM,Active,,Sutherland Electromechanical Works,MP-000050,10134.67,Highveld Mining Equipment Traders (Pty) Ltd,0,14,true,2026-08-25T09:09:36.211764+00:00,2026-08-25T09:09:36.211764+00:00
51,500-10051,"Mill Trunnion Bearing Liner, discharge end",Milling Components,Mill Trunnion Bearing Liner,Gamsberg,GSB-MINING-STORE,EA,CRITICAL,Active,,Highveld Seal Technologies,MP-000051,299312.78,Bushveld Pump Solutions (Pty) Ltd,27,21,true,2026-08-25T09:09:36.211764+00:00,2026-08-25T09:09:36.211764+00:00
52,500-10052,"Jaw Crusher Fixed Jaw Plate, high-manganese, manganese steel",Crusher Components,Jaw Crusher Fixed Jaw Plate,BMM,BMM-MAIN-WH,EA,CRITICAL,Active,,Namaqua Valve Foundry,MP-000052,97324.62,Escarpment Mining Equipment Traders (Pty) Ltd,14,30,true,2026-08-25T09:09:36.211764+00:00,2026-08-25T09:09:36.211764+00:00
53,500-10053,"Gland Packing Set, shaft 38mm, PTFE impregnated",Mechanical Seals,Gland Packing Set,Gamsberg,GSB-MAIN-WH,SET,MEDIUM,Active,,Escarpment Bearing Works,MP-000053,1016.37,Bushveld Electromechanical Ltd (Pty) Ltd,112,60,true,2026-08-25T09:09:36.211764+00:00,2026-08-25T09:09:36.211764+00:00
54,500-10054,"Deep Groove Ball Bearing 6275-2RS, 75mm bore",Bearings,Deep Groove Ball Bearing 62-2RS,BMM,BMM-WORKSHOP-STORE,EA,HIGH,Active,,Escarpment Valve Foundry,MP-000054,699.76,Springbok Industrial Supplies (Pty) Ltd,35,10,true,2026-08-25T09:09:36.211764+00:00,2026-08-25T09:09:36.211764+00:00
55,500-10055,"Power Cable, XLPE armoured, 4-core 16mm2",Electrical Spares,Power Cable,Gamsberg,GSB-MAIN-WH,M,MEDIUM,Active,,Vaal Precision Engineering,MP-000055,330.32,Springbok Bearing & Drive Co (Pty) Ltd,423,7,true,2026-08-25T09:09:36.211764+00:00,2026-08-25T09:09:36.211764+00:00
56,500-10056,"MCC Contactor, 225A, 3-pole",Electrical Spares,MCC Contactor,BMM,BMM-MAIN-WH,EA,HIGH,Active,,Highveld Valve Foundry,MP-000056,4688.46,Lowveld Valve & Fittings (Pty) Ltd,34,14,true,2026-08-25T09:09:36.211764+00:00,2026-08-25T09:09:36.211764+00:00
57,500-10057,"Conveyor Belt, steel cord, 800mm width",Conveyor Components,Conveyor Belt,Gamsberg,GSB-MAIN-WH,M,HIGH,Active,,Bushveld Valve Foundry,MP-000057,2674.46,Kalahari Bearing & Drive Co (Pty) Ltd,299,10,true,2026-08-25T09:09:36.211764+00:00,2026-08-25T09:09:36.211764+00:00
58,500-10058,"Pinch Valve, 100mm (4""), slurry service",Valves,Pinch Valve,BMM,BMM-MAIN-WH,EA,HIGH,Active,,Highveld Pump Manufacturing,MP-000058,31319.58,Bushveld Electromechanical Ltd (Pty) Ltd,26,7,true,2026-08-25T09:09:36.211764+00:00,2026-08-25T09:09:36.211764+00:00
59,500-10059,"TEFC Induction Motor, 110kW, 4-pole, IE3",Motors,TEFC Induction Motor,Gamsberg,GSB-MAIN-WH,EA,HIGH,Active,,Highveld Precision Engineering,MP-000059,61805.3,Postmasburg Valve & Fittings (Pty) Ltd,9,21,true,2026-08-25T09:09:36.211764+00:00,2026-08-25T09:09:36.211764+00:00
60,500-10060,"Circuit Breaker, MCCB, 630A",Electrical Spares,Circuit Breaker,BMM,BMM-PLANT-STORE,EA,HIGH,Active,,Karoo Seal Technologies,MP-000060,15969.74,Lowveld Electromechanical Ltd (Pty) Ltd,9,45,true,2026-08-25T09:09:36.211764+00:00,2026-08-25T09:09:36.211764+00:00
61,500-10061,"Belt Scraper Blade Set, 1000mm width, tungsten tip",Conveyor Components,Belt Scraper Blade Set,Gamsberg,GSB-PLANT-STORE,SET,MEDIUM,EOL,,Bushveld Electromechanical Works,MP-000061,14315.07,Upington Mining Equipment Traders (Pty) Ltd,210,60,true,2026-08-25T09:09:36.211764+00:00,2026-08-25T09:09:36.211764+00:00
62,500-10062,"Troughing Idler Set, 1400mm belt width, 3-roll",Conveyor Components,Troughing Idler Set,BMM,BMM-WORKSHOP-STORE,EA,MEDIUM,EOL,,Escarpment Wear Parts Casting,MP-000062,2704.69,Springbok Valve & Fittings (Pty) Ltd,14,21,true,2026-08-25T09:09:36.211764+00:00,2026-08-25T09:09:36.211764+00:00
63,500-10063,"TEFC Induction Motor, 30kW, 4-pole, IE3",Motors,TEFC Induction Motor,Gamsberg,GSB-PLANT-STORE,EA,HIGH,Active,,Highveld Bearing Works,MP-000063,168433.09,Springbok Valve & Fittings (Pty) Ltd,30,60,true,2026-08-25T09:09:36.211764+00:00,2026-08-25T09:09:36.211764+00:00
64,500-10064,"Deep Groove Ball Bearing 6225-2RS, 25mm bore",Bearings,Deep Groove Ball Bearing 62-2RS,BMM,BMM-MAIN-WH,EA,HIGH,Active,,Escarpment Seal Technologies,MP-000064,2913.94,Lowveld Electromechanical Ltd (Pty) Ltd,4,30,true,2026-08-25T09:09:36.211764+00:00,2026-08-25T09:09:36.211764+00:00
65,500-10065,"TEFC Induction Motor, 15kW, 4-pole, IE3",Motors,TEFC Induction Motor,Gamsberg,GSB-MAIN-WH,EA,HIGH,Obsolete,,Highveld Wear Parts Casting,MP-000065,50779.83,Lowveld Valve & Fittings (Pty) Ltd,20,30,true,2026-08-25T09:09:36.211764+00:00,2026-08-25T09:09:36.211764+00:00
66,500-10066,"Variable Speed Drive, 22kW",Electrical Spares,Variable Speed Drive,BMM,BMM-MAIN-WH,EA,CRITICAL,Active,,Bushveld Pump Manufacturing,MP-000066,152222.69,Springbok Bearing & Drive Co (Pty) Ltd,17,21,true,2026-08-25T09:09:36.211764+00:00,2026-08-25T09:09:36.211764+00:00
67,500-10067,"Variable Speed Drive, 15kW",Electrical Spares,Variable Speed Drive,Gamsberg,GSB-MAIN-WH,EA,CRITICAL,Active,,Karoo Electromechanical Works,MP-000067,35446.52,Kuruman Industrial Supplies (Pty) Ltd,14,7,true,2026-08-25T09:09:36.211764+00:00,2026-08-25T09:09:36.211764+00:00
68,500-10068,"Troughing Idler Set, 650mm belt width, 3-roll",Conveyor Components,Troughing Idler Set,BMM,BMM-PLANT-STORE,EA,MEDIUM,Active,,Sutherland Valve Foundry,MP-000068,2862.65,Postmasburg Valve & Fittings (Pty) Ltd,12,30,true,2026-08-25T09:09:36.211764+00:00,2026-08-25T09:09:36.211764+00:00
69,500-10069,"Deep Groove Ball Bearing 6230-2RS, 30mm bore",Bearings,Deep Groove Ball Bearing 62-2RS,Gamsberg,GSB-MINING-STORE,EA,HIGH,Active,,Vaal Electromechanical Works,MP-000069,1928.87,Karoo Industrial Distributors (Pty) Ltd,24,21,true,2026-08-25T09:09:36.211764+00:00,2026-08-25T09:09:36.211764+00:00
70,500-10070,"Jaw Crusher Fixed Jaw Plate, wave-profile, manganese steel",Crusher Components,Jaw Crusher Fixed Jaw Plate,BMM,BMM-PLANT-STORE,EA,CRITICAL,Active,,Copperton Wear Parts Casting,MP-000070,63409.71,Upington Valve & Fittings (Pty) Ltd,6,14,true,2026-08-25T09:09:36.211764+00:00,2026-08-25T09:09:36.211764+00:00
71,500-10071,"Conveyor Belt, steel cord, 1000mm width",Conveyor Components,Conveyor Belt,Gamsberg,GSB-PLANT-STORE,M,HIGH,Active,,Karoo Bearing Works,MP-000071,1436.68,Springbok Seals & Sealing Systems (Pty) Ltd,236,45,true,2026-08-25T09:09:36.211764+00:00,2026-08-25T09:09:36.211764+00:00
72,500-10072,"Vertical Sump Pump Shaft Assembly, High-head",Pumps,Vertical Sump Pump Shaft Assembly,BMM,BMM-WORKSHOP-STORE,EA,HIGH,Active,,Escarpment Precision Engineering,MP-000072,95258.12,Highveld Mining Equipment Traders (Pty) Ltd,33,21,true,2026-08-25T09:09:36.211764+00:00,2026-08-25T09:09:36.211764+00:00
73,500-10073,"Flotation Cell Impeller, medium cell, rubber coated",Flotation Components,Flotation Cell Impeller,Gamsberg,GSB-MAIN-WH,EA,HIGH,EOL,,Vaal Pump Manufacturing,MP-000073,55659.9,Northern Cape Engineering Supplies (Pty) Ltd,5,10,true,2026-08-25T09:09:36.211764+00:00,2026-08-25T09:09:36.211764+00:00
74,500-10074,"Seal Support System, API Plan 32, shaft 25mm",Mechanical Seals,Seal Support System,BMM,BMM-PLANT-STORE,EA,HIGH,Obsolete,,Vaal Wear Parts Casting,MP-000074,83222.83,Kuruman Pump Solutions (Pty) Ltd,36,21,true,2026-08-25T09:09:36.211764+00:00,2026-08-25T09:09:36.211764+00:00
75,500-10075,"TEFC Induction Motor, 22kW, 4-pole, IE3",Motors,TEFC Induction Motor,Gamsberg,GSB-PLANT-STORE,EA,HIGH,EOL,,Bushveld Wear Parts Casting,MP-000075,20314.07,Orange River Electromechanical Ltd (Pty) Ltd,20,60,true,2026-08-25T09:09:36.211764+00:00,2026-08-25T09:09:36.211764+00:00
76,500-10076,"Butterfly Valve, 40mm (1.5""), wafer type",Valves,Butterfly Valve,BMM,BMM-WORKSHOP-STORE,EA,MEDIUM,Active,,Bushveld Seal Technologies,MP-000076,13619.77,Highveld Industrial Supplies (Pty) Ltd,16,45,true,2026-08-25T09:09:36.211764+00:00,2026-08-25T09:09:36.211764+00:00
77,500-10077,"TEFC Induction Motor, 90kW, 4-pole, IE3",Motors,TEFC Induction Motor,Gamsberg,GSB-MAIN-WH,EA,HIGH,Active,,Sutherland Wear Parts Casting,MP-000077,70069.8,Springbok Bearing & Drive Co (Pty) Ltd,15,21,true,2026-08-25T09:09:36.211764+00:00,2026-08-25T09:09:36.211764+00:00
78,500-10078,"Flotation Cell Stator, tank cell",Flotation Components,Flotation Cell Stator,BMM,BMM-WORKSHOP-STORE,EA,HIGH,Active,,Escarpment Electromechanical Works,MP-000078,53896.65,Springbok Bearing & Drive Co (Pty) Ltd,21,14,true,2026-08-25T09:09:36.211764+00:00,2026-08-25T09:09:36.211764+00:00
79,500-10079,"Flotation Cell Stator, small cell",Flotation Components,Flotation Cell Stator,Gamsberg,GSB-PLANT-STORE,EA,HIGH,Active,,Namaqua Seal Technologies,MP-000079,56123.79,Upington Valve & Fittings (Pty) Ltd,35,60,true,2026-08-25T09:09:36.211764+00:00,2026-08-25T09:09:36.211764+00:00
80,500-10080,"MCC Contactor, 32A, 3-pole",Electrical Spares,MCC Contactor,BMM,BMM-WORKSHOP-STORE,EA,HIGH,Active,,Vaal Seal Technologies,MP-000080,7420.67,Springbok Seals & Sealing Systems (Pty) Ltd,11,14,true,2026-08-25T09:09:36.211764+00:00,2026-08-25T09:09:36.211764+00:00
81,500-10081,"Seal Support System, API Plan 32, shaft 50mm",Mechanical Seals,Seal Support System,Gamsberg,GSB-PLANT-STORE,EA,HIGH,EOL,,Namaqua Pump Manufacturing,MP-000081,33122.25,Springbok Bearing & Drive Co (Pty) Ltd,29,60,true,2026-08-25T09:09:36.211764+00:00,2026-08-25T09:09:36.211764+00:00
82,500-10082,"Knife Gate Valve, 100mm (4""), rubber lined",Valves,Knife Gate Valve,BMM,BMM-WORKSHOP-STORE,EA,HIGH,Active,,Vaal Bearing Works,MP-000082,74789.09,Springbok Bearing & Drive Co (Pty) Ltd,13,21,true,2026-08-25T09:09:36.211764+00:00,2026-08-25T09:09:36.211764+00:00
83,500-10083,"SAG Mill Liner Plate, discharge grate, chrome-moly steel",Milling Components,SAG Mill Liner Plate,Gamsberg,GSB-MAIN-WH,EA,CRITICAL,Active,,Vaal Valve Foundry,MP-000083,56465.89,Orange River Electromechanical Ltd (Pty) Ltd,29,14,true,2026-08-25T09:09:36.211764+00:00,2026-08-25T09:09:36.211764+00:00
84,500-10084,"SAG Mill Liner Plate, shell, chrome-moly steel",Milling Components,SAG Mill Liner Plate,BMM,BMM-PLANT-STORE,EA,CRITICAL,Obsolete,,Karoo Valve Foundry,MP-000084,76522.77,Springbok Bearing & Drive Co (Pty) Ltd,6,60,true,2026-08-25T09:09:36.211764+00:00,2026-08-25T09:09:36.211764+00:00
85,500-10085,"Cone Crusher Mantle, fine profile",Crusher Components,Cone Crusher Mantle,Gamsberg,GSB-PLANT-STORE,EA,CRITICAL,Active,,Copperton Electromechanical Works,MP-000085,102370.84,Lowveld Mining Equipment Traders (Pty) Ltd,28,60,true,2026-08-25T09:09:36.211764+00:00,2026-08-25T09:09:36.211764+00:00
86,500-10086,"Slip Ring Induction Motor, 7.5kW, 6-pole",Motors,Slip Ring Induction Motor,BMM,BMM-WORKSHOP-STORE,EA,CRITICAL,Active,,Copperton Precision Engineering,MP-000086,257072.51,Orange River Electromechanical Ltd (Pty) Ltd,2,10,true,2026-08-25T09:09:36.211764+00:00,2026-08-25T09:09:36.211764+00:00
87,500-10087,"Flotation Cell Impeller, tank cell, rubber coated",Flotation Components,Flotation Cell Impeller,Gamsberg,GSB-MINING-STORE,EA,HIGH,Active,,Karoo Wear Parts Casting,MP-000087,53442.07,Orange River Engineering Supplies (Pty) Ltd,1,14,true,2026-08-25T09:09:36.211764+00:00,2026-08-25T09:09:36.211764+00:00
88,500-10088,"Circuit Breaker, MCCB, 400A",Electrical Spares,Circuit Breaker,BMM,BMM-WORKSHOP-STORE,EA,HIGH,Active,,Copperton Valve Foundry,MP-000088,26568.17,Copperton Engineering Supplies (Pty) Ltd,12,45,true,2026-08-25T09:09:36.211764+00:00,2026-08-25T09:09:36.211764+00:00
89,500-10089,"Pillow Block Bearing Unit UCP250, 50mm shaft",Bearings,Pillow Block Bearing Unit UCP2,Gamsberg,GSB-PLANT-STORE,EA,MEDIUM,EOL,,Copperton Pump Manufacturing,MP-000089,8718.86,Upington Valve & Fittings (Pty) Ltd,27,60,true,2026-08-25T09:09:36.211764+00:00,2026-08-25T09:09:36.211764+00:00
90,500-10090,"Conveyor Belt, steel cord, 650mm width",Conveyor Components,Conveyor Belt,BMM,BMM-MAIN-WH,M,HIGH,EOL,,Copperton Bearing Works,MP-000090,1263.52,Orange River Bearing & Drive Co (Pty) Ltd,452,60,true,2026-08-25T09:09:36.211764+00:00,2026-08-25T09:09:36.211764+00:00
91,500-10091,"Power Cable, XLPE armoured, 4-core 70mm2",Electrical Spares,Power Cable,Gamsberg,GSB-MAIN-WH,M,MEDIUM,EOL,,Copperton Seal Technologies,MP-000091,198.79,Orange River Electromechanical Ltd (Pty) Ltd,430,10,true,2026-08-25T09:09:36.211764+00:00,2026-08-25T09:09:36.211764+00:00
92,500-10092,"Pinch Valve, 40mm (1.5""), slurry service",Valves,Pinch Valve,BMM,BMM-PLANT-STORE,EA,HIGH,Active,,Namaqua Precision Engineering,MP-000092,68504.37,Copperton Engineering Supplies (Pty) Ltd,2,45,true,2026-08-25T09:09:36.211764+00:00,2026-08-25T09:09:36.211764+00:00
93,500-10093,"Pinch Valve, 150mm (6""), slurry service",Valves,Pinch Valve,Gamsberg,GSB-PLANT-STORE,EA,HIGH,Active,,Sutherland Pump Manufacturing,MP-000093,73140.89,Escarpment Valve & Fittings (Pty) Ltd,29,30,true,2026-08-25T09:09:36.211764+00:00,2026-08-25T09:09:36.211764+00:00
94,500-10094,"Pillow Block Bearing Unit UCP230, 30mm shaft",Bearings,Pillow Block Bearing Unit UCP2,BMM,BMM-PLANT-STORE,EA,MEDIUM,Active,,Karoo Pump Manufacturing,MP-000094,7548.84,Escarpment Mining Equipment Traders (Pty) Ltd,20,7,true,2026-08-25T09:09:36.211764+00:00,2026-08-25T09:09:36.211764+00:00
95,500-10095,"Tapered Roller Bearing 32050, 50mm bore",Bearings,Tapered Roller Bearing 320,Gamsberg,GSB-MAIN-WH,EA,MEDIUM,EOL,,Namaqua Wear Parts Casting,MP-000095,2521.91,Bushveld Engineering Supplies (Pty) Ltd,7,14,true,2026-08-25T09:09:36.211764+00:00,2026-08-25T09:09:36.211764+00:00
96,500-10096,"Circuit Breaker, MCCB, 100A",Electrical Spares,Circuit Breaker,BMM,BMM-WORKSHOP-STORE,EA,HIGH,Obsolete,,Karoo Precision Engineering,MP-000096,25573.3,Bushveld Spares & Components (Pty) Ltd,21,60,true,2026-08-25T09:09:36.211764+00:00,2026-08-25T09:09:36.211764+00:00
97,500-10097,"Motor Drive Coupling, elastomeric, rated for 7.5kW",Motors,Motor Drive Coupling,Gamsberg,GSB-PLANT-STORE,EA,MEDIUM,Active,,Namaqua Electromechanical Works,MP-000097,18453.7,Escarpment Electromechanical Ltd (Pty) Ltd,5,21,true,2026-08-25T09:09:36.211764+00:00,2026-08-25T09:09:36.211764+00:00
98,500-10098,"Level Transmitter, ultrasonic, 0-15m range",Instrumentation,Level Transmitter,BMM,BMM-MAIN-WH,EA,HIGH,Active,,Sutherland Precision Engineering,MP-000098,14344.06,Highveld Mining Equipment Traders (Pty) Ltd,11,30,true,2026-08-25T09:09:36.211764+00:00,2026-08-25T09:09:36.211764+00:00
99,500-10099,"Cone Crusher Mantle, coarse profile",Crusher Components,Cone Crusher Mantle,Gamsberg,GSB-MAIN-WH,EA,CRITICAL,Obsolete,,Bushveld Precision Engineering,MP-000099,235320.64,Bushveld Electromechanical Ltd (Pty) Ltd,17,10,true,2026-08-25T09:09:36.211764+00:00,2026-08-25T09:09:36.211764+00:00
100,500-10100,"Variable Speed Drive, 75kW",Electrical Spares,Variable Speed Drive,BMM,BMM-MAIN-WH,EA,CRITICAL,Active,,Escarpment Pump Manufacturing,MP-000100,125048.82,Kalahari Bearing & Drive Co (Pty) Ltd,36,60,true,2026-08-25T09:09:36.211764+00:00,2026-08-25T09:09:36.211764+00:00
101,500-10101,"Conveyor Belt, steel cord, 1200mm width",Conveyor Components,Conveyor Belt,Gamsberg,GSB-MAIN-WH,M,HIGH,Active,,Bushveld Bearing Works,MP-000101,1765.42,Kimberley Pump Solutions (Pty) Ltd,249,14,true,2026-08-25T09:09:36.211764+00:00,2026-08-25T09:09:36.211764+00:00
102,500-10102,"Centrifugal Slurry Pump Impeller, Light duty, hard metal",Pumps,Centrifugal Slurry Pump Impeller,BMM,BMM-PLANT-STORE,EA,CRITICAL,EOL,,Highveld Electromechanical Works,MP-000102,164212.57,Upington Valve & Fittings (Pty) Ltd,32,45,true,2026-08-25T09:09:36.211764+00:00,2026-08-25T09:09:36.211764+00:00
103,500-10103,"Diaphragm Dosing Pump Head Assembly, Light duty",Pumps,Diaphragm Dosing Pump Head Assembly,Gamsberg,GSB-MINING-STORE,EA,MEDIUM,Active,,Sutherland Bearing Works,MP-000103,34750.61,Lowveld Valve & Fittings (Pty) Ltd,15,7,true,2026-08-25T09:09:36.211764+00:00,2026-08-25T09:09:36.211764+00:00
104,500-10104,"Centrifugal Slurry Pump Impeller, High-head, hard metal",Pumps,Centrifugal Slurry Pump Impeller,BMM,BMM-WORKSHOP-STORE,EA,CRITICAL,Active,,Namaqua Bearing Works,MP-000104,26494.54,Highveld Mining Equipment Traders (Pty) Ltd,14,14,true,2026-08-25T09:09:36.211764+00:00,2026-08-25T09:09:36.211764+00:00
105,500-10105,"Belt Scraper Blade Set, 650mm width, tungsten tip",Conveyor Components,Belt Scraper Blade Set,Gamsberg,GSB-PLANT-STORE,SET,MEDIUM,Active,,Sutherland Seal Technologies,MP-000105,12627.06,Springbok Bearing & Drive Co (Pty) Ltd,18,45,true,2026-08-25T09:09:36.211764+00:00,2026-08-25T09:09:36.211764+00:00
106,500-10106,"Deep Groove Ball Bearing 6235-2RS, 35mm bore",Bearings,Deep Groove Ball Bearing 62-2RS,BMM,BMM-WORKSHOP-STORE,EA,HIGH,Active,,Sutherland Electromechanical Works,MP-000106,2845.06,Orange River Bearing & Drive Co (Pty) Ltd,36,7,true,2026-08-25T09:09:36.211764+00:00,2026-08-25T09:09:36.211764+00:00
107,500-10107,"Knife Gate Valve, 150mm (6""), rubber lined",Valves,Knife Gate Valve,Gamsberg,GSB-MAIN-WH,EA,HIGH,Active,,Highveld Seal Technologies,MP-000107,55753.15,Springbok Bearing & Drive Co (Pty) Ltd,20,30,true,2026-08-25T09:09:36.211764+00:00,2026-08-25T09:09:36.211764+00:00
108,500-10108,"Spherical Roller Bearing 22235, 35mm bore",Bearings,Spherical Roller Bearing 222,BMM,BMM-WORKSHOP-STORE,EA,HIGH,Active,,Namaqua Valve Foundry,MP-000108,38082.55,Karoo Industrial Distributors (Pty) Ltd,12,30,true,2026-08-25T09:09:36.211764+00:00,2026-08-25T09:09:36.211764+00:00
109,500-10109,"Troughing Idler Set, 1200mm belt width, 3-roll",Conveyor Components,Troughing Idler Set,Gamsberg,GSB-MAIN-WH,EA,MEDIUM,Active,,Escarpment Bearing Works,MP-000109,5382.83,Aggeneys Pump Solutions (Pty) Ltd,37,60,true,2026-08-25T09:09:36.211764+00:00,2026-08-25T09:09:36.211764+00:00
110,500-10110,"Deep Groove Ball Bearing 6220-2RS, 20mm bore",Bearings,Deep Groove Ball Bearing 62-2RS,BMM,BMM-WORKSHOP-STORE,EA,HIGH,Active,,Escarpment Valve Foundry,MP-000110,3174.5,Vaal Mining Equipment Traders (Pty) Ltd,29,14,true,2026-08-25T09:09:36.211764+00:00,2026-08-25T09:09:36.211764+00:00
111,500-10111,"Tapered Roller Bearing 32040, 40mm bore",Bearings,Tapered Roller Bearing 320,Gamsberg,GSB-PLANT-STORE,EA,MEDIUM,Obsolete,,Vaal Precision Engineering,MP-000111,3788.56,Lowveld Mining Equipment Traders (Pty) Ltd,8,14,true,2026-08-25T09:09:36.211764+00:00,2026-08-25T09:09:36.211764+00:00
112,500-10112,"Diaphragm Dosing Pump Head Assembly, Low-flow metering",Pumps,Diaphragm Dosing Pump Head Assembly,BMM,BMM-PLANT-STORE,EA,MEDIUM,EOL,,Highveld Valve Foundry,MP-000112,48744.51,Upington Valve & Fittings (Pty) Ltd,27,45,true,2026-08-25T09:09:36.211764+00:00,2026-08-25T09:09:36.211764+00:00
113,500-10113,"Centrifugal Slurry Pump Impeller, Heavy duty slurry, hard metal",Pumps,Centrifugal Slurry Pump Impeller,Gamsberg,GSB-PLANT-STORE,EA,CRITICAL,Active,,Bushveld Valve Foundry,MP-000113,186097.14,Lowveld Valve & Fittings (Pty) Ltd,19,10,true,2026-08-25T09:09:36.211764+00:00,2026-08-25T09:09:36.211764+00:00
114,500-10114,"Tapered Roller Bearing 32090, 90mm bore",Bearings,Tapered Roller Bearing 320,BMM,BMM-MAIN-WH,EA,MEDIUM,Active,,Highveld Pump Manufacturing,MP-000114,7824.22,Kuruman Spares & Components (Pty) Ltd,11,30,true,2026-08-25T09:09:36.211764+00:00,2026-08-25T09:09:36.211764+00:00
115,500-10115,"Ball Mill Grinding Media, 100mm, forged steel balls",Milling Components,Ball Mill Grinding Media,Gamsberg,GSB-MINING-STORE,TON,HIGH,Active,,Highveld Precision Engineering,MP-000115,21756.95,Orange River Electromechanical Ltd (Pty) Ltd,173,45,true,2026-08-25T09:09:36.211764+00:00,2026-08-25T09:09:36.211764+00:00
116,500-10116,"Slip Ring Induction Motor, 55kW, 6-pole",Motors,Slip Ring Induction Motor,BMM,BMM-MAIN-WH,EA,CRITICAL,Active,,Karoo Seal Technologies,MP-000116,120745.34,Orange River Industrial Supplies (Pty) Ltd,27,14,true,2026-08-25T09:09:36.211764+00:00,2026-08-25T09:09:36.211764+00:00
117,500-10117,"Spherical Roller Bearing 22275, 75mm bore",Bearings,Spherical Roller Bearing 222,Gamsberg,GSB-PLANT-STORE,EA,HIGH,Active,,Bushveld Electromechanical Works,MP-000117,22930.85,Springbok Valve & Fittings (Pty) Ltd,13,30,true,2026-08-25T09:09:36.211764+00:00,2026-08-25T09:09:36.211764+00:00
118,500-10118,"Spherical Roller Bearing 22217, 17mm bore",Bearings,Spherical Roller Bearing 222,BMM,BMM-MAIN-WH,EA,HIGH,Active,,Escarpment Wear Parts Casting,MP-000118,29932.97,Vaal Mining Equipment Traders (Pty) Ltd,23,10,true,2026-08-25T09:09:36.211764+00:00,2026-08-25T09:09:36.211764+00:00
119,500-10119,"Tapered Roller Bearing 32017, 17mm bore",Bearings,Tapered Roller Bearing 320,Gamsberg,GSB-MINING-STORE,EA,MEDIUM,Active,,Highveld Bearing Works,MP-000119,4047.87,Waterberg Bearing & Drive Co (Pty) Ltd,32,45,true,2026-08-25T09:09:36.211764+00:00,2026-08-25T09:09:36.211764+00:00
120,500-10120,"Density Meter, nuclear, 50mm (2"") pipe",Instrumentation,Density Meter,BMM,BMM-WORKSHOP-STORE,EA,CRITICAL,Active,,Escarpment Seal Technologies,MP-000120,85904.99,Waterberg Bearing & Drive Co (Pty) Ltd,22,21,true,2026-08-25T09:09:36.211764+00:00,2026-08-25T09:09:36.211764+00:00
121,500-10121,"Circuit Breaker, MCCB, 250A",Electrical Spares,Circuit Breaker,Gamsberg,GSB-MINING-STORE,EA,HIGH,Active,,Highveld Wear Parts Casting,MP-000121,38134.87,Copperton Engineering Supplies (Pty) Ltd,36,60,true,2026-08-25T09:09:36.211764+00:00,2026-08-25T09:09:36.211764+00:00
122,500-10122,"Deep Groove Ball Bearing 6240-2RS, 40mm bore",Bearings,Deep Groove Ball Bearing 62-2RS,BMM,BMM-WORKSHOP-STORE,EA,HIGH,Active,,Bushveld Pump Manufacturing,MP-000122,1718.6,Springbok Bearing & Drive Co (Pty) Ltd,35,10,true,2026-08-25T09:09:36.211764+00:00,2026-08-25T09:09:36.211764+00:00
123,500-10123,"Motor Drive Coupling, elastomeric, rated for 15kW",Motors,Motor Drive Coupling,Gamsberg,GSB-MINING-STORE,EA,MEDIUM,Active,,Karoo Electromechanical Works,MP-000123,25098.68,Springbok Valve & Fittings (Pty) Ltd,3,10,true,2026-08-25T09:09:36.211764+00:00,2026-08-25T09:09:36.211764+00:00
124,500-10124,"Slip Ring Induction Motor, 15kW, 6-pole",Motors,Slip Ring Induction Motor,BMM,BMM-WORKSHOP-STORE,EA,CRITICAL,Active,,Sutherland Valve Foundry,MP-000124,120899.75,Vaal Valve & Fittings (Pty) Ltd,38,45,true,2026-08-25T09:09:36.211764+00:00,2026-08-25T09:09:36.211764+00:00
125,500-10125,"Level Transmitter, ultrasonic, 0-10m range",Instrumentation,Level Transmitter,Gamsberg,GSB-MINING-STORE,EA,HIGH,Active,,Vaal Electromechanical Works,MP-000125,14872.94,Drakensberg Spares & Components (Pty) Ltd,25,10,true,2026-08-25T09:09:36.211764+00:00,2026-08-25T09:09:36.211764+00:00
126,500-10126,"Gland Packing Set, shaft 80mm, PTFE impregnated",Mechanical Seals,Gland Packing Set,BMM,BMM-WORKSHOP-STORE,SET,MEDIUM,EOL,,Copperton Wear Parts Casting,MP-000126,5018.18,Lowveld Valve & Fittings (Pty) Ltd,367,14,true,2026-08-25T09:09:36.211764+00:00,2026-08-25T09:09:36.211764+00:00
127,500-10127,"Crusher Toggle Plate, standard rating",Crusher Components,Crusher Toggle Plate,Gamsberg,GSB-MAIN-WH,EA,HIGH,Active,,Karoo Bearing Works,MP-000127,47517.14,Postmasburg Valve & Fittings (Pty) Ltd,20,21,true,2026-08-25T09:09:36.211764+00:00,2026-08-25T09:09:36.211764+00:00
128,500-10128,"Spherical Roller Bearing 22290, 90mm bore",Bearings,Spherical Roller Bearing 222,BMM,BMM-MAIN-WH,EA,HIGH,Active,,Escarpment Precision Engineering,MP-000128,6972.38,Escarpment Mining Equipment Traders (Pty) Ltd,23,45,true,2026-08-25T09:09:36.211764+00:00,2026-08-25T09:09:36.211764+00:00
129,500-10129,"Slip Ring Induction Motor, 11kW, 6-pole",Motors,Slip Ring Induction Motor,Gamsberg,GSB-PLANT-STORE,EA,CRITICAL,Active,,Vaal Pump Manufacturing,MP-000129,253812.34,Lowveld Valve & Fittings (Pty) Ltd,40,7,true,2026-08-25T09:09:36.211764+00:00,2026-08-25T09:09:36.211764+00:00
130,500-10130,"Butterfly Valve, 200mm (8""), wafer type",Valves,Butterfly Valve,BMM,BMM-WORKSHOP-STORE,EA,MEDIUM,Active,,Vaal Wear Parts Casting,MP-000130,15871.4,Springbok Seals & Sealing Systems (Pty) Ltd,30,7,true,2026-08-25T09:09:36.211764+00:00,2026-08-25T09:09:36.211764+00:00
131,500-10131,"Butterfly Valve, 50mm (2""), wafer type",Valves,Butterfly Valve,Gamsberg,GSB-MAIN-WH,EA,MEDIUM,Active,,Bushveld Wear Parts Casting,MP-000131,18101.17,Upington Valve & Fittings (Pty) Ltd,6,21,true,2026-08-25T09:09:36.211764+00:00,2026-08-25T09:09:36.211764+00:00
132,500-10132,"Diaphragm Dosing Pump Head Assembly, High-head",Pumps,Diaphragm Dosing Pump Head Assembly,BMM,BMM-MAIN-WH,EA,MEDIUM,Active,,Bushveld Seal Technologies,MP-000132,42833.28,,27,7,true,2026-08-25T09:09:36.211764+00:00,2026-08-25T09:09:36.211764+00:00
133,500-10133,"TEFC Induction Motor, 11kW, 4-pole, IE3",Motors,TEFC Induction Motor,Gamsberg,GSB-PLANT-STORE,EA,HIGH,Active,,Sutherland Wear Parts Casting,MP-000133,104520.47,Kuruman Pump Solutions (Pty) Ltd,21,30,true,2026-08-25T09:09:36.211764+00:00,2026-08-25T09:09:36.211764+00:00
134,500-10134,"Pinch Valve, 50mm (2""), slurry service",Valves,Pinch Valve,BMM,BMM-MAIN-WH,EA,HIGH,Active,,Escarpment Electromechanical Works,MP-000134,52959.07,Escarpment Seals & Sealing Systems (Pty) Ltd,21,7,true,2026-08-25T09:09:36.211764+00:00,2026-08-25T09:09:36.211764+00:00
135,500-10135,"Level Transmitter, ultrasonic, 0-20m range",Instrumentation,Level Transmitter,Gamsberg,GSB-MAIN-WH,EA,HIGH,Active,,Namaqua Seal Technologies,MP-000135,42300.89,Aggeneys Pump Solutions (Pty) Ltd,5,14,true,2026-08-25T09:09:36.211764+00:00,2026-08-25T09:09:36.211764+00:00
136,500-10136,"Troughing Idler Set, 800mm belt width, 3-roll",Conveyor Components,Troughing Idler Set,BMM,BMM-PLANT-STORE,EA,MEDIUM,Active,,Vaal Seal Technologies,MP-000136,4836.02,Springbok Valve & Fittings (Pty) Ltd,19,7,true,2026-08-25T09:09:36.211764+00:00,2026-08-25T09:09:36.211764+00:00
137,500-10137,"Pressure Transmitter, 0-10 bar range, 4-20mA",Instrumentation,Pressure Transmitter,Gamsberg,GSB-MAIN-WH,EA,HIGH,Active,,Namaqua Pump Manufacturing,MP-000137,20688.55,Lowveld Valve & Fittings (Pty) Ltd,18,45,true,2026-08-25T09:09:36.211764+00:00,2026-08-25T09:09:36.211764+00:00
138,500-10138,"Centrifugal Slurry Pump Casing Liner, High-head",Pumps,Centrifugal Slurry Pump Casing Liner,BMM,BMM-WORKSHOP-STORE,EA,HIGH,Active,,Vaal Bearing Works,MP-000138,25612.62,Karoo Industrial Distributors (Pty) Ltd,5,45,true,2026-08-25T09:09:36.211764+00:00,2026-08-25T09:09:36.211764+00:00
139,500-10139,"Tapered Roller Bearing 32075, 75mm bore",Bearings,Tapered Roller Bearing 320,Gamsberg,GSB-PLANT-STORE,EA,MEDIUM,EOL,,Vaal Valve Foundry,MP-000139,5188.56,Bushveld Spares & Components (Pty) Ltd,25,7,true,2026-08-25T09:09:36.211764+00:00,2026-08-25T09:09:36.211764+00:00
140,500-10140,"Gland Packing Set, shaft 25mm, PTFE impregnated",Mechanical Seals,Gland Packing Set,BMM,BMM-WORKSHOP-STORE,SET,MEDIUM,EOL,,Karoo Valve Foundry,MP-000140,3153.31,Springbok Industrial Supplies (Pty) Ltd,434,60,true,2026-08-25T09:09:36.211764+00:00,2026-08-25T09:09:36.211764+00:00
141,500-10141,"Tapered Roller Bearing 32020, 20mm bore",Bearings,Tapered Roller Bearing 320,Gamsberg,GSB-PLANT-STORE,EA,MEDIUM,Active,,Copperton Electromechanical Works,MP-000141,8555.29,Lowveld Valve & Fittings (Pty) Ltd,6,7,true,2026-08-25T09:09:36.211764+00:00,2026-08-25T09:09:36.211764+00:00
142,500-10142,"Seal Support System, API Plan 32, shaft 100mm",Mechanical Seals,Seal Support System,BMM,BMM-MAIN-WH,EA,HIGH,Active,,Copperton Precision Engineering,MP-000142,74674.09,Bushveld Engineering Supplies (Pty) Ltd,9,7,true,2026-08-25T09:09:36.211764+00:00,2026-08-25T09:09:36.211764+00:00
143,500-10143,"MCC Contactor, 150A, 3-pole",Electrical Spares,MCC Contactor,Gamsberg,GSB-MAIN-WH,EA,HIGH,Active,,Karoo Wear Parts Casting,MP-000143,23866.39,Escarpment Seals & Sealing Systems (Pty) Ltd,11,60,true,2026-08-25T09:09:36.211764+00:00,2026-08-25T09:09:36.211764+00:00
144,500-10144,"TEFC Induction Motor, 7.5kW, 4-pole, IE3",Motors,TEFC Induction Motor,BMM,BMM-PLANT-STORE,EA,HIGH,Active,,Copperton Valve Foundry,MP-000144,70328.35,Escarpment Mining Equipment Traders (Pty) Ltd,1,60,true,2026-08-25T09:09:36.211764+00:00,2026-08-25T09:09:36.211764+00:00
145,500-10145,"Vertical Sump Pump Shaft Assembly, Medium duty",Pumps,Vertical Sump Pump Shaft Assembly,Gamsberg,GSB-MAIN-WH,EA,HIGH,Active,,Copperton Pump Manufacturing,MP-000145,66258.87,Lowveld Electromechanical Ltd (Pty) Ltd,16,30,true,2026-08-25T09:09:36.211764+00:00,2026-08-25T09:09:36.211764+00:00
146,500-10146,"Deep Groove Ball Bearing 6260-2RS, 60mm bore",Bearings,Deep Groove Ball Bearing 62-2RS,BMM,BMM-MAIN-WH,EA,HIGH,Active,,Copperton Bearing Works,MP-000146,1982.08,Northern Cape Industrial Distributors (Pty) Ltd,12,60,true,2026-08-25T09:09:36.211764+00:00,2026-08-25T09:09:36.211764+00:00
147,500-10147,"Cone Crusher Concave Ring, extra-coarse profile",Crusher Components,Cone Crusher Concave Ring,Gamsberg,GSB-PLANT-STORE,EA,CRITICAL,Active,,Copperton Seal Technologies,MP-000147,194089.56,Orange River Engineering Supplies (Pty) Ltd,29,10,true,2026-08-25T09:09:36.211764+00:00,2026-08-25T09:09:36.211764+00:00
148,500-10148,"Cone Crusher Concave Ring, coarse profile",Crusher Components,Cone Crusher Concave Ring,BMM,BMM-PLANT-STORE,EA,CRITICAL,Active,,Namaqua Precision Engineering,MP-000148,194903.09,Kuruman Pump Solutions (Pty) Ltd,16,60,true,2026-08-25T09:09:36.211764+00:00,2026-08-25T09:09:36.211764+00:00
149,500-10149,"Spherical Roller Bearing 22225, 25mm bore",Bearings,Spherical Roller Bearing 222,Gamsberg,GSB-PLANT-STORE,EA,HIGH,Active,,Sutherland Pump Manufacturing,MP-000149,35101.23,Kimberley Pump Solutions (Pty) Ltd,40,7,true,2026-08-25T09:09:36.211764+00:00,2026-08-25T09:09:36.211764+00:00
150,500-10150,"Conveyor Belt, steel cord, 1400mm width",Conveyor Components,Conveyor Belt,BMM,BMM-PLANT-STORE,M,HIGH,EOL,,Karoo Pump Manufacturing,MP-000150,982.3,Lowveld Valve & Fittings (Pty) Ltd,129,60,true,2026-08-25T09:09:36.211764+00:00,2026-08-25T09:09:36.211764+00:00
151,500-10151,"Mechanical Seal, shaft 38mm, tungsten carbide faces",Mechanical Seals,Mechanical Seal,Gamsberg,GSB-PLANT-STORE,EA,HIGH,Active,,Namaqua Wear Parts Casting,MP-000151,20387.85,Escarpment Mining Equipment Traders (Pty) Ltd,32,60,true,2026-08-25T09:09:36.211764+00:00,2026-08-25T09:09:36.211764+00:00
152,500-10152,"Butterfly Valve, 150mm (6""), wafer type",Valves,Butterfly Valve,BMM,BMM-PLANT-STORE,EA,MEDIUM,Active,,Karoo Precision Engineering,MP-000152,21291.31,Escarpment Valve & Fittings (Pty) Ltd,16,7,true,2026-08-25T09:09:36.211764+00:00,2026-08-25T09:09:36.211764+00:00
153,500-10153,"Density Meter, nuclear, 40mm (1.5"") pipe",Instrumentation,Density Meter,Gamsberg,GSB-PLANT-STORE,EA,CRITICAL,Active,,Namaqua Electromechanical Works,MP-000153,132328.14,Springbok Industrial Supplies (Pty) Ltd,1,30,true,2026-08-25T09:09:36.211764+00:00,2026-08-25T09:09:36.211764+00:00
154,500-10154,"Motor Drive Coupling, elastomeric, rated for 55kW",Motors,Motor Drive Coupling,BMM,BMM-PLANT-STORE,EA,MEDIUM,Active,,Sutherland Precision Engineering,MP-000154,15171.71,Escarpment Seals & Sealing Systems (Pty) Ltd,10,14,true,2026-08-25T09:09:36.211764+00:00,2026-08-25T09:09:36.211764+00:00
155,500-10155,"Butterfly Valve, 100mm (4""), wafer type",Valves,Butterfly Valve,Gamsberg,GSB-MAIN-WH,EA,MEDIUM,Active,,Bushveld Precision Engineering,MP-000155,35311.37,Springbok Valve & Fittings (Pty) Ltd,23,60,true,2026-08-25T09:09:36.211764+00:00,2026-08-25T09:09:36.211764+00:00
156,500-10156,"Slip Ring Induction Motor, 30kW, 6-pole",Motors,Slip Ring Induction Motor,BMM,BMM-MAIN-WH,EA,CRITICAL,Active,,Escarpment Pump Manufacturing,MP-000156,68646.51,Escarpment Mining Equipment Traders (Pty) Ltd,37,10,true,2026-08-25T09:09:36.211764+00:00,2026-08-25T09:09:36.211764+00:00
157,500-10157,"TEFC Induction Motor, 55kW, 4-pole, IE3",Motors,TEFC Induction Motor,Gamsberg,GSB-MAIN-WH,EA,HIGH,Active,,Bushveld Bearing Works,MP-000157,175784.09,Vaal Valve & Fittings (Pty) Ltd,40,30,true,2026-08-25T09:09:36.211764+00:00,2026-08-25T09:09:36.211764+00:00
158,500-10158,"Motor Drive Coupling, elastomeric, rated for 45kW",Motors,Motor Drive Coupling,BMM,BMM-WORKSHOP-STORE,EA,MEDIUM,Active,,Highveld Electromechanical Works,MP-000158,11178.87,Kuruman Pump Solutions (Pty) Ltd,1,21,true,2026-08-25T09:09:36.211764+00:00,2026-08-25T09:09:36.211764+00:00
159,500-10159,"Pinch Valve, 80mm (3""), slurry service",Valves,Pinch Valve,Gamsberg,GSB-PLANT-STORE,EA,HIGH,Active,,Sutherland Bearing Works,MP-000159,60869.88,Northern Cape Engineering Supplies (Pty) Ltd,19,30,true,2026-08-25T09:09:36.211764+00:00,2026-08-25T09:09:36.211764+00:00
160,500-10160,"Deep Groove Ball Bearing 6290-2RS, 90mm bore",Bearings,Deep Groove Ball Bearing 62-2RS,BMM,BMM-WORKSHOP-STORE,EA,HIGH,Active,,Namaqua Bearing Works,MP-000160,1116.26,Bushveld Pump Solutions (Pty) Ltd,19,10,true,2026-08-25T09:09:36.211764+00:00,2026-08-25T09:09:36.211764+00:00
161,500-10161,"Pressure Transmitter, 0-100 bar range, 4-20mA",Instrumentation,Pressure Transmitter,Gamsberg,GSB-MAIN-WH,EA,HIGH,Active,,Sutherland Seal Technologies,MP-000161,15953.87,Lowveld Valve & Fittings (Pty) Ltd,9,60,true,2026-08-25T09:09:36.211764+00:00,2026-08-25T09:09:36.211764+00:00
162,500-10162,"Pillow Block Bearing Unit UCP290, 90mm shaft",Bearings,Pillow Block Bearing Unit UCP2,BMM,BMM-PLANT-STORE,EA,MEDIUM,Active,,Sutherland Electromechanical Works,MP-000162,1429.09,Upington Mining Equipment Traders (Pty) Ltd,1,10,true,2026-08-25T09:09:36.211764+00:00,2026-08-25T09:09:36.211764+00:00
163,500-10163,"Variable Speed Drive, 55kW",Electrical Spares,Variable Speed Drive,Gamsberg,GSB-MAIN-WH,EA,CRITICAL,Obsolete,,Highveld Seal Technologies,MP-000163,243738.11,Orange River Industrial Supplies (Pty) Ltd,3,7,true,2026-08-25T09:09:36.211764+00:00,2026-08-25T09:09:36.211764+00:00
164,500-10164,"Ball Mill Grinding Media, 60mm, forged steel balls",Milling Components,Ball Mill Grinding Media,BMM,BMM-WORKSHOP-STORE,TON,HIGH,Active,,Namaqua Valve Foundry,MP-000164,22341.5,Lowveld Valve & Fittings (Pty) Ltd,383,45,true,2026-08-25T09:09:36.211764+00:00,2026-08-25T09:09:36.211764+00:00
165,500-10165,"Tapered Roller Bearing 32060, 60mm bore",Bearings,Tapered Roller Bearing 320,Gamsberg,GSB-PLANT-STORE,EA,MEDIUM,Active,,Escarpment Bearing Works,MP-000165,12753.57,Bushveld Spares & Components (Pty) Ltd,1,7,true,2026-08-25T09:09:36.211764+00:00,2026-08-25T09:09:36.211764+00:00
166,500-10166,"Variable Speed Drive, 7.5kW",Electrical Spares,Variable Speed Drive,BMM,BMM-PLANT-STORE,EA,CRITICAL,Active,,Escarpment Valve Foundry,MP-000166,206468.0,Highveld Mining Equipment Traders (Pty) Ltd,28,14,true,2026-08-25T09:09:36.211764+00:00,2026-08-25T09:09:36.211764+00:00
167,500-10167,"Froth Paddle Assembly, medium cell",Flotation Components,Froth Paddle Assembly,Gamsberg,GSB-PLANT-STORE,EA,MEDIUM,EOL,,Vaal Precision Engineering,MP-000167,32457.88,Postmasburg Valve & Fittings (Pty) Ltd,30,10,true,2026-08-25T09:09:36.211764+00:00,2026-08-25T09:09:36.211764+00:00
168,500-10168,"Circuit Breaker, MCCB, 1000A",Electrical Spares,Circuit Breaker,BMM,BMM-MAIN-WH,EA,HIGH,Active,,Highveld Valve Foundry,MP-000168,6523.1,Vaal Mining Equipment Traders (Pty) Ltd,34,21,true,2026-08-25T09:09:36.211764+00:00,2026-08-25T09:09:36.211764+00:00
169,500-10169,"TEFC Induction Motor, 45kW, 4-pole, IE3",Motors,TEFC Induction Motor,Gamsberg,GSB-PLANT-STORE,EA,HIGH,Active,,Bushveld Valve Foundry,MP-000169,150314.61,Bushveld Spares & Components (Pty) Ltd,3,7,true,2026-08-25T09:09:36.211764+00:00,2026-08-25T09:09:36.211764+00:00
170,500-10170,"Spherical Roller Bearing 22220, 20mm bore",Bearings,Spherical Roller Bearing 222,BMM,BMM-WORKSHOP-STORE,EA,HIGH,Active,,Highveld Pump Manufacturing,MP-000170,30618.9,Highveld Mining Equipment Traders (Pty) Ltd,16,7,true,2026-08-25T09:09:36.211764+00:00,2026-08-25T09:09:36.211764+00:00
171,500-10171,"Motor Drive Coupling, elastomeric, rated for 11kW",Motors,Motor Drive Coupling,Gamsberg,GSB-PLANT-STORE,EA,MEDIUM,Active,,Highveld Precision Engineering,MP-000171,7125.84,Northern Cape Industrial Distributors (Pty) Ltd,10,7,true,2026-08-25T09:09:36.211764+00:00,2026-08-25T09:09:36.211764+00:00
172,500-10172,"Knife Gate Valve, 200mm (8""), rubber lined",Valves,Knife Gate Valve,BMM,BMM-MAIN-WH,EA,HIGH,Active,,Karoo Seal Technologies,MP-000172,62286.92,Lowveld Valve & Fittings (Pty) Ltd,20,30,true,2026-08-25T09:09:36.211764+00:00,2026-08-25T09:09:36.211764+00:00
173,500-10173,"Spherical Roller Bearing 22240, 40mm bore",Bearings,Spherical Roller Bearing 222,Gamsberg,GSB-PLANT-STORE,EA,HIGH,Active,,Bushveld Electromechanical Works,MP-000173,21276.76,Northern Cape Engineering Supplies (Pty) Ltd,32,60,true,2026-08-25T09:09:36.211764+00:00,2026-08-25T09:09:36.211764+00:00
174,500-10174,"Flotation Cell Stator, medium cell",Flotation Components,Flotation Cell Stator,BMM,BMM-WORKSHOP-STORE,EA,HIGH,Active,,Escarpment Wear Parts Casting,MP-000174,43913.98,Bushveld Spares & Components (Pty) Ltd,40,45,true,2026-08-25T09:09:36.211764+00:00,2026-08-25T09:09:36.211764+00:00
175,500-10175,"Impact Idler, 650mm belt width, rubber disc",Conveyor Components,Impact Idler,Gamsberg,GSB-MINING-STORE,EA,MEDIUM,Active,,Highveld Bearing Works,MP-000175,2187.57,Orange River Engineering Supplies (Pty) Ltd,4,14,true,2026-08-25T09:09:36.211764+00:00,2026-08-25T09:09:36.211764+00:00
176,500-10176,"Gland Packing Set, shaft 65mm, PTFE impregnated",Mechanical Seals,Gland Packing Set,BMM,BMM-WORKSHOP-STORE,SET,MEDIUM,Active,,Escarpment Seal Technologies,MP-000176,5255.05,Northern Cape Engineering Supplies (Pty) Ltd,256,60,true,2026-08-25T09:09:36.211764+00:00,2026-08-25T09:09:36.211764+00:00
177,500-10177,"Pillow Block Bearing Unit UCP225, 25mm shaft",Bearings,Pillow Block Bearing Unit UCP2,Gamsberg,GSB-MAIN-WH,EA,MEDIUM,Obsolete,,Highveld Wear Parts Casting,MP-000177,9082.58,Escarpment Seals & Sealing Systems (Pty) Ltd,25,45,true,2026-08-25T09:09:36.211764+00:00,2026-08-25T09:09:36.211764+00:00
178,500-10178,"Butterfly Valve, 25mm (1""), wafer type",Valves,Butterfly Valve,BMM,BMM-WORKSHOP-STORE,EA,MEDIUM,Active,,Bushveld Pump Manufacturing,MP-000178,4189.04,Springbok Bearing & Drive Co (Pty) Ltd,22,10,true,2026-08-25T09:09:36.211764+00:00,2026-08-25T09:09:36.211764+00:00
179,500-10179,"Jaw Crusher Fixed Jaw Plate, corrugated, manganese steel",Crusher Components,Jaw Crusher Fixed Jaw Plate,Gamsberg,GSB-MAIN-WH,EA,CRITICAL,EOL,,Karoo Electromechanical Works,MP-000179,37295.18,Orange River Electromechanical Ltd (Pty) Ltd,16,10,true,2026-08-25T09:09:36.211764+00:00,2026-08-25T09:09:36.211764+00:00
180,500-10180,"Pressure Transmitter, 0-40 bar range, 4-20mA",Instrumentation,Pressure Transmitter,BMM,BMM-WORKSHOP-STORE,EA,HIGH,Active,,Sutherland Valve Foundry,MP-000180,17395.14,Lowveld Valve & Fittings (Pty) Ltd,37,45,true,2026-08-25T09:09:36.211764+00:00,2026-08-25T09:09:36.211764+00:00
181,500-10181,"Seal Support System, API Plan 32, shaft 65mm",Mechanical Seals,Seal Support System,Gamsberg,GSB-PLANT-STORE,EA,HIGH,Active,,Vaal Electromechanical Works,MP-000181,88860.02,Northern Cape Industrial Distributors (Pty) Ltd,10,45,true,2026-08-25T09:09:36.211764+00:00,2026-08-25T09:09:36.211764+00:00
182,500-10182,"Impact Idler, 1600mm belt width, rubber disc",Conveyor Components,Impact Idler,BMM,BMM-PLANT-STORE,EA,MEDIUM,Active,,Copperton Wear Parts Casting,MP-000182,2263.39,Upington Mining Equipment Traders (Pty) Ltd,9,14,true,2026-08-25T09:09:36.211764+00:00,2026-08-25T09:09:36.211764+00:00
183,500-10183,"Pillow Block Bearing Unit UCP235, 35mm shaft",Bearings,Pillow Block Bearing Unit UCP2,Gamsberg,GSB-MINING-STORE,EA,MEDIUM,Active,,Karoo Bearing Works,MP-000183,6033.78,Upington Mining Equipment Traders (Pty) Ltd,23,10,true,2026-08-25T09:09:36.211764+00:00,2026-08-25T09:09:36.211764+00:00
184,500-10184,"Diaphragm Dosing Pump Head Assembly, Medium duty",Pumps,Diaphragm Dosing Pump Head Assembly,BMM,BMM-WORKSHOP-STORE,EA,MEDIUM,Active,,Escarpment Precision Engineering,MP-000184,38690.35,Springbok Seals & Sealing Systems (Pty) Ltd,2,7,true,2026-08-25T09:09:36.211764+00:00,2026-08-25T09:09:36.211764+00:00
185,500-10185,"Power Cable, XLPE armoured, 4-core 35mm2",Electrical Spares,Power Cable,Gamsberg,GSB-MAIN-WH,M,MEDIUM,Active,,Vaal Pump Manufacturing,MP-000185,1027.99,Highveld Mining Equipment Traders (Pty) Ltd,140,60,true,2026-08-25T09:09:36.211764+00:00,2026-08-25T09:09:36.211764+00:00
186,500-10186,"SAG Mill Liner Plate, lifter bar, chrome-moly steel",Milling Components,SAG Mill Liner Plate,BMM,BMM-PLANT-STORE,EA,CRITICAL,EOL,,Vaal Wear Parts Casting,MP-000186,71606.85,Kalahari Bearing & Drive Co (Pty) Ltd,19,7,true,2026-08-25T09:09:36.211764+00:00,2026-08-25T09:09:36.211764+00:00
187,500-10187,"Ball Mill Grinding Media, 40mm, forged steel balls",Milling Components,Ball Mill Grinding Media,Gamsberg,GSB-MAIN-WH,TON,HIGH,Active,,Bushveld Wear Parts Casting,MP-000187,22149.24,Karoo Industrial Distributors (Pty) Ltd,129,7,true,2026-08-25T09:09:36.211764+00:00,2026-08-25T09:09:36.211764+00:00
188,500-10188,"Centrifugal Slurry Pump Casing Liner, Low-flow metering",Pumps,Centrifugal Slurry Pump Casing Liner,BMM,BMM-WORKSHOP-STORE,EA,HIGH,EOL,,Bushveld Seal Technologies,MP-000188,57634.51,Upington Valve & Fittings (Pty) Ltd,9,14,true,2026-08-25T09:09:36.211764+00:00,2026-08-25T09:09:36.211764+00:00
189,500-10189,"Flow Meter, magnetic, 40mm (1.5"")",Instrumentation,Flow Meter,Gamsberg,GSB-MINING-STORE,EA,HIGH,Active,,Sutherland Wear Parts Casting,MP-000189,78422.65,Bushveld Engineering Supplies (Pty) Ltd,3,45,true,2026-08-25T09:09:36.211764+00:00,2026-08-25T09:09:36.211764+00:00
190,500-10190,"Mill Trunnion Bearing Liner, feed end",Milling Components,Mill Trunnion Bearing Liner,BMM,BMM-MAIN-WH,EA,CRITICAL,EOL,,Escarpment Electromechanical Works,MP-000190,101965.48,Springbok Bearing & Drive Co (Pty) Ltd,37,60,true,2026-08-25T09:09:36.211764+00:00,2026-08-25T09:09:36.211764+00:00
191,500-10191,"Spherical Roller Bearing 22260, 60mm bore",Bearings,Spherical Roller Bearing 222,Gamsberg,GSB-MINING-STORE,EA,HIGH,Active,,Namaqua Seal Technologies,MP-000191,25721.85,Bushveld Engineering Supplies (Pty) Ltd,32,7,true,2026-08-25T09:09:36.211764+00:00,2026-08-25T09:09:36.211764+00:00
192,500-10192,"Pillow Block Bearing Unit UCP217, 17mm shaft",Bearings,Pillow Block Bearing Unit UCP2,BMM,BMM-PLANT-STORE,EA,MEDIUM,Active,,Vaal Seal Technologies,MP-000192,8415.94,Copperton Engineering Supplies (Pty) Ltd,36,30,true,2026-08-25T09:09:36.211764+00:00,2026-08-25T09:09:36.211764+00:00
193,500-10193,"Ball Valve, 50mm (2""), full bore, stainless trim",Valves,Ball Valve,Gamsberg,GSB-MINING-STORE,EA,MEDIUM,Active,,Namaqua Pump Manufacturing,MP-000193,2332.44,Bushveld Spares & Components (Pty) Ltd,7,45,true,2026-08-25T09:09:36.211764+00:00,2026-08-25T09:09:36.211764+00:00
194,500-10194,"Flow Meter, magnetic, 25mm (1"")",Instrumentation,Flow Meter,BMM,BMM-PLANT-STORE,EA,HIGH,Active,,Vaal Bearing Works,MP-000194,101732.43,Upington Valve & Fittings (Pty) Ltd,3,60,true,2026-08-25T09:09:36.211764+00:00,2026-08-25T09:09:36.211764+00:00
195,500-10195,"Froth Paddle Assembly, tank cell",Flotation Components,Froth Paddle Assembly,Gamsberg,GSB-MAIN-WH,EA,MEDIUM,Active,,Vaal Valve Foundry,MP-000195,27805.25,Vaal Mining Equipment Traders (Pty) Ltd,32,60,true,2026-08-25T09:09:36.211764+00:00,2026-08-25T09:09:36.211764+00:00
196,500-10196,"Impact Idler, 800mm belt width, rubber disc",Conveyor Components,Impact Idler,BMM,BMM-PLANT-STORE,EA,MEDIUM,Active,,Karoo Valve Foundry,MP-000196,4061.23,Lowveld Electromechanical Ltd (Pty) Ltd,26,60,true,2026-08-25T09:09:36.211764+00:00,2026-08-25T09:09:36.211764+00:00
197,500-10197,"Slip Ring Induction Motor, 75kW, 6-pole",Motors,Slip Ring Induction Motor,Gamsberg,GSB-MAIN-WH,EA,CRITICAL,Obsolete,,Copperton Electromechanical Works,MP-000197,268219.41,Postmasburg Valve & Fittings (Pty) Ltd,36,7,true,2026-08-25T09:09:36.211764+00:00,2026-08-25T09:09:36.211764+00:00
198,500-10198,"Knife Gate Valve, 80mm (3""), rubber lined",Valves,Knife Gate Valve,BMM,BMM-WORKSHOP-STORE,EA,HIGH,Active,,Copperton Precision Engineering,MP-000198,66522.07,Orange River Bearing & Drive Co (Pty) Ltd,1,21,true,2026-08-25T09:09:36.211764+00:00,2026-08-25T09:09:36.211764+00:00
199,500-10199,"Impact Idler, 1000mm belt width, rubber disc",Conveyor Components,Impact Idler,Gamsberg,GSB-MINING-STORE,EA,MEDIUM,Active,,Karoo Wear Parts Casting,MP-000199,2244.22,Orange River Electromechanical Ltd (Pty) Ltd,36,10,true,2026-08-25T09:09:36.211764+00:00,2026-08-25T09:09:36.211764+00:00
200,500-10200,"Froth Paddle Assembly, small cell",Flotation Components,Froth Paddle Assembly,BMM,BMM-WORKSHOP-STORE,EA,MEDIUM,Active,,Copperton Valve Foundry,MP-000200,29670.99,Bushveld Engineering Supplies (Pty) Ltd,18,21,true,2026-08-25T09:09:36.211764+00:00,2026-08-25T09:09:36.211764+00:00
201,500-10201,"Cone Crusher Mantle, standard profile",Crusher Components,Cone Crusher Mantle,Gamsberg,GSB-MAIN-WH,EA,CRITICAL,Active,,Copperton Pump Manufacturing,MP-000201,455395.67,Lowveld Valve & Fittings (Pty) Ltd,6,60,true,2026-08-25T09:09:36.211764+00:00,2026-08-25T09:09:36.211764+00:00
202,500-10202,"Flow Meter, magnetic, 80mm (3"")",Instrumentation,Flow Meter,BMM,BMM-WORKSHOP-STORE,EA,HIGH,Active,,Copperton Bearing Works,MP-000202,121045.21,Northern Cape Industrial Distributors (Pty) Ltd,16,10,true,2026-08-25T09:09:36.211764+00:00,2026-08-25T09:09:36.211764+00:00
203,500-10203,"Density Meter, nuclear, 100mm (4"") pipe",Instrumentation,Density Meter,Gamsberg,GSB-MAIN-WH,EA,CRITICAL,Active,,Copperton Seal Technologies,MP-000203,179834.65,Orange River Engineering Supplies (Pty) Ltd,25,60,true,2026-08-25T09:09:36.211764+00:00,2026-08-25T09:09:36.211764+00:00
204,500-10204,"Slip Ring Induction Motor, 22kW, 6-pole",Motors,Slip Ring Induction Motor,BMM,BMM-WORKSHOP-STORE,EA,CRITICAL,Obsolete,,Namaqua Precision Engineering,MP-000204,74545.2,Postmasburg Valve & Fittings (Pty) Ltd,22,60,true,2026-08-25T09:09:36.211764+00:00,2026-08-25T09:09:36.211764+00:00
205,500-10205,"Centrifugal Slurry Pump Casing Liner, Light duty",Pumps,Centrifugal Slurry Pump Casing Liner,Gamsberg,GSB-MINING-STORE,EA,HIGH,Obsolete,,Sutherland Pump Manufacturing,MP-000205,45970.92,Springbok Seals & Sealing Systems (Pty) Ltd,18,14,true,2026-08-25T09:09:36.211764+00:00,2026-08-25T09:09:36.211764+00:00
206,500-10206,Rep Service - contracted field technician,Services,Rep Service,Gamsberg,GSB-MAIN-WH,EA,MEDIUM,Active,SVC-REP-01,,,6903.18,,0,5,true,2026-08-25T09:09:36.211764+00:00,2026-08-25T09:09:36.211764+00:00
207,500-10207,Rep Service - contracted field technician,Services,Rep Service,BMM,BMM-WORKSHOP-STORE,EA,MEDIUM,Active,SVC-REP-02,,,39207.84,,0,7,true,2026-08-25T09:09:36.211764+00:00,2026-08-25T09:09:36.211764+00:00
208,500-10208,Rep Service - contracted field technician,Services,Rep Service,Gamsberg,GSB-MAIN-WH,EA,MEDIUM,Active,SVC-REP-03,,,9602.53,,0,5,true,2026-08-25T09:09:36.211764+00:00,2026-08-25T09:09:36.211764+00:00
209,500-10209,Ins Service - contracted field technician,Services,Ins Service,BMM,BMM-PLANT-STORE,EA,MEDIUM,Active,SVC-INS-01,,,26753.46,,0,10,true,2026-08-25T09:09:36.211764+00:00,2026-08-25T09:09:36.211764+00:00
210,500-10210,Ins Service - contracted field technician,Services,Ins Service,Gamsberg,GSB-MINING-STORE,EA,MEDIUM,Active,SVC-INS-02,,,9231.74,,0,7,true,2026-08-25T09:09:36.211764+00:00,2026-08-25T09:09:36.211764+00:00
211,500-10211,Ins Service - contracted field technician,Services,Ins Service,BMM,BMM-MAIN-WH,EA,MEDIUM,Active,SVC-INS-03,,,36218.14,,0,3,true,2026-08-25T09:09:36.211764+00:00,2026-08-25T09:09:36.211764+00:00
212,500-10212,Cal Service - contracted field technician,Services,Cal Service,Gamsberg,GSB-MAIN-WH,EA,MEDIUM,Active,SVC-CAL-01,,,7974.11,,0,10,true,2026-08-25T09:09:36.211764+00:00,2026-08-25T09:09:36.211764+00:00
213,500-10213,Cal Service - contracted field technician,Services,Cal Service,BMM,BMM-PLANT-STORE,EA,MEDIUM,Active,SVC-CAL-02,,,30148.14,,0,10,true,2026-08-25T09:09:36.211764+00:00,2026-08-25T09:09:36.211764+00:00
214,500-10214,Cal Service - contracted field technician,Services,Cal Service,Gamsberg,GSB-MINING-STORE,EA,MEDIUM,Active,SVC-CAL-03,,,14954.32,,0,5,true,2026-08-25T09:09:36.211764+00:00,2026-08-25T09:09:36.211764+00:00
215,500-10215,Ins Service - contracted field technician,Services,Ins Service,BMM,BMM-WORKSHOP-STORE,EA,MEDIUM,Active,SVC-INS-01,,,27948.7,,0,3,true,2026-08-25T09:09:36.211764+00:00,2026-08-25T09:09:36.211764+00:00
216,500-10216,Ins Service - contracted field technician,Services,Ins Service,Gamsberg,GSB-MINING-STORE,EA,MEDIUM,Active,SVC-INS-02,,,27169.29,,0,10,true,2026-08-25T09:09:36.211764+00:00,2026-08-25T09:09:36.211764+00:00
217,500-10217,Ins Service - contracted field technician,Services,Ins Service,BMM,BMM-WORKSHOP-STORE,EA,MEDIUM,Active,SVC-INS-03,,,38252.69,,0,3,true,2026-08-25T09:09:36.211764+00:00,2026-08-25T09:09:36.211764+00:00
218,500-10218,Ref Service - contracted field technician,Services,Ref Service,Gamsberg,GSB-MAIN-WH,EA,MEDIUM,Active,SVC-REF-01,,,16096.17,,0,5,true,2026-08-25T09:09:36.211764+00:00,2026-08-25T09:09:36.211764+00:00
219,500-10219,Ref Service - contracted field technician,Services,Ref Service,BMM,BMM-MAIN-WH,EA,MEDIUM,Active,SVC-REF-02,,,31123.03,,0,7,true,2026-08-25T09:09:36.211764+00:00,2026-08-25T09:09:36.211764+00:00
220,500-10220,Ref Service - contracted field technician,Services,Ref Service,Gamsberg,GSB-MINING-STORE,EA,MEDIUM,Active,SVC-REF-03,,,13417.21,,0,10,true,2026-08-25T09:09:36.211764+00:00,2026-08-25T09:09:36.211764+00:00
