id,po_number,pr_id,supplier_id,creation_date,expected_delivery,status,total_value,buyer_id,doc_type
1,RPO-3001,1,37,2026-02-16,2026-04-09,COMPLETED,190413.9,5,REPAIR
2,RPO-3002,2,3,2026-03-15,2026-04-17,COMPLETED,127894.86,12,REPAIR
3,RPO-3003,3,12,2026-06-02,2026-07-09,COMPLETED,42924.58,12,REPAIR
4,RPO-3004,4,22,2026-05-03,2026-05-25,COMPLETED,47692.88,24,REPAIR
5,RPO-3005,5,37,2026-07-26,2026-09-07,OPEN,19504.36,13,REPAIR
6,RPO-3006,7,39,2026-06-28,2026-08-14,OPEN,47692.88,24,REPAIR
7,RPO-3007,8,15,2026-05-25,2026-06-23,COMPLETED,91536.3,24,REPAIR
8,RPO-3008,9,6,2026-05-02,2026-05-27,COMPLETED,3086.79,5,REPAIR
9,RPO-3009,10,4,2026-08-10,2026-09-15,OPEN,21792.84,24,REPAIR
10,RPO-3010,11,31,2026-06-22,2026-08-03,OPEN,6972.8,24,REPAIR
11,RPO-3011,12,12,2026-07-19,2026-09-17,OPEN,1493.79,5,REPAIR
12,RPO-3012,13,34,2026-07-29,2026-09-20,OPEN,42924.58,24,REPAIR
13,RPO-3013,15,1,2026-08-08,2026-09-06,OPEN,44302.89,12,REPAIR
14,RPO-3014,16,3,2026-08-05,2026-09-22,OPEN,86838.0,24,REPAIR
15,RPO-3015,17,13,2026-06-08,2026-07-22,OPEN,18282.74,12,REPAIR
16,RPO-3016,18,8,2026-04-21,2026-05-15,COMPLETED,6104.3,12,REPAIR
17,RPO-3017,21,36,2026-06-24,2026-08-04,COMPLETED,17197.38,5,REPAIR
18,RPO-3018,22,32,2026-03-09,2026-05-06,COMPLETED,29535.26,5,REPAIR
19,RPO-3019,23,20,2026-06-16,2026-07-22,OPEN,36307.74,5,REPAIR
20,RPO-3020,24,1,2026-07-16,2026-08-09,COMPLETED,30512.1,5,REPAIR
21,RPO-3021,25,13,2026-05-29,2026-07-27,COMPLETED,38491.68,24,REPAIR
22,RPO-3022,26,35,2026-08-23,2026-09-28,OPEN,6972.8,24,REPAIR
23,RPO-3023,27,30,2026-06-10,2026-08-06,OPEN,9141.37,24,REPAIR
24,RPO-3024,28,36,2026-02-24,2026-04-18,COMPLETED,497.93,24,REPAIR
25,RPO-3025,29,21,2026-06-09,2026-07-16,COMPLETED,19965.1,24,REPAIR
26,RPO-3026,30,20,2026-06-13,2026-07-05,COMPLETED,41230.08,13,REPAIR
27,RPO-3027,31,31,2026-06-06,2026-08-03,OPEN,11471.22,13,REPAIR
28,RPO-3028,32,22,2026-08-12,2026-09-03,OPEN,38491.68,12,REPAIR
29,RPO-3029,33,11,2026-07-01,2026-08-10,OPEN,9260.37,12,REPAIR
30,RPO-3030,34,10,2026-08-05,2026-09-04,OPEN,190413.9,24,REPAIR
31,RPO-3031,35,8,2026-08-07,2026-09-22,OPEN,19745.97,13,REPAIR
32,RPO-3032,36,23,2026-06-28,2026-08-07,OPEN,14358.4,13,REPAIR
33,RPO-3033,37,27,2026-06-10,2026-07-23,OPEN,19745.97,24,REPAIR
34,RPO-3034,38,12,2026-05-29,2026-07-07,COMPLETED,18312.9,13,REPAIR
35,RPO-3035,39,3,2026-08-17,2026-10-03,OPEN,57892.0,13,REPAIR
36,RPO-3036,41,18,2026-08-11,2026-09-05,OPEN,18312.9,13,REPAIR
37,RPO-3037,42,5,2026-07-02,2026-08-03,OPEN,17197.38,12,REPAIR
38,RPO-3038,43,7,2026-08-17,2026-09-13,OPEN,5077.14,12,REPAIR
39,RPO-3039,44,20,2026-06-09,2026-07-30,OPEN,26217.84,5,REPAIR
40,RPO-3040,45,35,2026-08-15,2026-09-11,OPEN,78653.52,24,REPAIR
41,RPO-3041,46,23,2026-05-30,2026-07-29,OPEN,126942.6,5,REPAIR
42,PO-3042,47,25,2026-01-20,2026-03-11,COMPLETED,262438.86,13,NEW_BUY
43,PO-3043,48,12,2026-09-05,2026-10-27,OPEN,163277.38,12,NEW_BUY
44,PO-3044,50,28,2026-03-10,2026-04-08,COMPLETED,269042.29,24,NEW_BUY
45,PO-3045,51,29,2026-06-13,2026-07-01,COMPLETED,11925.64,5,NEW_BUY
46,PO-3046,52,30,2026-07-12,2026-08-17,PARTIALLY_DELIVERED,89713.32,12,NEW_BUY
47,PO-3047,53,20,2026-06-14,2026-07-18,PARTIALLY_DELIVERED,91168.88,12,NEW_BUY
48,PO-3048,54,3,2026-04-27,2026-05-15,COMPLETED,446914.53,12,NEW_BUY
49,PO-3049,55,17,2026-06-27,2026-07-15,COMPLETED,4191698.22,13,NEW_BUY
50,PO-3050,56,3,2026-07-17,2026-08-15,COMPLETED,151587.2,24,NEW_BUY
51,PO-3051,57,20,2026-04-13,2026-05-18,OPEN,541637.88,13,NEW_BUY
52,PO-3052,58,24,2026-04-25,2026-05-24,COMPLETED,773512.8,13,NEW_BUY
53,PO-3053,59,17,2026-07-18,2026-09-05,OPEN,1664281.62,13,NEW_BUY
54,PO-3054,60,21,2026-09-14,2026-10-23,PARTIALLY_DELIVERED,634644.72,24,NEW_BUY
55,PO-3055,61,22,2026-01-15,2026-02-13,COMPLETED,454398.35,13,NEW_BUY
56,PO-3056,62,27,2026-05-22,2026-06-24,COMPLETED,4392901.06,13,NEW_BUY
57,PO-3057,63,12,2026-06-13,2026-07-08,OPEN,2052519.56,5,NEW_BUY
58,PO-3058,64,4,2026-06-15,2026-07-25,OPEN,616936.46,24,NEW_BUY
59,PO-3059,65,25,2026-06-09,2026-07-10,OPEN,399956.31,13,NEW_BUY
60,PO-3060,66,18,2026-05-15,2026-06-19,COMPLETED,701155.08,12,NEW_BUY
61,PO-3061,67,32,2026-05-05,2026-05-21,COMPLETED,160549.7,24,NEW_BUY
62,PO-3062,68,32,2026-01-28,2026-03-16,PARTIALLY_DELIVERED,106144.74,5,NEW_BUY
63,PO-3063,69,14,2026-04-13,2026-06-09,PARTIALLY_DELIVERED,23609.96,24,NEW_BUY
64,PO-3064,70,22,2026-06-05,2026-06-21,COMPLETED,844417.12,24,NEW_BUY
65,PO-3065,71,2,2026-03-23,2026-04-27,COMPLETED,378719.76,13,NEW_BUY
66,PO-3066,72,13,2026-07-09,2026-07-23,OPEN,40751.04,24,NEW_BUY
67,PO-3067,73,33,2026-04-14,2026-05-14,OPEN,642503.25,13,NEW_BUY
68,PO-3068,75,37,2026-08-16,2026-09-02,OPEN,889141.59,13,NEW_BUY
69,PO-3069,76,35,2026-05-10,2026-06-04,COMPLETED,228601.01,12,NEW_BUY
70,PO-3070,78,20,2026-10-13,2026-11-20,COMPLETED,441103.41,5,NEW_BUY
71,PO-3071,79,3,2026-03-23,2026-05-08,COMPLETED,2528033.79,5,NEW_BUY
72,PO-3072,80,20,2026-05-01,2026-05-24,OPEN,3284125.5,12,NEW_BUY
73,PO-3073,81,32,2026-08-30,2026-10-04,COMPLETED,570549.42,5,NEW_BUY
74,PO-3074,83,39,2026-07-30,2026-08-20,OPEN,1123809.23,13,NEW_BUY
75,PO-3075,84,24,2026-05-23,2026-06-07,PARTIALLY_DELIVERED,32362.56,13,NEW_BUY
76,PO-3076,87,3,2026-05-25,2026-07-22,COMPLETED,1452602.48,24,NEW_BUY
77,PO-3077,88,23,2026-04-24,2026-06-18,PARTIALLY_DELIVERED,425501.28,5,NEW_BUY
78,PO-3078,89,26,2026-04-14,2026-05-13,OPEN,773671.62,5,NEW_BUY
79,PO-3079,90,25,2026-04-27,2026-06-26,OPEN,24202.35,24,NEW_BUY
80,PO-3080,91,34,2026-08-21,2026-09-22,OPEN,204981.3,13,NEW_BUY
81,PO-3081,95,36,2026-04-28,2026-06-09,PARTIALLY_DELIVERED,1245392.16,13,NEW_BUY
82,PO-3082,96,35,2026-06-26,2026-07-12,COMPLETED,617576.79,13,NEW_BUY
83,PO-3083,97,28,2026-08-06,2026-10-01,OPEN,5219123.56,24,NEW_BUY
84,PO-3084,98,27,2026-07-18,2026-08-12,OPEN,401132.16,24,NEW_BUY
85,PO-3085,100,30,2026-07-12,2026-07-27,OPEN,153182.7,12,NEW_BUY
86,PO-3086,101,3,2026-05-01,2026-06-20,OPEN,2605399.2,24,NEW_BUY
87,PO-3087,103,28,2026-01-23,2026-03-04,COMPLETED,16669.35,5,NEW_BUY
88,PO-3088,104,38,2026-01-24,2026-03-04,OPEN,3593200.72,24,NEW_BUY
89,PO-3089,105,11,2026-05-16,2026-06-23,OPEN,934351.41,5,NEW_BUY
90,PO-3090,106,35,2026-04-14,2026-05-26,OPEN,836120.15,12,NEW_BUY
91,PO-3091,107,2,2026-05-06,2026-07-05,OPEN,1505500.32,24,NEW_BUY
92,PO-3092,108,40,2026-06-10,2026-06-30,OPEN,504308.18,24,NEW_BUY
93,PO-3093,109,7,2026-02-25,2026-04-23,OPEN,2469412.71,13,NEW_BUY
94,PO-3094,110,6,2026-04-22,2026-05-13,COMPLETED,254420.6,13,NEW_BUY
95,PO-3095,111,4,2026-07-30,2026-08-26,OPEN,502256.9,13,NEW_BUY
96,PO-3096,112,25,2026-01-08,2026-02-26,PARTIALLY_DELIVERED,520826.49,24,NEW_BUY
97,PO-3097,113,37,2026-03-17,2026-04-23,OPEN,84364.5,12,NEW_BUY
98,PO-3098,115,17,2026-06-12,2026-07-01,OPEN,146188.98,5,NEW_BUY
99,PO-3099,116,38,2026-02-19,2026-03-22,PARTIALLY_DELIVERED,1168340.98,13,NEW_BUY
100,PO-3100,117,5,2026-02-24,2026-03-22,OPEN,549.6,13,NEW_BUY
101,PO-3101,118,28,2026-03-23,2026-05-01,OPEN,505245.73,13,NEW_BUY
102,PO-3102,119,30,2026-06-23,2026-07-14,COMPLETED,95345.4,13,NEW_BUY
103,PO-3103,120,28,2026-07-15,2026-08-07,PARTIALLY_DELIVERED,35413.8,24,NEW_BUY
104,PO-3104,121,28,2026-05-26,2026-07-11,OPEN,824593.77,12,NEW_BUY
105,PO-3105,122,28,2026-05-27,2026-07-09,COMPLETED,274386.42,5,NEW_BUY
106,PO-3106,123,6,2026-07-17,2026-08-12,COMPLETED,164022.38,24,NEW_BUY
107,PO-3107,125,4,2026-03-01,2026-04-11,OPEN,92626.4,5,NEW_BUY
108,PO-3108,126,34,2026-02-24,2026-04-07,OPEN,281367.53,5,NEW_BUY
109,PO-3109,127,5,2026-02-07,2026-03-01,COMPLETED,1586907.11,12,NEW_BUY
110,PO-3110,128,29,2026-05-19,2026-06-11,OPEN,2103475.76,5,NEW_BUY
111,PO-3111,129,32,2025-12-28,2026-02-22,COMPLETED,47080.25,13,NEW_BUY
112,PO-3112,130,36,2026-08-16,2026-10-14,OPEN,9910.44,24,NEW_BUY
113,PO-3113,131,25,2026-05-18,2026-07-06,OPEN,1307606.95,5,NEW_BUY
114,PO-3114,132,5,2026-04-13,2026-04-28,OPEN,390863.48,12,NEW_BUY
115,PO-3115,134,11,2026-03-13,2026-05-03,COMPLETED,1951442.14,5,NEW_BUY
116,PO-3116,135,4,2026-08-20,2026-09-14,COMPLETED,152801.44,12,NEW_BUY
117,PO-3117,136,17,2026-01-10,2026-02-14,COMPLETED,2979789.05,12,NEW_BUY
118,PO-3118,138,14,2026-05-08,2026-06-12,COMPLETED,1071742.14,24,NEW_BUY
119,PO-3119,139,33,2026-02-10,2026-03-30,COMPLETED,2289291.4,12,NEW_BUY
120,PO-3120,141,28,2026-02-25,2026-04-05,OPEN,537719.74,12,NEW_BUY
121,PO-3121,142,32,2026-07-06,2026-07-28,PARTIALLY_DELIVERED,2823639.0,13,NEW_BUY
122,PO-3122,143,38,2026-01-18,2026-02-07,OPEN,714341.09,12,NEW_BUY
123,PO-3123,144,27,2026-04-12,2026-05-06,COMPLETED,1023466.31,13,NEW_BUY
124,PO-3124,145,34,2026-04-09,2026-06-08,COMPLETED,634807.04,13,NEW_BUY
125,PO-3125,146,25,2026-08-19,2026-09-05,OPEN,32255.12,24,NEW_BUY
126,PO-3126,147,27,2026-03-02,2026-04-15,OPEN,2463605.41,24,NEW_BUY
127,PO-3127,148,16,2026-08-03,2026-08-27,OPEN,1092689.55,13,NEW_BUY
128,PO-3128,149,21,2026-08-26,2026-10-05,COMPLETED,84681.44,24,NEW_BUY
129,PO-3129,150,29,2026-07-28,2026-08-29,OPEN,15937.4,13,NEW_BUY
130,PO-3130,151,5,2026-02-15,2026-04-08,OPEN,467428.48,24,NEW_BUY
131,PO-3131,152,18,2026-08-26,2026-10-13,PARTIALLY_DELIVERED,254368.18,24,NEW_BUY
132,PO-3132,153,10,2026-03-27,2026-04-22,OPEN,5284474.98,12,NEW_BUY
133,PO-3133,154,1,2026-05-07,2026-06-30,COMPLETED,504524.32,13,NEW_BUY
134,PO-3134,155,4,2026-05-09,2026-06-06,COMPLETED,375673.67,12,NEW_BUY
135,PO-3135,157,31,2026-02-04,2026-03-08,COMPLETED,2278550.75,13,NEW_BUY
136,PO-3136,159,20,2026-01-12,2026-03-12,COMPLETED,1100198.65,5,NEW_BUY
137,PO-3137,160,38,2026-05-31,2026-07-10,COMPLETED,181966.14,13,NEW_BUY
138,PO-3138,161,34,2026-04-03,2026-05-22,COMPLETED,406913.6,12,NEW_BUY
139,PO-3139,163,19,2026-03-15,2026-04-06,OPEN,3934201.9,5,NEW_BUY
140,PO-3140,164,26,2025-12-17,2026-01-08,COMPLETED,758628.66,12,NEW_BUY
141,PO-3141,165,16,2026-07-17,2026-08-03,COMPLETED,80458.56,12,NEW_BUY
142,PO-3142,166,32,2026-07-02,2026-07-25,OPEN,1626135.11,5,NEW_BUY
143,PO-3143,168,10,2026-08-10,2026-09-13,OPEN,369804.15,24,NEW_BUY
144,PO-3144,170,33,2026-04-06,2026-05-16,COMPLETED,772541.88,13,NEW_BUY
145,PO-3145,171,3,2026-03-20,2026-04-11,OPEN,2678482.67,24,NEW_BUY
146,PO-3146,172,19,2026-05-07,2026-06-12,OPEN,598115.9,24,NEW_BUY
147,PO-3147,173,10,2026-09-04,2026-09-20,COMPLETED,2368995.35,24,NEW_BUY
148,PO-3148,174,8,2026-08-09,2026-09-01,OPEN,715295.04,5,NEW_BUY
149,PO-3149,175,22,2026-07-13,2026-09-09,COMPLETED,15430.73,12,NEW_BUY
150,PO-3150,176,36,2026-06-04,2026-07-03,OPEN,434503.45,24,NEW_BUY
151,PO-3151,177,25,2026-08-20,2026-09-12,OPEN,123889.82,24,NEW_BUY
152,PO-3152,178,31,2025-12-31,2026-01-20,OPEN,70696.24,24,NEW_BUY
153,PO-3153,179,20,2026-02-21,2026-03-12,OPEN,1545242.93,5,NEW_BUY
154,PO-3154,180,36,2026-01-15,2026-02-22,PARTIALLY_DELIVERED,406686.1,5,NEW_BUY
155,PO-3155,181,4,2026-06-14,2026-07-01,COMPLETED,183283.69,5,NEW_BUY
156,PO-3156,182,6,2026-06-30,2026-08-09,OPEN,716371.5,24,NEW_BUY
157,PO-3157,183,35,2026-08-25,2026-09-30,OPEN,375562.8,12,NEW_BUY
158,PO-3158,184,17,2026-02-23,2026-03-29,PARTIALLY_DELIVERED,4141000.17,13,NEW_BUY
159,PO-3159,185,1,2026-03-22,2026-05-17,OPEN,1948001.54,12,NEW_BUY
160,PO-3160,186,37,2026-03-26,2026-05-09,COMPLETED,47383.65,13,NEW_BUY
161,PO-3161,187,26,2026-02-08,2026-03-05,COMPLETED,229194.34,5,NEW_BUY
162,PO-3162,188,6,2026-05-30,2026-07-03,OPEN,1946437.52,5,NEW_BUY
163,PO-3163,190,22,2026-07-12,2026-08-13,PARTIALLY_DELIVERED,1148708.66,13,NEW_BUY
164,PO-3164,192,15,2026-02-20,2026-04-13,COMPLETED,800636.03,5,NEW_BUY
165,PO-3165,193,3,2026-02-17,2026-04-17,OPEN,85770.37,12,NEW_BUY
166,PO-3166,194,29,2026-07-16,2026-08-22,OPEN,3027655.1,5,NEW_BUY
167,PO-3167,195,5,2026-04-03,2026-05-13,COMPLETED,1047470.3,13,NEW_BUY
168,PO-3168,196,25,2026-04-08,2026-05-06,OPEN,4958756.16,24,NEW_BUY
169,PO-3169,197,12,2026-03-14,2026-05-05,COMPLETED,2395323.24,24,NEW_BUY
170,PO-3170,199,16,2026-04-23,2026-05-10,OPEN,1080004.61,12,NEW_BUY
171,PO-3171,200,21,2026-09-14,2026-10-15,COMPLETED,184826.85,5,NEW_BUY
172,PO-3172,201,35,2026-07-17,2026-07-31,OPEN,3119884.47,5,NEW_BUY
173,PO-3173,203,5,2026-08-04,2026-09-07,PARTIALLY_DELIVERED,1454566.94,5,NEW_BUY
174,PO-3174,205,11,2026-01-18,2026-02-24,COMPLETED,36648.09,13,NEW_BUY
175,PO-3175,206,8,2026-07-16,2026-08-04,PARTIALLY_DELIVERED,1391300.8,12,NEW_BUY
176,PO-3176,207,23,2026-02-12,2026-04-12,OPEN,728461.73,12,NEW_BUY
177,PO-3177,208,8,2026-01-01,2026-02-12,OPEN,6333792.75,13,NEW_BUY
178,PO-3178,209,4,2026-03-02,2026-04-21,PARTIALLY_DELIVERED,1851440.69,12,NEW_BUY
179,PO-3179,210,33,2026-07-03,2026-07-27,PARTIALLY_DELIVERED,2082227.35,24,NEW_BUY
180,PO-3180,211,3,2026-04-30,2026-05-18,COMPLETED,979441.26,12,NEW_BUY
181,PO-3181,215,9,2025-12-16,2026-01-18,PARTIALLY_DELIVERED,1763786.79,24,NEW_BUY
182,PO-3182,216,1,2026-04-21,2026-05-22,COMPLETED,1926748.91,12,NEW_BUY
183,PO-3183,217,14,2026-08-16,2026-10-14,COMPLETED,3410098.77,5,NEW_BUY
184,PO-3184,218,21,2026-01-20,2026-03-09,OPEN,1277147.27,12,NEW_BUY
185,PO-3185,219,37,2026-02-27,2026-03-20,OPEN,1044983.06,12,NEW_BUY
186,PO-3186,220,33,2026-07-28,2026-09-09,COMPLETED,472979.41,5,NEW_BUY
187,PO-3187,221,25,2026-05-27,2026-07-02,COMPLETED,316341.76,24,NEW_BUY
188,PO-3188,222,18,2026-06-20,2026-07-05,COMPLETED,17757.18,13,NEW_BUY
189,PO-3189,223,2,2026-07-11,2026-08-04,PARTIALLY_DELIVERED,919711.7,13,NEW_BUY
190,PO-3190,224,34,2026-07-14,2026-08-10,COMPLETED,890704.36,5,NEW_BUY
191,PO-3191,225,3,2026-07-20,2026-08-06,OPEN,250197.92,24,NEW_BUY
192,PO-3192,226,28,2026-08-21,2026-09-12,COMPLETED,9282.6,12,NEW_BUY
193,PO-3193,227,23,2026-08-16,2026-09-11,PARTIALLY_DELIVERED,90675.36,12,NEW_BUY
194,PO-3194,228,18,2026-01-28,2026-03-24,PARTIALLY_DELIVERED,333705.8,13,NEW_BUY
195,PO-3195,229,28,2026-03-19,2026-04-07,OPEN,5778876.5,12,NEW_BUY
196,PO-3196,230,24,2026-01-17,2026-02-02,COMPLETED,933.33,13,NEW_BUY
197,PO-3197,231,37,2026-09-04,2026-10-21,OPEN,10552632.49,24,NEW_BUY
198,PO-3198,232,19,2026-07-12,2026-08-25,COMPLETED,1378767.02,24,NEW_BUY
199,PO-3199,233,1,2026-07-02,2026-07-17,OPEN,38965.2,12,NEW_BUY
200,PO-3200,234,10,2026-04-04,2026-05-13,COMPLETED,1022258.19,12,NEW_BUY
201,PO-3201,235,21,2026-08-23,2026-10-13,COMPLETED,984767.2,24,NEW_BUY
202,PO-3202,236,15,2026-07-10,2026-08-18,COMPLETED,122474.5,13,NEW_BUY
203,PO-3203,237,39,2026-05-17,2026-06-23,OPEN,29470.14,12,NEW_BUY
204,PO-3204,238,23,2026-04-12,2026-05-25,PARTIALLY_DELIVERED,44329.92,24,NEW_BUY
205,PO-3205,239,40,2026-07-18,2026-08-28,OPEN,178000.52,5,NEW_BUY
206,PO-3206,240,37,2026-04-04,2026-06-03,COMPLETED,1090432.72,5,NEW_BUY
207,PO-3207,241,37,2026-08-25,2026-09-22,COMPLETED,98433.25,13,NEW_BUY
208,PO-3208,242,29,2026-06-02,2026-07-28,COMPLETED,334671.07,12,NEW_BUY
209,PO-3209,244,12,2026-03-05,2026-04-17,COMPLETED,1031002.91,13,NEW_BUY
210,PO-3210,245,11,2026-08-24,2026-09-13,COMPLETED,1294906.48,5,NEW_BUY
211,PO-3211,246,33,2026-01-18,2026-02-15,COMPLETED,2709610.39,12,NEW_BUY
212,PO-3212,247,32,2026-08-23,2026-10-05,COMPLETED,18080.26,5,NEW_BUY
213,PO-3213,248,13,2026-06-04,2026-07-13,PARTIALLY_DELIVERED,520681.2,24,NEW_BUY
214,PO-3214,249,21,2026-02-08,2026-03-28,OPEN,58324.53,5,NEW_BUY
215,PO-3215,250,31,2026-01-27,2026-03-09,OPEN,1810394.56,24,NEW_BUY
216,PO-3216,251,23,2026-03-03,2026-04-03,COMPLETED,468609.18,13,NEW_BUY
217,PO-3217,252,5,2026-03-03,2026-03-27,PARTIALLY_DELIVERED,244032.96,13,NEW_BUY
218,PO-3218,253,24,2026-06-03,2026-06-26,COMPLETED,1876114.26,13,NEW_BUY
219,PO-3219,255,34,2026-03-11,2026-04-03,COMPLETED,232284.45,5,NEW_BUY
220,PO-3220,257,7,2026-03-03,2026-03-19,OPEN,150019.44,5,NEW_BUY
221,PO-3221,258,29,2026-08-21,2026-09-27,OPEN,81203.1,12,NEW_BUY
222,PO-3222,259,40,2026-04-08,2026-05-03,OPEN,1538668.04,5,NEW_BUY
223,PO-3223,260,6,2026-07-22,2026-09-13,PARTIALLY_DELIVERED,867538.68,24,NEW_BUY
224,PO-3224,262,18,2026-05-21,2026-07-20,COMPLETED,153444.59,5,NEW_BUY
225,PO-3225,263,4,2026-07-30,2026-09-07,OPEN,262554.84,13,NEW_BUY
226,PO-3226,264,32,2026-02-01,2026-03-13,PARTIALLY_DELIVERED,204785.91,12,NEW_BUY
227,PO-3227,265,15,2026-02-18,2026-03-05,OPEN,384287.06,5,NEW_BUY
228,PO-3228,266,35,2026-07-08,2026-08-20,PARTIALLY_DELIVERED,11297.4,5,NEW_BUY
229,PO-3229,267,32,2026-07-06,2026-08-01,COMPLETED,511381.2,24,NEW_BUY
230,PO-3230,268,30,2026-08-08,2026-09-16,OPEN,4996899.68,13,NEW_BUY
231,PO-3231,270,39,2026-05-18,2026-06-09,PARTIALLY_DELIVERED,2120206.56,24,NEW_BUY
232,PO-3232,272,1,2026-07-28,2026-09-05,COMPLETED,1318195.99,12,NEW_BUY
233,PO-3233,273,24,2026-06-01,2026-07-01,COMPLETED,271382.2,13,NEW_BUY
234,PO-3234,274,35,2026-07-18,2026-08-11,COMPLETED,315141.03,24,NEW_BUY
235,PO-3235,275,26,2026-09-04,2026-09-25,OPEN,2444174.72,13,NEW_BUY
236,PO-3236,277,19,2026-02-01,2026-03-16,OPEN,680662.41,5,NEW_BUY
237,PO-3237,278,20,2025-12-27,2026-01-14,OPEN,1443841.18,5,NEW_BUY
238,PO-3238,279,18,2026-02-18,2026-04-13,OPEN,497403.98,5,NEW_BUY
239,PO-3239,280,26,2026-04-27,2026-05-29,PARTIALLY_DELIVERED,28213.04,12,NEW_BUY
240,PO-3240,281,28,2026-09-15,2026-10-02,COMPLETED,468631.52,24,NEW_BUY
241,PO-3241,283,34,2026-08-02,2026-09-20,COMPLETED,3296851.78,13,NEW_BUY
242,PO-3242,284,14,2026-09-07,2026-09-23,COMPLETED,1989500.94,24,NEW_BUY
243,PO-3243,285,4,2026-05-18,2026-06-08,COMPLETED,1796998.03,24,NEW_BUY
244,PO-3244,286,14,2025-12-13,2026-02-11,COMPLETED,44755.8,12,NEW_BUY
245,PO-3245,287,10,2026-02-27,2026-03-17,COMPLETED,1808923.37,13,NEW_BUY
246,PO-3246,288,19,2026-04-28,2026-06-26,OPEN,2108638.16,5,NEW_BUY
247,PO-3247,290,6,2026-07-05,2026-07-30,OPEN,496291.58,12,NEW_BUY
248,PO-3248,291,17,2026-02-07,2026-03-29,PARTIALLY_DELIVERED,2131407.12,24,NEW_BUY
249,PO-3249,293,17,2026-03-06,2026-03-28,COMPLETED,124654.84,13,NEW_BUY
250,PO-3250,294,1,2026-07-09,2026-08-01,PARTIALLY_DELIVERED,1027097.35,5,NEW_BUY
251,PO-3251,295,19,2026-01-21,2026-02-24,COMPLETED,620028.1,24,NEW_BUY
252,PO-3252,296,15,2026-05-25,2026-07-20,COMPLETED,291294.89,24,NEW_BUY
253,PO-3253,297,40,2026-08-07,2026-09-21,OPEN,2493988.12,12,NEW_BUY
254,PO-3254,298,19,2026-01-26,2026-03-14,COMPLETED,1777155.0,12,NEW_BUY
255,PO-3255,299,32,2026-08-25,2026-10-13,PARTIALLY_DELIVERED,667266.38,13,NEW_BUY
256,PO-3256,300,29,2026-08-29,2026-10-01,OPEN,361639.84,5,NEW_BUY
257,PO-3257,301,9,2026-05-21,2026-07-13,PARTIALLY_DELIVERED,78853.04,24,NEW_BUY
258,PO-3258,302,22,2026-03-22,2026-04-19,PARTIALLY_DELIVERED,346601.58,5,NEW_BUY
259,PO-3259,303,32,2026-03-11,2026-05-04,OPEN,4860.66,5,NEW_BUY
260,PO-3260,305,16,2026-07-15,2026-08-10,OPEN,1447579.2,24,NEW_BUY
261,PO-3261,306,7,2026-08-18,2026-09-29,OPEN,5300041.5,5,NEW_BUY
262,PO-3262,307,29,2026-08-23,2026-10-14,OPEN,12709.8,24,NEW_BUY
263,PO-3263,309,23,2026-08-03,2026-09-29,PARTIALLY_DELIVERED,139006.92,12,NEW_BUY
264,PO-3264,310,4,2026-06-24,2026-07-27,OPEN,4585265.21,12,NEW_BUY
265,PO-3265,311,37,2026-01-29,2026-02-13,OPEN,16247.46,24,NEW_BUY
266,PO-3266,313,39,2026-08-06,2026-09-25,COMPLETED,579654.47,5,NEW_BUY
267,PO-3267,314,14,2026-05-23,2026-06-28,OPEN,2006194.44,12,NEW_BUY
268,PO-3268,315,28,2026-01-15,2026-02-28,COMPLETED,237894.03,5,NEW_BUY
269,PO-3269,316,17,2026-04-21,2026-06-16,COMPLETED,6959.2,12,NEW_BUY
270,PO-3270,317,21,2026-03-19,2026-04-24,COMPLETED,496695.59,5,NEW_BUY
271,PO-3271,318,22,2026-05-18,2026-06-11,COMPLETED,391013.83,13,NEW_BUY
272,PO-3272,319,17,2026-05-17,2026-06-16,OPEN,2299570.5,13,NEW_BUY
273,PO-3273,320,21,2026-09-01,2026-10-25,COMPLETED,42202.16,13,NEW_BUY
274,PO-3274,321,35,2026-03-26,2026-05-02,COMPLETED,1680501.5,12,NEW_BUY
275,PO-3275,322,40,2026-05-08,2026-07-05,PARTIALLY_DELIVERED,5219304.75,12,NEW_BUY
276,PO-3276,323,34,2026-08-23,2026-09-18,OPEN,1582205.13,24,NEW_BUY
277,PO-3277,324,18,2026-06-01,2026-07-13,OPEN,798486.92,12,NEW_BUY
278,PO-3278,325,20,2026-01-07,2026-02-18,OPEN,2625563.85,24,NEW_BUY
279,PO-3279,326,6,2026-05-02,2026-05-19,OPEN,238506.74,5,NEW_BUY
280,PO-3280,327,2,2026-04-27,2026-06-12,PARTIALLY_DELIVERED,405404.64,13,NEW_BUY
281,PO-3281,328,14,2026-06-13,2026-07-05,PARTIALLY_DELIVERED,375344.16,5,NEW_BUY
282,PO-3282,330,11,2025-12-29,2026-01-22,OPEN,497479.47,12,NEW_BUY
283,PO-3283,331,2,2026-05-19,2026-06-29,COMPLETED,1163393.58,12,NEW_BUY
284,PO-3284,332,24,2026-06-09,2026-07-21,COMPLETED,2770375.68,5,NEW_BUY
285,PO-3285,333,28,2026-05-18,2026-06-25,OPEN,203009.0,13,NEW_BUY
286,PO-3286,334,18,2026-02-05,2026-03-09,OPEN,1839171.5,13,NEW_BUY
287,PO-3287,335,3,2026-06-20,2026-08-12,COMPLETED,38794.58,12,NEW_BUY
288,PO-3288,336,37,2026-08-28,2026-10-04,COMPLETED,1153742.8,13,NEW_BUY
289,PO-3289,337,8,2026-07-21,2026-09-18,OPEN,52738.38,24,NEW_BUY
290,PO-3290,338,27,2026-04-05,2026-05-17,PARTIALLY_DELIVERED,904057.01,24,NEW_BUY
291,PO-3291,339,40,2026-02-04,2026-03-28,OPEN,252649.64,12,NEW_BUY
292,PO-3292,341,29,2026-07-29,2026-08-22,OPEN,14220314.53,5,NEW_BUY
293,PO-3293,342,31,2026-03-17,2026-04-11,COMPLETED,20839.38,12,NEW_BUY
294,PO-3294,343,4,2026-04-01,2026-04-18,COMPLETED,230695.27,12,NEW_BUY
295,PO-3295,344,29,2026-07-21,2026-08-12,OPEN,335685.91,12,NEW_BUY
296,PO-3296,345,15,2025-12-07,2025-12-31,COMPLETED,4602470.4,24,NEW_BUY
297,PO-3297,346,23,2026-08-06,2026-09-25,PARTIALLY_DELIVERED,650854.12,12,NEW_BUY
298,PO-3298,347,3,2026-09-27,2026-11-05,PARTIALLY_DELIVERED,903133.07,5,NEW_BUY
299,PO-3299,348,23,2026-08-12,2026-09-10,OPEN,222239.16,5,NEW_BUY
300,PO-3300,349,16,2026-04-29,2026-05-16,COMPLETED,489725.38,12,NEW_BUY
301,PO-3301,350,13,2026-06-12,2026-08-02,OPEN,467818.12,24,NEW_BUY
302,PO-3302,351,11,2026-07-09,2026-07-28,OPEN,305093.88,12,NEW_BUY
303,PO-3303,352,16,2026-08-30,2026-10-22,COMPLETED,40152.3,5,NEW_BUY
304,PO-3304,353,38,2026-05-29,2026-07-05,COMPLETED,174303.39,13,NEW_BUY
305,PO-3305,354,4,2026-05-02,2026-06-10,COMPLETED,1400827.0,12,NEW_BUY
306,PO-3306,356,14,2026-05-08,2026-05-29,PARTIALLY_DELIVERED,150557.85,12,NEW_BUY
307,PO-3307,357,12,2026-02-24,2026-04-03,COMPLETED,483561.26,12,NEW_BUY
308,PO-3308,358,1,2026-04-28,2026-06-07,COMPLETED,1619762.04,13,NEW_BUY
309,PO-3309,359,6,2026-06-04,2026-07-08,OPEN,13161.52,13,NEW_BUY
310,PO-3310,360,28,2026-03-23,2026-05-13,PARTIALLY_DELIVERED,4454312.0,12,NEW_BUY
311,PO-3311,361,22,2026-04-18,2026-05-15,PARTIALLY_DELIVERED,1402863.11,12,NEW_BUY
312,PO-3312,362,32,2026-04-08,2026-05-17,COMPLETED,7092280.26,24,NEW_BUY
313,PO-3313,364,20,2026-06-30,2026-08-06,OPEN,2279096.64,13,NEW_BUY
314,PO-3314,365,6,2026-02-10,2026-03-08,PARTIALLY_DELIVERED,309530.9,5,NEW_BUY
315,PO-3315,366,37,2026-05-21,2026-06-28,COMPLETED,25178.84,5,NEW_BUY
316,PO-3316,367,11,2025-12-14,2026-01-17,COMPLETED,175799.4,5,NEW_BUY
317,PO-3317,368,19,2026-04-27,2026-06-10,COMPLETED,1848928.25,24,NEW_BUY
318,PO-3318,369,38,2026-08-21,2026-09-11,OPEN,781482.0,5,NEW_BUY
319,PO-3319,370,22,2026-01-26,2026-02-25,COMPLETED,1424797.44,24,NEW_BUY
320,PO-3320,371,30,2026-09-02,2026-09-29,OPEN,1189618.72,13,NEW_BUY
321,PO-3321,372,15,2026-03-28,2026-05-17,COMPLETED,1150351.49,5,NEW_BUY
322,PO-3322,373,32,2026-06-12,2026-07-22,COMPLETED,2024619.88,13,NEW_BUY
323,PO-3323,374,9,2026-04-20,2026-06-02,PARTIALLY_DELIVERED,2261879.02,24,NEW_BUY
324,PO-3324,375,31,2026-05-14,2026-07-11,COMPLETED,1322371.81,12,NEW_BUY
325,PO-3325,376,17,2026-04-25,2026-06-15,COMPLETED,514829.36,12,NEW_BUY
326,PO-3326,377,27,2026-03-01,2026-04-11,COMPLETED,1805672.76,13,NEW_BUY
327,PO-3327,378,16,2026-05-20,2026-07-03,OPEN,857714.24,5,NEW_BUY
328,PO-3328,380,2,2026-04-14,2026-06-10,COMPLETED,2101.78,24,NEW_BUY
329,PO-3329,381,33,2026-05-30,2026-07-25,COMPLETED,589418.56,12,NEW_BUY
330,PO-3330,383,9,2026-03-30,2026-04-15,PARTIALLY_DELIVERED,457242.75,24,NEW_BUY
331,PO-3331,384,33,2026-04-23,2026-05-27,PARTIALLY_DELIVERED,2188241.81,12,NEW_BUY
332,PO-3332,385,31,2026-05-10,2026-05-30,COMPLETED,3003124.33,24,NEW_BUY
333,PO-3333,386,38,2026-06-22,2026-07-12,COMPLETED,862541.61,12,NEW_BUY
334,PO-3334,387,17,2026-08-12,2026-09-16,OPEN,43974.42,13,NEW_BUY
335,PO-3335,388,33,2026-05-18,2026-06-23,OPEN,2367979.22,5,NEW_BUY
336,PO-3336,389,20,2026-05-17,2026-06-14,COMPLETED,2758799.36,24,NEW_BUY
337,PO-3337,390,10,2026-01-06,2026-03-05,PARTIALLY_DELIVERED,443369.88,5,NEW_BUY
338,PO-3338,391,6,2026-08-25,2026-09-29,COMPLETED,686623.6,12,NEW_BUY
339,PO-3339,392,19,2026-05-27,2026-07-09,COMPLETED,2160509.9,24,NEW_BUY
340,PO-3340,393,10,2026-09-03,2026-10-03,OPEN,45392.1,12,NEW_BUY
341,PO-3341,395,3,2026-06-17,2026-07-28,OPEN,6949431.61,13,NEW_BUY
342,PO-3342,396,31,2026-08-15,2026-09-21,OPEN,19016.69,5,NEW_BUY
343,PO-3343,397,3,2026-03-28,2026-04-25,COMPLETED,1484127.44,24,NEW_BUY
344,PO-3344,398,5,2026-01-22,2026-03-17,PARTIALLY_DELIVERED,302755.62,5,NEW_BUY
345,PO-3345,400,18,2026-05-11,2026-06-02,OPEN,1013019.54,12,NEW_BUY
346,PO-3346,403,39,2026-03-08,2026-04-19,COMPLETED,1398024.16,24,NEW_BUY
347,PO-3347,406,34,2025-12-30,2026-02-25,OPEN,631897.82,12,NEW_BUY
348,PO-3348,407,33,2026-07-15,2026-08-30,PARTIALLY_DELIVERED,669530.4,13,NEW_BUY
349,PO-3349,409,32,2026-04-30,2026-05-17,COMPLETED,246918.03,12,NEW_BUY
350,PO-3350,410,7,2026-04-01,2026-04-23,OPEN,8242.78,24,NEW_BUY
351,PO-3351,411,22,2026-04-27,2026-06-12,PARTIALLY_DELIVERED,2221773.44,12,NEW_BUY
352,PO-3352,412,23,2026-05-17,2026-06-04,OPEN,4637516.58,13,NEW_BUY
353,PO-3353,413,38,2026-02-16,2026-03-20,OPEN,695487.5,24,NEW_BUY
354,PO-3354,414,23,2026-06-26,2026-07-14,PARTIALLY_DELIVERED,490255.6,24,NEW_BUY
355,PO-3355,415,30,2026-02-06,2026-03-31,OPEN,894909.81,13,NEW_BUY
356,PO-3356,416,24,2026-07-31,2026-08-24,COMPLETED,413956.2,5,NEW_BUY
357,PO-3357,417,19,2026-09-20,2026-11-02,COMPLETED,1618532.33,12,NEW_BUY
358,PO-3358,418,8,2026-08-22,2026-09-09,COMPLETED,1617393.25,24,NEW_BUY
359,PO-3359,419,22,2026-03-18,2026-04-03,COMPLETED,312524.16,13,NEW_BUY
360,PO-3360,420,2,2026-01-25,2026-03-18,OPEN,6113419.4,24,NEW_BUY
361,PO-3361,421,40,2026-08-03,2026-08-29,COMPLETED,2008407.56,5,NEW_BUY
362,PO-3362,422,19,2026-08-27,2026-10-03,COMPLETED,903586.5,13,NEW_BUY
363,PO-3363,423,23,2026-04-08,2026-05-02,OPEN,9357.66,12,NEW_BUY
364,PO-3364,424,33,2026-04-02,2026-05-19,COMPLETED,2032136.93,12,NEW_BUY
365,PO-3365,425,13,2026-01-31,2026-03-28,COMPLETED,144829.44,24,NEW_BUY
366,PO-3366,427,30,2026-01-19,2026-03-13,PARTIALLY_DELIVERED,275942.95,12,NEW_BUY
367,PO-3367,428,6,2026-08-02,2026-09-13,COMPLETED,576815.52,13,NEW_BUY
368,PO-3368,430,1,2026-03-08,2026-04-26,COMPLETED,299931.76,24,NEW_BUY
369,PO-3369,431,24,2026-01-09,2026-02-21,OPEN,381881.04,5,NEW_BUY
370,PO-3370,434,23,2026-01-13,2026-02-22,OPEN,688274.58,12,NEW_BUY
371,PO-3371,435,33,2026-05-03,2026-05-18,COMPLETED,1569728.52,13,NEW_BUY
372,PO-3372,436,34,2026-04-19,2026-05-19,OPEN,2658512.48,24,NEW_BUY
373,PO-3373,437,17,2026-04-26,2026-05-18,OPEN,1917500.52,12,NEW_BUY
374,PO-3374,438,2,2026-05-06,2026-06-08,COMPLETED,2944873.67,24,NEW_BUY
375,PO-3375,439,33,2026-01-08,2026-02-13,OPEN,2868802.52,12,NEW_BUY
376,PO-3376,440,17,2026-02-23,2026-03-26,COMPLETED,100468.3,5,NEW_BUY
377,PO-3377,441,17,2026-03-10,2026-04-22,OPEN,64644.46,24,NEW_BUY
378,PO-3378,442,19,2026-01-03,2026-02-25,OPEN,150673.64,5,NEW_BUY
379,PO-3379,443,2,2026-07-30,2026-09-03,COMPLETED,78867.3,5,NEW_BUY
380,PO-3380,445,7,2026-01-26,2026-03-09,PARTIALLY_DELIVERED,2394244.18,5,NEW_BUY
381,PO-3381,446,22,2026-02-01,2026-02-25,OPEN,876652.13,5,NEW_BUY
382,PO-3382,447,6,2026-06-25,2026-07-16,PARTIALLY_DELIVERED,619258.29,5,NEW_BUY
383,PO-3383,448,1,2026-07-07,2026-07-22,PARTIALLY_DELIVERED,1285615.55,5,NEW_BUY
384,PO-3384,449,14,2026-08-15,2026-09-22,PARTIALLY_DELIVERED,443632.19,13,NEW_BUY
385,PO-3385,452,10,2026-09-06,2026-09-21,OPEN,400324.56,5,NEW_BUY
386,PO-3386,453,24,2026-06-21,2026-08-13,OPEN,861738.17,13,NEW_BUY
387,PO-3387,454,25,2026-02-06,2026-03-12,OPEN,11311521.83,13,NEW_BUY
388,PO-3388,455,34,2026-02-02,2026-02-20,COMPLETED,1143820.92,12,NEW_BUY
389,PO-3389,456,20,2026-05-03,2026-06-14,OPEN,565257.16,5,NEW_BUY
390,PO-3390,457,29,2026-03-13,2026-04-09,OPEN,1654898.9,13,NEW_BUY
391,PO-3391,458,2,2026-04-06,2026-06-05,OPEN,34139.8,13,NEW_BUY
392,PO-3392,459,22,2026-07-31,2026-08-29,OPEN,3289795.04,24,NEW_BUY
393,PO-3393,460,34,2026-01-19,2026-02-18,OPEN,473254.81,5,NEW_BUY
394,PO-3394,461,1,2026-01-29,2026-03-14,OPEN,568331.79,24,NEW_BUY
395,PO-3395,462,26,2026-08-05,2026-08-23,COMPLETED,697319.1,12,NEW_BUY
396,PO-3396,463,10,2026-04-15,2026-06-11,PARTIALLY_DELIVERED,64691.4,12,NEW_BUY
397,PO-3397,464,25,2026-03-19,2026-05-12,COMPLETED,444360.44,5,NEW_BUY
398,PO-3398,465,4,2026-05-21,2026-07-20,OPEN,704590.25,12,NEW_BUY
399,PO-3399,467,26,2026-05-30,2026-06-22,COMPLETED,1055775.16,13,NEW_BUY
400,PO-3400,468,10,2026-08-24,2026-09-16,OPEN,1149815.86,12,NEW_BUY
401,PO-3401,469,3,2026-03-02,2026-04-26,OPEN,652610.72,24,NEW_BUY
402,PO-3402,471,20,2026-03-18,2026-05-14,COMPLETED,2115665.05,24,NEW_BUY
403,PO-3403,472,1,2026-04-10,2026-06-05,COMPLETED,2526243.12,24,NEW_BUY
404,PO-3404,473,23,2026-08-10,2026-10-06,COMPLETED,4430224.9,5,NEW_BUY
405,PO-3405,475,3,2026-05-16,2026-07-09,COMPLETED,137931.16,5,NEW_BUY
406,PO-3406,476,24,2026-07-10,2026-08-19,COMPLETED,934851.54,5,NEW_BUY
407,PO-3407,477,5,2026-07-27,2026-08-25,OPEN,1092823.94,12,NEW_BUY
408,PO-3408,478,3,2026-02-23,2026-04-01,OPEN,479257.98,13,NEW_BUY
409,PO-3409,479,16,2026-07-17,2026-09-03,OPEN,1980394.28,12,NEW_BUY
410,PO-3410,480,34,2026-08-13,2026-09-03,OPEN,845010.75,24,NEW_BUY
411,PO-3411,481,24,2026-07-23,2026-09-17,OPEN,80861.21,5,NEW_BUY
412,PO-3412,482,37,2026-04-13,2026-06-11,OPEN,763857.72,5,NEW_BUY
413,PO-3413,483,20,2026-07-12,2026-08-20,OPEN,99965.65,12,NEW_BUY
414,PO-3414,485,36,2026-04-08,2026-05-31,PARTIALLY_DELIVERED,1567723.28,5,NEW_BUY
415,PO-3415,486,10,2025-12-14,2026-02-03,COMPLETED,159437.46,24,NEW_BUY
416,PO-3416,487,22,2026-06-30,2026-08-12,PARTIALLY_DELIVERED,378508.7,12,NEW_BUY
417,PO-3417,488,26,2026-03-19,2026-05-09,OPEN,919077.45,24,NEW_BUY
418,PO-3418,489,10,2026-08-24,2026-10-14,OPEN,1018292.27,12,NEW_BUY
419,PO-3419,490,12,2026-05-15,2026-07-08,OPEN,60142.15,13,NEW_BUY
420,PO-3420,491,26,2026-05-09,2026-06-07,COMPLETED,620364.81,24,NEW_BUY
421,PO-3421,492,20,2026-02-24,2026-04-07,COMPLETED,950328.3,13,NEW_BUY
422,PO-3422,493,17,2026-06-13,2026-08-02,PARTIALLY_DELIVERED,1493606.39,13,NEW_BUY
423,PO-3423,494,8,2026-01-15,2026-01-31,OPEN,6106748.0,5,NEW_BUY
424,PO-3424,495,30,2026-01-29,2026-03-06,COMPLETED,235007.08,5,NEW_BUY
425,PO-3425,496,23,2026-09-05,2026-09-21,OPEN,1817524.96,12,NEW_BUY
426,PO-3426,497,19,2025-12-07,2026-01-29,PARTIALLY_DELIVERED,184599.74,24,NEW_BUY
427,PO-3427,499,7,2026-05-06,2026-06-16,OPEN,796635.56,13,NEW_BUY
428,PO-3428,501,16,2026-08-19,2026-09-06,COMPLETED,2670088.08,5,NEW_BUY
429,PO-3429,502,32,2026-08-27,2026-09-25,COMPLETED,739893.24,13,NEW_BUY
430,PO-3430,503,4,2026-02-24,2026-04-06,COMPLETED,72049.72,13,NEW_BUY
431,PO-3431,504,34,2026-03-24,2026-05-05,OPEN,5126205.6,24,NEW_BUY
432,PO-3432,505,12,2026-09-04,2026-10-05,OPEN,5919.56,12,NEW_BUY
433,PO-3433,506,38,2026-03-04,2026-04-29,OPEN,515449.34,24,NEW_BUY
434,PO-3434,507,14,2026-08-09,2026-09-09,PARTIALLY_DELIVERED,894338.44,5,NEW_BUY
435,PO-3435,508,25,2026-05-17,2026-06-09,COMPLETED,115866.75,12,NEW_BUY
436,PO-3436,512,30,2026-03-15,2026-04-03,OPEN,3602327.1,12,NEW_BUY
437,PO-3437,513,8,2026-07-13,2026-08-18,OPEN,278562.62,24,NEW_BUY
438,PO-3438,514,23,2026-01-19,2026-02-20,COMPLETED,3428061.72,24,NEW_BUY
439,PO-3439,515,29,2026-03-11,2026-05-09,COMPLETED,185463.48,5,NEW_BUY
440,PO-3440,516,16,2026-06-19,2026-07-17,OPEN,2259753.41,5,NEW_BUY
441,PO-3441,517,31,2026-04-03,2026-04-30,OPEN,1025405.9,12,NEW_BUY
442,PO-3442,518,8,2025-12-22,2026-01-06,OPEN,1527232.57,24,NEW_BUY
443,PO-3443,519,14,2026-02-10,2026-03-20,OPEN,992231.06,24,NEW_BUY
444,PO-3444,520,35,2026-01-26,2026-03-27,OPEN,740467.77,13,NEW_BUY
445,PO-3445,521,13,2026-08-23,2026-09-19,OPEN,140022.51,5,NEW_BUY
446,PO-3446,523,5,2025-12-31,2026-01-19,COMPLETED,6990.74,5,NEW_BUY
447,PO-3447,524,10,2026-09-06,2026-09-22,OPEN,1679266.6,12,NEW_BUY
448,PO-3448,525,33,2026-08-30,2026-10-07,COMPLETED,227242.31,5,NEW_BUY
449,PO-3449,526,38,2026-03-25,2026-05-20,COMPLETED,408554.04,13,NEW_BUY
450,PO-3450,527,27,2026-05-04,2026-05-20,OPEN,182429.5,12,NEW_BUY
451,PO-3451,529,16,2025-12-26,2026-02-03,COMPLETED,610891.04,24,NEW_BUY
452,PO-3452,530,24,2026-08-13,2026-08-28,OPEN,2598187.95,12,NEW_BUY
453,PO-3453,531,35,2026-01-10,2026-03-02,PARTIALLY_DELIVERED,204828.41,12,NEW_BUY
454,PO-3454,532,15,2026-07-11,2026-09-02,COMPLETED,1993630.9,5,NEW_BUY
455,PO-3455,534,17,2025-12-05,2026-01-24,PARTIALLY_DELIVERED,995575.25,13,NEW_BUY
456,PO-3456,535,34,2026-02-20,2026-03-13,OPEN,805485.05,13,NEW_BUY
457,PO-3457,536,19,2025-12-30,2026-01-21,COMPLETED,35831.79,13,NEW_BUY
458,PO-3458,537,29,2026-02-21,2026-04-19,OPEN,300627.3,13,NEW_BUY
459,PO-3459,538,2,2026-07-03,2026-07-28,OPEN,1018899.49,5,NEW_BUY
460,PO-3460,539,24,2026-01-27,2026-02-11,OPEN,1593233.65,5,NEW_BUY
461,PO-3461,541,4,2026-08-02,2026-09-18,OPEN,5795222.8,5,NEW_BUY
462,PO-3462,542,11,2026-08-17,2026-10-09,OPEN,5136558.95,24,NEW_BUY
463,PO-3463,543,13,2026-03-31,2026-04-30,PARTIALLY_DELIVERED,72363.79,24,NEW_BUY
464,PO-3464,544,6,2026-04-19,2026-05-05,OPEN,68417.87,13,NEW_BUY
465,PO-3465,545,28,2026-04-24,2026-06-11,OPEN,831470.7,24,NEW_BUY
466,PO-3466,546,34,2026-09-09,2026-10-24,OPEN,1084796.33,13,NEW_BUY
467,PO-3467,547,28,2026-04-24,2026-06-02,COMPLETED,2255771.97,24,NEW_BUY
468,PO-3468,548,38,2026-02-28,2026-04-20,OPEN,6701.55,12,NEW_BUY
469,PO-3469,549,26,2026-02-16,2026-03-07,COMPLETED,181413.5,5,NEW_BUY
470,PO-3470,550,15,2026-08-21,2026-10-10,COMPLETED,5373072.46,13,NEW_BUY
471,PO-3471,551,36,2025-12-19,2026-01-25,COMPLETED,22288.72,24,NEW_BUY
472,PO-3472,552,6,2026-02-17,2026-03-14,COMPLETED,1269777.04,5,NEW_BUY
473,PO-3473,554,35,2026-06-01,2026-07-09,COMPLETED,1831021.24,12,NEW_BUY
474,PO-3474,555,40,2026-02-04,2026-02-19,COMPLETED,1279354.32,24,NEW_BUY
475,PO-3475,556,7,2026-09-01,2026-09-24,OPEN,424166.55,24,NEW_BUY
476,PO-3476,557,5,2026-06-04,2026-08-03,COMPLETED,3160474.6,12,NEW_BUY
477,PO-3477,558,7,2026-02-23,2026-04-09,PARTIALLY_DELIVERED,291810.7,5,NEW_BUY
478,PO-3478,559,5,2026-02-04,2026-04-01,OPEN,1787252.26,24,NEW_BUY
479,PO-3479,560,19,2026-08-16,2026-09-12,COMPLETED,1884300.21,12,NEW_BUY
480,PO-3480,561,15,2026-05-07,2026-05-27,OPEN,290567.84,24,NEW_BUY
481,PO-3481,562,1,2026-06-11,2026-07-28,OPEN,15658.85,13,NEW_BUY
482,PO-3482,563,10,2026-08-16,2026-10-11,COMPLETED,399142.32,5,NEW_BUY
483,PO-3483,564,25,2026-01-04,2026-02-06,OPEN,663715.17,24,NEW_BUY
484,PO-3484,565,17,2026-04-07,2026-05-07,PARTIALLY_DELIVERED,2186039.8,24,NEW_BUY
485,PO-3485,566,6,2026-03-17,2026-04-04,PARTIALLY_DELIVERED,1048415.69,12,NEW_BUY
486,PO-3486,569,3,2026-04-02,2026-04-22,COMPLETED,2090413.05,13,NEW_BUY
487,PO-3487,570,10,2026-01-31,2026-02-21,COMPLETED,3758072.08,12,NEW_BUY
488,PO-3488,571,6,2026-01-19,2026-02-18,COMPLETED,861129.6,12,NEW_BUY
489,PO-3489,572,7,2025-12-10,2025-12-29,COMPLETED,152061.99,12,NEW_BUY
490,PO-3490,573,7,2026-05-13,2026-06-08,PARTIALLY_DELIVERED,488355.98,13,NEW_BUY
491,PO-3491,575,33,2026-06-26,2026-08-13,COMPLETED,1262557.65,24,NEW_BUY
492,PO-3492,576,38,2026-01-14,2026-02-03,PARTIALLY_DELIVERED,102842.86,13,NEW_BUY
493,PO-3493,577,30,2026-01-01,2026-02-01,COMPLETED,2958095.86,5,NEW_BUY
494,PO-3494,578,40,2026-07-25,2026-08-14,OPEN,3795299.34,13,NEW_BUY
495,PO-3495,579,32,2026-02-04,2026-02-24,OPEN,75795.39,5,NEW_BUY
496,PO-3496,581,34,2026-05-17,2026-06-06,PARTIALLY_DELIVERED,264847.99,13,NEW_BUY
497,PO-3497,582,1,2026-07-31,2026-09-20,COMPLETED,2624714.09,5,NEW_BUY
498,PO-3498,583,27,2026-07-22,2026-08-24,COMPLETED,277150.5,12,NEW_BUY
499,PO-3499,584,16,2026-07-26,2026-08-27,OPEN,988691.4,24,NEW_BUY
500,PO-3500,587,21,2026-03-31,2026-05-24,OPEN,390099.6,12,NEW_BUY
501,PO-3501,588,13,2026-08-09,2026-09-10,COMPLETED,909043.13,12,NEW_BUY
502,PO-3502,589,28,2026-02-15,2026-03-11,COMPLETED,518411.7,24,NEW_BUY
503,PO-3503,590,39,2026-05-04,2026-06-10,OPEN,1541941.49,13,NEW_BUY
504,PO-3504,591,10,2026-07-11,2026-07-30,COMPLETED,465571.5,12,NEW_BUY
505,PO-3505,592,32,2026-03-20,2026-04-09,COMPLETED,1078427.55,13,NEW_BUY
506,PO-3506,593,8,2026-06-11,2026-07-15,COMPLETED,198077.7,13,NEW_BUY
507,PO-3507,594,30,2026-06-26,2026-08-12,COMPLETED,897881.64,5,NEW_BUY
