id,po_id,material_id,quantity,unit_price,line_total,delivery_date,status
1,1,70,14,70881.59,992342.26,2026-05-19,DELIVERED
2,1,81,17,33533.22,570064.74,2026-05-29,DELIVERED
3,1,147,12,222720.55,2672646.6,2026-05-05,OPEN
4,2,127,11,54302.54,597327.94,2026-08-09,DELIVERED
5,2,201,19,455395.67,8652517.73,2026-08-18,OPEN
6,2,68,16,2531.55,40504.8,2026-09-11,OPEN
7,2,2,8,154077.04,1232616.32,2026-09-16,OPEN
8,2,94,10,7061.96,70619.6,2026-08-01,DELIVERED
9,2,134,16,54556.22,872899.52,2026-08-19,DELIVERED
10,2,87,20,48074.04,961480.8,2026-09-12,DELIVERED
11,2,141,15,8555.29,128329.35,2026-08-01,DELIVERED
12,3,168,5,7489.77,37448.85,2026-03-22,DELIVERED
13,3,161,10,13693.38,136933.8,2026-04-04,DELIVERED
14,3,174,5,41806.74,209033.7,2026-04-10,DELIVERED
15,4,135,11,41811.16,459922.76,2026-09-22,DELIVERED
16,4,127,11,47369.18,521060.98,2026-09-19,DELIVERED
17,4,96,11,25496.21,280458.31,2026-08-10,DELIVERED
18,5,51,1,318225.76,318225.76,2026-05-05,OPEN
19,5,19,19,138608.48,2633561.12,2026-05-26,DELIVERED
20,5,88,14,26568.17,371954.38,2026-06-08,OPEN
21,6,105,2,12935.93,25871.86,2026-01-17,OPEN
22,6,50,20,10751.5,215030.0,2026-01-11,OPEN
23,6,127,6,45752.08,274512.48,2026-02-25,DELIVERED
24,6,91,4,168.73,674.92,2026-01-13,OPEN
25,6,113,10,153935.64,1539356.4,2026-01-23,OPEN
26,6,191,3,30555.73,91667.19,2026-01-09,OPEN
27,6,75,19,20725.8,393790.2,2026-02-05,OPEN
28,6,136,7,4578.03,32046.21,2026-02-05,OPEN
29,6,98,16,13296.38,212742.08,2026-01-21,OPEN
30,7,205,11,43749.04,481239.44,2026-03-23,DELIVERED
31,7,67,13,38060.31,494784.03,2026-03-17,DELIVERED
32,8,34,2,37294.01,74588.02,2026-07-04,DELIVERED
33,8,37,13,76619.44,996052.72,2026-08-15,DELIVERED
34,9,129,3,261685.34,785056.02,2026-07-28,DELIVERED
35,10,122,15,1662.55,24938.25,2026-06-02,DELIVERED
36,11,149,19,35101.23,666923.37,2026-09-15,DELIVERED
37,11,11,12,290645.05,3487740.6,2026-08-31,DELIVERED
38,12,115,8,21756.95,174055.6,2026-10-15,OPEN
39,12,86,14,257072.51,3599015.14,2026-10-24,DELIVERED
40,12,91,16,198.79,3180.64,2026-09-23,DELIVERED
41,13,175,6,2187.57,13125.42,2026-07-09,DELIVERED
42,13,42,9,14867.73,133809.57,2026-06-30,DELIVERED
43,14,131,1,17382.13,17382.13,2026-04-09,DELIVERED
44,14,78,13,59747.18,776713.34,2026-05-05,DELIVERED
45,15,26,20,328471.34,6569426.8,2026-02-20,DELIVERED
46,15,110,6,3094.81,18568.86,2026-03-25,DELIVERED
47,15,180,2,16167.48,32334.96,2026-03-09,DELIVERED
48,16,49,4,94345.04,377380.16,2026-08-30,DELIVERED
49,16,145,13,75239.73,978116.49,2026-08-26,DELIVERED
50,17,6,19,17330.56,329280.64,2026-09-08,DELIVERED
51,17,143,8,22974.87,183798.96,2026-08-01,OPEN
52,17,141,12,8811.6,105739.2,2026-09-03,OPEN
53,18,123,11,24487.61,269363.71,2026-03-21,DELIVERED
54,18,38,9,14909.91,134189.19,2026-03-17,OPEN
55,19,36,2,134921.7,269843.4,2026-06-23,OPEN
56,19,139,8,5103.18,40825.44,2026-07-03,OPEN
57,19,110,9,3663.61,32972.49,2026-07-15,DELIVERED
58,20,38,12,15581.14,186973.68,2026-06-04,OPEN
59,20,152,1,21369.81,21369.81,2026-06-01,OPEN
60,20,34,2,36538.55,73077.1,2026-05-25,DELIVERED
61,21,137,1,20688.55,20688.55,2026-08-19,DELIVERED
62,21,87,7,56952.37,398666.59,2026-08-28,DELIVERED
63,21,173,5,18678.55,93392.75,2026-08-29,DELIVERED
64,22,189,14,69347.0,970858.0,2026-01-09,OPEN
65,22,69,16,1561.59,24985.44,2025-12-20,OPEN
66,22,186,9,87523.5,787711.5,2026-01-03,OPEN
67,23,115,12,20757.66,249091.92,2026-03-29,OPEN
68,23,188,13,51688.92,671955.96,2026-03-23,OPEN
69,23,9,17,83376.61,1417402.37,2026-03-28,OPEN
70,24,34,14,41627.43,582784.02,2026-09-07,DELIVERED
71,25,150,10,874.12,8741.2,2026-04-28,DELIVERED
72,25,93,6,63074.42,378446.52,2026-05-15,OPEN
73,25,171,4,5895.12,23580.48,2026-04-27,OPEN
74,26,111,15,4026.12,60391.8,2026-05-02,DELIVERED
75,26,189,12,84137.28,1009647.36,2026-03-28,DELIVERED
76,27,108,13,39989.41,519862.33,2026-05-09,DELIVERED
77,27,197,6,290244.63,1741467.78,2026-04-07,DELIVERED
78,28,14,11,11411.65,125528.15,2026-03-30,DELIVERED
79,28,113,20,167326.58,3346531.6,2026-03-21,OPEN
80,28,43,17,3348.51,56924.67,2026-03-26,DELIVERED
81,29,70,2,64700.15,129400.3,2026-09-03,OPEN
82,30,201,2,460939.81,921879.62,2026-06-22,DELIVERED
83,30,110,19,3167.34,60179.46,2026-05-31,DELIVERED
84,31,85,7,101259.48,708816.36,2026-07-21,OPEN
85,31,51,5,283691.78,1418458.9,2026-06-30,OPEN
86,32,153,1,125461.51,125461.51,2026-02-23,DELIVERED
87,32,50,14,10696.01,149744.14,2026-02-27,DELIVERED
88,32,142,14,72255.88,1011582.32,2026-03-01,DELIVERED
89,33,30,16,42411.24,678579.84,2026-03-19,DELIVERED
90,34,67,2,38967.55,77935.1,2026-05-28,OPEN
91,35,158,10,11359.07,113590.7,2026-05-07,OPEN
92,35,190,19,114006.84,2166129.96,2026-04-16,OPEN
93,36,33,10,11858.92,118589.2,2026-10-21,DELIVERED
94,37,28,18,134456.17,2420211.06,2026-06-10,DELIVERED
95,37,1,12,117360.8,1408329.6,2026-06-24,DELIVERED
96,38,200,20,27214.88,544297.6,2026-04-26,DELIVERED
97,38,142,15,67692.01,1015380.15,2026-03-30,DELIVERED
98,38,125,15,16487.98,247319.7,2026-03-19,DELIVERED
99,38,55,19,315.06,5986.14,2026-04-09,DELIVERED
100,38,59,13,63007.46,819096.98,2026-05-02,DELIVERED
101,38,124,14,120574.21,1688038.94,2026-04-18,DELIVERED
102,38,172,10,73797.76,737977.6,2026-04-17,DELIVERED
103,38,95,9,2846.74,25620.66,2026-04-07,DELIVERED
104,38,98,8,15933.71,127469.68,2026-04-03,DELIVERED
105,38,172,16,68968.85,1103501.6,2026-04-29,DELIVERED
106,38,175,6,2369.49,14216.94,2026-04-22,DELIVERED
107,39,192,3,6844.61,20533.83,2026-02-13,DELIVERED
108,39,111,4,4279.13,17116.52,2026-02-22,DELIVERED
109,39,84,9,76274.47,686470.23,2026-01-14,DELIVERED
110,40,90,14,1148.98,16085.72,2026-08-27,DELIVERED
111,40,199,5,2415.94,12079.7,2026-08-30,OPEN
112,40,94,16,7744.18,123906.88,2026-07-31,DELIVERED
113,41,55,6,330.32,1981.92,2026-06-09,OPEN
114,41,24,14,56614.33,792600.62,2026-06-09,OPEN
115,42,153,4,120900.57,483602.28,2026-08-06,OPEN
116,42,120,6,80483.1,482898.6,2026-08-04,OPEN
117,42,92,17,68504.37,1164574.29,2026-07-25,DELIVERED
118,42,168,6,7307.0,43842.0,2026-08-04,OPEN
119,42,127,15,47206.68,708100.2,2026-06-21,OPEN
120,42,37,12,65798.88,789586.56,2026-07-17,DELIVERED
121,42,162,9,1361.66,12254.94,2026-07-24,DELIVERED
122,42,109,12,5526.95,66323.4,2026-08-05,DELIVERED
123,42,73,13,59785.64,777213.32,2026-08-06,DELIVERED
124,42,19,12,134656.56,1615878.72,2026-06-29,OPEN
125,43,173,5,18032.47,90162.35,2026-05-26,DELIVERED
126,43,194,2,121720.67,243441.34,2026-06-11,DELIVERED
127,44,13,12,21909.82,262917.84,2026-03-23,OPEN
128,44,9,7,91263.43,638844.01,2026-03-07,OPEN
129,44,175,18,2056.69,37020.42,2026-03-05,OPEN
130,45,50,13,10719.47,139353.11,2026-01-31,OPEN
131,45,53,7,1154.83,8083.81,2026-03-04,OPEN
132,46,51,3,315789.13,947367.39,2026-04-05,OPEN
133,47,165,11,11607.68,127684.48,2026-03-21,OPEN
134,47,195,10,30420.45,304204.5,2026-03-22,OPEN
135,48,76,14,13619.77,190676.78,2026-07-22,DELIVERED
136,49,78,7,62498.38,437488.66,2026-03-18,DELIVERED
137,50,52,12,97324.62,1167895.44,2026-07-30,OPEN
138,50,83,2,59159.94,118319.88,2026-08-24,OPEN
139,51,141,12,7900.29,94803.48,2026-03-17,DELIVERED
140,51,140,7,2982.0,20874.0,2026-02-16,DELIVERED
141,52,170,7,30618.9,214332.3,2026-07-28,DELIVERED
142,53,155,9,32619.13,293572.17,2026-07-31,DELIVERED
143,53,73,17,62999.24,1070987.08,2026-07-02,OPEN
144,54,130,13,16117.0,209521.0,2026-03-05,DELIVERED
145,55,32,1,294799.77,294799.77,2026-06-10,DELIVERED
146,56,163,18,247646.96,4457645.28,2026-05-22,DELIVERED
147,56,6,10,19624.01,196240.1,2026-06-15,DELIVERED
148,57,134,17,52959.07,900304.19,2026-10-03,OPEN
149,57,143,7,23866.39,167064.73,2026-10-02,OPEN
150,57,177,3,9082.58,27247.74,2026-10-12,DELIVERED
151,58,96,10,26809.71,268097.1,2026-05-01,DELIVERED
152,58,195,17,27805.25,472689.25,2026-04-28,DELIVERED
153,58,131,15,16964.46,254466.9,2026-04-21,DELIVERED
154,59,57,14,2674.46,37442.44,2026-08-28,DELIVERED
155,60,60,12,15969.74,191636.88,2026-08-07,OPEN
156,60,196,1,4061.23,4061.23,2026-08-26,OPEN
157,61,101,13,1765.42,22950.46,2026-07-21,OPEN
158,61,83,12,64202.48,770429.76,2026-07-13,OPEN
159,62,98,11,13500.72,148507.92,2026-05-02,DELIVERED
160,62,165,16,11564.23,185027.68,2026-03-28,DELIVERED
161,63,30,18,38760.41,697687.38,2026-08-08,DELIVERED
162,64,155,4,28815.51,115262.04,2026-07-15,DELIVERED
163,64,146,1,1750.91,1750.91,2026-08-29,DELIVERED
164,64,84,20,75469.31,1509386.2,2026-07-19,OPEN
165,65,138,12,25612.62,307351.44,2026-10-02,DELIVERED
166,65,108,14,38082.55,533155.7,2026-09-10,DELIVERED
167,65,20,20,57722.85,1154457.0,2026-08-31,OPEN
168,66,140,8,3153.31,25226.48,2026-09-10,DELIVERED
169,66,153,19,132328.14,2514234.66,2026-08-28,DELIVERED
170,67,93,8,73140.89,585127.12,2026-06-08,OPEN
171,67,62,10,2442.51,24425.1,2026-06-24,DELIVERED
172,68,60,8,16132.35,129058.8,2026-06-10,DELIVERED
173,68,20,3,56669.73,170009.19,2026-07-23,DELIVERED
174,69,98,11,13845.65,152302.15,2026-01-16,OPEN
175,69,106,17,2517.33,42794.61,2026-03-06,DELIVERED
176,69,196,7,4767.67,33373.69,2026-01-18,OPEN
177,70,46,13,282088.65,3667152.45,2026-08-18,DELIVERED
178,70,4,2,1932.61,3865.22,2026-08-15,DELIVERED
179,70,108,14,34954.66,489365.24,2026-08-17,OPEN
180,71,83,2,56376.62,112753.24,2026-06-27,OPEN
181,71,143,9,21960.52,197644.68,2026-07-23,OPEN
182,71,27,18,2741.43,49345.74,2026-07-23,OPEN
183,72,109,8,5382.83,43062.64,2026-10-26,DELIVERED
184,73,74,17,83222.83,1414788.11,2026-09-22,DELIVERED
185,73,158,7,11178.87,78252.09,2026-09-06,OPEN
186,73,133,19,104520.47,1985888.93,2026-09-08,OPEN
187,74,96,19,21914.1,416367.9,2026-02-23,OPEN
188,75,41,18,306177.18,5511189.24,2026-08-03,DELIVERED
189,75,133,17,101484.59,1725238.03,2026-07-01,DELIVERED
190,75,8,10,13974.9,139749.0,2026-08-04,DELIVERED
191,76,56,5,4865.91,24329.55,2026-02-24,DELIVERED
192,76,5,18,21444.21,385995.78,2026-03-07,DELIVERED
193,76,89,18,8496.04,152928.72,2026-02-27,DELIVERED
194,77,46,4,255242.26,1020969.04,2026-08-30,DELIVERED
195,77,166,15,206468.0,3097020.0,2026-09-09,DELIVERED
196,78,114,18,7824.22,140835.96,2026-07-30,DELIVERED
197,79,17,14,11601.66,162423.24,2026-05-15,DELIVERED
198,79,167,17,32457.88,551783.96,2026-05-17,DELIVERED
199,79,112,16,49085.41,785366.56,2026-06-24,DELIVERED
200,80,185,9,866.89,7802.01,2026-06-05,DELIVERED
201,80,144,12,70070.3,840843.6,2026-07-11,DELIVERED
202,81,197,20,278755.0,5575100.0,2026-04-10,DELIVERED
203,82,130,5,15871.4,79357.0,2026-09-07,DELIVERED
204,83,154,10,13963.45,139634.5,2026-06-04,OPEN
205,83,91,16,173.66,2778.56,2026-05-15,OPEN
206,83,26,3,301458.79,904376.37,2026-05-29,OPEN
207,84,9,19,80388.1,1527373.9,2026-07-20,DELIVERED
208,85,8,5,13453.76,67268.8,2026-03-30,DELIVERED
209,85,108,7,33261.34,232829.38,2026-03-28,DELIVERED
210,85,181,14,82101.68,1149423.52,2026-03-01,DELIVERED
211,86,193,2,2332.44,4664.88,2026-09-21,OPEN
212,87,51,13,297653.74,3869498.62,2026-01-19,DELIVERED
213,88,172,11,71671.0,788381.0,2026-03-22,DELIVERED
214,88,37,11,75871.81,834589.91,2026-03-24,DELIVERED
215,89,57,5,2376.43,11882.15,2026-03-12,DELIVERED
216,89,136,3,4832.53,14497.59,2026-03-28,OPEN
217,90,6,18,20136.1,362449.8,2026-04-29,OPEN
218,90,156,15,79084.95,1186274.25,2026-04-23,OPEN
219,90,90,11,1183.1,13014.1,2026-05-03,OPEN
220,91,118,9,33947.15,305524.35,2026-01-24,DELIVERED
221,91,88,19,27175.1,516326.9,2026-02-07,OPEN
222,91,69,5,1603.23,8016.15,2026-02-27,OPEN
223,92,53,17,1217.68,20700.56,2026-04-16,DELIVERED
224,93,144,12,69588.09,835057.08,2026-07-03,OPEN
225,93,25,3,1119.06,3357.18,2026-07-04,OPEN
226,94,20,13,56828.8,738774.4,2026-08-08,DELIVERED
227,95,159,16,51190.81,819052.96,2026-08-26,DELIVERED
228,95,63,9,168433.09,1515897.81,2026-08-25,DELIVERED
229,96,68,17,2862.65,48665.05,2026-09-22,DELIVERED
230,96,197,17,268219.41,4559729.97,2026-09-24,DELIVERED
231,96,204,1,74545.2,74545.2,2026-08-11,OPEN
232,97,83,11,56465.89,621124.79,2026-09-25,OPEN
233,97,199,19,2244.22,42640.18,2026-08-17,OPEN
234,98,181,1,85390.1,85390.1,2025-12-19,OPEN
235,99,111,4,3894.08,15576.32,2026-04-17,OPEN
236,99,14,13,10366.41,134763.33,2026-04-29,DELIVERED
237,99,182,8,2203.0,17624.0,2026-05-12,OPEN
238,100,173,1,21764.27,21764.27,2026-04-17,OPEN
239,101,21,8,5051.13,40409.04,2026-08-01,OPEN
240,102,155,3,31395.18,94185.54,2026-08-05,OPEN
241,102,16,2,8353.74,16707.48,2026-07-06,DELIVERED
242,103,121,9,37670.92,339038.28,2026-01-22,OPEN
243,103,48,14,5444.17,76218.38,2026-01-22,OPEN
244,103,176,2,5932.49,11864.98,2025-12-31,DELIVERED
245,104,33,20,12616.28,252325.6,2026-08-26,DELIVERED
246,105,149,6,35095.36,210572.16,2026-06-20,DELIVERED
247,105,57,1,2393.76,2393.76,2026-06-01,OPEN
248,105,38,10,15308.36,153083.6,2026-05-28,OPEN
249,106,63,11,149458.72,1644045.92,2026-07-23,DELIVERED
250,106,41,1,252430.85,252430.85,2026-08-08,OPEN
251,107,40,8,5165.34,41322.72,2026-03-20,OPEN
252,107,136,2,4012.02,8024.04,2026-03-12,DELIVERED
253,107,13,18,21810.33,392585.94,2026-03-23,OPEN
254,108,71,13,1661.03,21593.39,2026-03-31,DELIVERED
255,108,94,1,7479.24,7479.24,2026-04-02,DELIVERED
256,109,92,7,68512.0,479584.0,2026-04-07,DELIVERED
257,110,34,17,40646.52,690990.84,2026-05-28,DELIVERED
258,110,13,9,25390.51,228514.59,2026-05-27,DELIVERED
259,110,71,5,1468.82,7344.1,2026-06-11,DELIVERED
260,111,157,13,167280.4,2174645.2,2026-02-02,DELIVERED
261,111,79,18,61357.02,1104426.36,2026-03-22,OPEN
262,111,34,10,39626.12,396261.2,2026-03-10,DELIVERED
263,112,61,1,14407.15,14407.15,2026-02-04,DELIVERED
264,113,128,6,6972.38,41834.28,2026-08-10,OPEN
265,113,156,5,68646.51,343232.55,2026-09-09,DELIVERED
266,114,75,7,17197.57,120382.99,2026-02-24,DELIVERED
267,115,203,5,167523.62,837618.1,2026-01-25,DELIVERED
268,115,148,4,207765.22,831060.88,2025-12-20,DELIVERED
269,115,41,5,248550.13,1242750.65,2026-01-25,DELIVERED
270,116,152,1,21570.69,21570.69,2026-02-21,OPEN
271,116,184,13,44210.38,574734.94,2026-01-25,DELIVERED
272,116,29,4,45890.64,183562.56,2026-02-13,DELIVERED
273,117,154,8,15171.71,121373.68,2026-08-20,DELIVERED
274,117,11,3,341445.85,1024337.55,2026-08-20,DELIVERED
275,118,146,12,1890.94,22691.28,2026-06-18,DELIVERED
276,119,104,1,32128.96,32128.96,2026-03-18,DELIVERED
277,119,139,12,5507.15,66085.8,2026-04-12,DELIVERED
278,120,139,17,5004.09,85069.53,2026-03-23,OPEN
279,120,136,9,3983.27,35849.43,2026-03-03,OPEN
280,120,195,13,30150.74,391959.62,2026-02-14,OPEN
281,120,58,9,32427.61,291848.49,2026-02-15,DELIVERED
282,120,170,20,29537.4,590748.0,2026-03-20,DELIVERED
283,120,2,16,127597.0,2041552.0,2026-03-31,OPEN
284,120,103,18,33970.26,611464.68,2026-03-25,DELIVERED
285,120,72,4,91586.99,366347.96,2026-03-06,DELIVERED
286,120,133,17,105850.65,1799461.05,2026-02-20,OPEN
287,120,13,20,25583.97,511679.4,2026-03-01,DELIVERED
288,121,64,20,2913.94,58278.8,2026-09-22,DELIVERED
289,121,145,19,66258.87,1258918.53,2026-08-13,OPEN
290,122,98,4,14344.06,57376.24,2026-09-26,DELIVERED
291,123,182,17,2193.38,37287.46,2026-01-31,DELIVERED
292,123,75,12,18456.74,221480.88,2026-03-13,DELIVERED
293,123,13,12,22566.26,270795.12,2026-02-01,DELIVERED
294,124,102,19,152506.43,2897622.17,2026-08-18,DELIVERED
295,124,136,16,4836.02,77376.32,2026-09-21,DELIVERED
296,124,40,2,5586.31,11172.62,2026-09-27,OPEN
297,125,37,1,67114.19,67114.19,2026-04-01,DELIVERED
298,126,186,9,74178.69,667608.21,2026-03-24,OPEN
299,126,45,2,29792.06,59584.12,2026-03-02,DELIVERED
300,127,38,4,13887.23,55548.92,2026-05-24,OPEN
301,127,81,20,33122.25,662445.0,2026-06-20,OPEN
302,127,157,12,159631.23,1915574.76,2026-05-27,OPEN
303,128,2,19,124692.35,2369154.65,2026-06-23,DELIVERED
304,129,205,10,44659.64,446596.4,2026-01-30,DELIVERED
305,129,155,13,33775.83,439085.79,2026-02-04,OPEN
306,130,69,15,1656.23,24843.45,2026-07-11,DELIVERED
307,130,181,3,97682.14,293046.42,2026-07-20,DELIVERED
308,130,166,14,208938.91,2925144.74,2026-06-15,DELIVERED
309,131,176,13,5858.02,76154.26,2026-04-03,DELIVERED
310,132,129,4,253812.34,1015249.36,2026-09-22,DELIVERED
311,132,162,19,1589.87,30207.53,2026-09-24,DELIVERED
312,133,2,10,128138.34,1281383.4,2026-07-08,OPEN
313,133,170,15,28048.88,420733.2,2026-05-24,OPEN
314,133,149,9,30466.45,274198.05,2026-06-07,OPEN
315,134,134,3,58897.91,176693.73,2026-02-18,OPEN
316,134,58,16,32627.06,522032.96,2026-01-27,OPEN
317,134,72,17,87285.63,1483855.71,2026-01-03,OPEN
318,135,183,10,5536.87,55368.7,2026-07-03,OPEN
319,136,84,14,86313.09,1208383.26,2026-02-16,DELIVERED
320,136,95,18,2470.87,44475.66,2026-03-05,DELIVERED
321,136,9,13,93774.92,1219073.96,2026-02-20,DELIVERED
322,137,67,16,38255.71,612091.36,2026-07-22,DELIVERED
323,137,76,7,11398.75,79791.25,2026-08-02,DELIVERED
324,137,128,10,6941.68,69416.8,2026-07-26,DELIVERED
325,138,73,20,59444.73,1188894.6,2026-08-02,DELIVERED
326,139,56,7,4542.63,31798.41,2026-04-28,OPEN
327,140,129,14,307988.89,4311844.46,2026-04-13,DELIVERED
328,140,109,14,5108.06,71512.84,2026-04-06,DELIVERED
329,141,142,19,74674.09,1418807.71,2026-09-10,DELIVERED
330,141,34,4,37759.66,151038.64,2026-10-21,DELIVERED
331,141,4,11,1958.39,21542.29,2026-09-23,DELIVERED
332,142,110,19,3174.5,60315.5,2026-09-02,DELIVERED
333,142,54,3,670.42,2011.26,2026-08-11,OPEN
334,142,35,2,3968.08,7936.16,2026-08-20,OPEN
335,142,82,3,66184.24,198552.72,2026-08-05,OPEN
336,142,168,19,6523.1,123938.9,2026-09-08,DELIVERED
337,142,118,4,29932.97,119731.88,2026-08-16,OPEN
338,143,172,14,65102.68,911437.52,2026-08-16,OPEN
339,143,181,12,99280.49,1191365.88,2026-09-11,OPEN
340,144,170,20,30820.55,616411.0,2026-06-17,OPEN
341,144,1,19,117217.44,2227131.36,2026-06-09,DELIVERED
342,144,79,3,56123.79,168371.37,2026-07-09,OPEN
343,145,121,16,42356.83,677709.28,2026-05-03,DELIVERED
344,146,68,2,2661.91,5323.82,2026-07-08,DELIVERED
345,147,93,16,62045.85,992733.6,2026-02-24,DELIVERED
346,147,155,3,33278.36,99835.08,2026-03-18,DELIVERED
347,147,86,11,247514.6,2722660.6,2026-04-09,DELIVERED
348,148,61,20,15033.32,300666.4,2026-02-06,DELIVERED
349,148,169,15,149533.7,2243005.5,2026-02-06,DELIVERED
350,148,4,17,2220.47,37747.99,2026-02-12,DELIVERED
351,149,55,15,346.23,5193.45,2026-05-11,DELIVERED
352,149,19,3,153830.06,461490.18,2026-06-09,DELIVERED
353,150,183,6,5259.29,31555.74,2026-03-01,DELIVERED
354,150,63,3,158006.9,474020.7,2026-02-21,DELIVERED
355,151,173,5,20409.96,102049.8,2026-06-13,OPEN
356,152,38,19,16434.75,312260.25,2026-05-08,OPEN
357,152,85,2,104053.56,208107.12,2026-05-18,OPEN
358,152,31,1,2171.12,2171.12,2026-05-05,DELIVERED
359,153,142,18,73267.88,1318821.84,2026-09-02,OPEN
360,153,4,5,2099.08,10495.4,2026-08-07,DELIVERED
361,154,176,1,6167.65,6167.65,2026-06-12,DELIVERED
362,154,65,18,43825.3,788855.4,2026-06-27,DELIVERED
363,155,163,15,243738.11,3656071.65,2026-10-04,DELIVERED
364,155,161,16,14712.45,235399.2,2026-10-03,OPEN
365,156,84,5,76522.77,382613.85,2026-11-05,DELIVERED
366,156,122,19,1718.6,32653.4,2026-12-12,OPEN
367,156,178,8,4189.04,33512.32,2026-11-07,OPEN
368,157,27,14,2707.78,37908.92,2026-05-14,DELIVERED
369,158,49,1,108347.85,108347.85,2026-08-13,DELIVERED
370,158,124,11,115684.06,1272524.66,2026-07-31,DELIVERED
371,159,131,13,16920.22,219962.86,2026-06-13,DELIVERED
372,160,125,14,15609.15,218528.1,2026-04-17,OPEN
373,160,17,8,10689.67,85517.36,2026-04-14,DELIVERED
374,161,35,16,4191.44,67063.04,2026-03-28,OPEN
375,162,87,12,54069.95,648839.4,2026-09-19,OPEN
376,162,33,19,10579.81,201016.39,2026-08-29,OPEN
377,162,28,3,146419.03,439257.09,2026-08-29,OPEN
378,162,150,15,866.53,12997.95,2026-09-06,OPEN
379,162,172,2,71160.19,142320.38,2026-08-18,DELIVERED
380,162,172,20,72266.03,1445320.6,2026-09-30,DELIVERED
381,162,96,18,24175.11,435151.98,2026-09-24,DELIVERED
382,162,23,6,18101.03,108606.18,2026-09-07,DELIVERED
383,162,53,8,1080.6,8644.8,2026-08-27,DELIVERED
384,162,26,6,316820.93,1900925.58,2026-09-03,DELIVERED
385,163,31,16,1872.49,29959.84,2026-10-09,DELIVERED
386,163,28,12,136449.57,1637394.84,2026-10-12,DELIVERED
387,164,35,9,3690.65,33215.85,2026-07-26,OPEN
388,164,58,13,29786.94,387230.22,2026-07-01,DELIVERED
389,164,121,12,38134.87,457618.44,2026-08-14,OPEN
390,165,108,12,33424.17,401090.04,2026-09-15,DELIVERED
391,165,138,13,28124.49,365618.37,2026-09-03,DELIVERED
392,166,123,16,22230.59,355689.44,2026-03-18,DELIVERED
393,167,182,8,2088.79,16710.32,2026-07-24,DELIVERED
394,167,28,5,155370.19,776850.95,2026-07-09,DELIVERED
395,168,73,7,63558.78,444911.46,2026-04-27,OPEN
396,168,94,19,6939.03,131841.57,2026-04-07,DELIVERED
397,169,153,15,122137.52,1832062.8,2026-06-12,DELIVERED
398,169,128,8,6787.9,54303.2,2026-05-16,DELIVERED
399,169,141,19,7690.33,146116.27,2026-06-19,DELIVERED
400,170,164,16,26255.7,420091.2,2026-07-16,DELIVERED
401,170,59,4,68368.34,273473.36,2026-07-14,DELIVERED
402,170,123,12,23721.95,284663.4,2026-08-09,DELIVERED
403,171,108,4,36483.53,145934.12,2026-05-07,DELIVERED
404,171,26,4,313760.45,1255041.8,2026-05-16,DELIVERED
405,172,203,1,181465.22,181465.22,2026-07-30,DELIVERED
406,173,155,4,31670.73,126682.92,2026-01-28,OPEN
407,173,142,15,67334.46,1010016.9,2026-02-28,OPEN
408,174,119,7,4047.87,28335.09,2026-08-28,DELIVERED
409,174,16,2,10044.92,20089.84,2026-07-21,DELIVERED
410,174,26,8,278216.4,2225731.2,2026-07-31,DELIVERED
411,175,162,20,1429.09,28581.8,2026-09-01,DELIVERED
412,175,183,1,6033.78,6033.78,2026-09-25,DELIVERED
413,175,30,5,37802.87,189014.35,2026-09-01,DELIVERED
414,176,45,16,30253.93,484062.88,2026-01-10,DELIVERED
415,176,170,7,30820.79,215745.53,2026-01-12,DELIVERED
416,176,17,5,12398.89,61994.45,2026-02-01,OPEN
417,177,2,17,149280.71,2537772.07,2026-06-13,OPEN
418,177,63,7,167274.33,1170920.31,2026-05-21,DELIVERED
419,177,64,16,2780.11,44481.76,2026-05-09,DELIVERED
420,178,33,3,12271.28,36813.84,2026-08-19,OPEN
421,178,6,9,19883.38,178950.42,2026-08-18,OPEN
422,178,59,15,69323.6,1039854.0,2026-09-14,OPEN
423,179,21,6,4839.21,29035.26,2026-09-02,DELIVERED
424,179,91,1,169.54,169.54,2026-08-20,DELIVERED
425,179,173,13,18798.84,244384.92,2026-09-18,DELIVERED
426,180,114,6,8126.51,48759.06,2026-04-24,DELIVERED
427,181,59,6,69135.91,414815.46,2026-04-21,DELIVERED
428,181,83,15,53552.97,803294.55,2026-03-22,DELIVERED
429,181,4,14,1901.41,26619.74,2026-04-09,DELIVERED
430,182,190,11,105876.15,1164637.65,2026-03-02,OPEN
431,182,111,9,3865.59,34790.31,2026-03-13,OPEN
432,182,145,15,62060.01,930900.15,2026-03-23,OPEN
433,182,16,10,10228.57,102285.7,2026-03-01,DELIVERED
434,182,58,17,32856.94,558567.98,2026-03-11,DELIVERED
435,182,135,19,40696.43,773232.17,2026-02-05,DELIVERED
436,182,179,7,34485.58,241399.06,2026-02-12,DELIVERED
437,183,6,18,17902.36,322242.48,2026-05-07,DELIVERED
438,184,181,3,88860.02,266580.06,2026-09-24,DELIVERED
439,185,105,16,11773.44,188375.04,2026-08-07,DELIVERED
440,185,171,11,7125.84,78384.24,2026-07-13,OPEN
441,186,89,3,8524.84,25574.52,2026-04-20,DELIVERED
442,186,179,19,35135.24,667569.56,2026-03-31,OPEN
443,187,140,18,3275.01,58950.18,2026-08-08,DELIVERED
444,187,56,7,4558.49,31909.43,2026-08-23,DELIVERED
445,188,108,9,38640.99,347768.91,2026-08-01,OPEN
446,188,141,5,7259.49,36297.45,2026-07-10,OPEN
447,188,178,18,4147.57,74656.26,2026-07-02,OPEN
448,189,185,7,988.37,6918.59,2026-07-04,DELIVERED
449,189,166,16,207556.34,3320901.44,2026-06-11,OPEN
450,190,153,5,116816.04,584080.2,2026-05-18,OPEN
451,190,180,11,17447.67,191924.37,2026-05-14,DELIVERED
452,190,18,9,81188.21,730693.89,2026-05-22,OPEN
453,191,156,12,69779.05,837348.6,2026-01-13,DELIVERED
454,191,158,13,11001.22,143015.86,2026-01-18,OPEN
455,192,183,20,5133.62,102672.4,2026-05-03,DELIVERED
456,192,66,16,146175.62,2338809.92,2026-05-23,DELIVERED
457,193,201,20,448835.85,8976717.0,2026-06-17,OPEN
458,193,25,17,1109.41,18859.97,2026-07-07,OPEN
459,193,38,7,14433.34,101033.38,2026-06-10,OPEN
460,194,106,4,2845.06,11380.24,2026-05-31,DELIVERED
461,195,58,13,33101.13,430314.69,2026-07-26,DELIVERED
462,196,163,11,252533.13,2777864.43,2026-03-13,DELIVERED
463,196,185,13,1043.85,13570.05,2026-03-31,OPEN
464,196,19,8,126646.71,1013173.68,2026-03-15,DELIVERED
465,197,67,11,35446.52,389911.72,2026-09-14,DELIVERED
466,197,32,18,256653.54,4619763.72,2026-09-03,DELIVERED
467,198,171,20,7143.14,142862.8,2026-02-20,DELIVERED
468,199,41,18,287331.85,5171973.3,2026-07-08,OPEN
469,199,50,7,10437.64,73063.48,2026-06-30,DELIVERED
470,199,61,13,13086.94,170130.22,2026-05-26,DELIVERED
471,200,45,4,35005.77,140023.08,2026-08-24,DELIVERED
472,200,6,16,17218.63,275498.08,2026-09-01,DELIVERED
473,201,117,20,22432.28,448645.6,2026-02-12,DELIVERED
474,201,113,2,173495.62,346991.24,2026-02-22,OPEN
475,202,89,11,8244.95,90694.45,2026-04-15,DELIVERED
476,203,75,5,19972.3,99861.5,2026-04-21,OPEN
477,203,139,10,5471.86,54718.6,2026-04-10,OPEN
478,203,159,10,61540.26,615402.6,2026-03-30,OPEN
479,204,145,16,72974.83,1167597.28,2026-03-03,DELIVERED
480,205,72,11,81225.09,893475.99,2026-06-29,DELIVERED
481,205,102,3,150934.11,452802.33,2026-06-07,DELIVERED
482,206,173,11,21276.76,234044.36,2026-10-16,OPEN
483,206,159,6,60869.88,365219.28,2026-10-10,OPEN
484,207,11,12,355736.79,4268841.48,2026-09-12,DELIVERED
485,207,147,12,194089.56,2329074.72,2026-08-27,DELIVERED
486,207,135,19,41308.81,784867.39,2026-08-29,DELIVERED
487,207,24,1,54913.26,54913.26,2026-08-01,DELIVERED
488,207,180,12,19543.99,234527.88,2026-08-14,DELIVERED
489,207,86,16,242931.5,3886904.0,2026-08-11,DELIVERED
490,207,192,17,7116.54,120981.18,2026-08-23,DELIVERED
491,208,109,13,5354.63,69610.19,2026-07-12,DELIVERED
492,208,30,16,38022.52,608360.32,2026-06-28,DELIVERED
493,209,49,20,113126.71,2262534.2,2026-07-29,DELIVERED
494,209,166,5,195836.79,979183.95,2026-06-17,DELIVERED
495,210,178,10,3665.6,36656.0,2026-03-13,OPEN
496,211,21,4,5279.08,21116.32,2026-06-14,DELIVERED
497,211,100,16,113315.1,1813041.6,2026-06-06,OPEN
498,212,154,20,12940.02,258800.4,2026-07-31,OPEN
499,212,6,20,16768.9,335378.0,2026-08-18,OPEN
500,212,107,12,58605.24,703262.88,2026-08-17,OPEN
501,213,68,10,2422.24,24222.4,2026-08-01,DELIVERED
502,213,37,5,76273.64,381368.2,2026-09-02,DELIVERED
503,213,117,12,24997.68,299972.16,2026-08-31,DELIVERED
504,213,10,6,24963.3,149779.8,2026-08-28,DELIVERED
505,213,130,7,14625.28,102376.96,2026-08-10,DELIVERED
506,213,123,4,25098.68,100394.72,2026-08-05,DELIVERED
507,213,33,19,11856.77,225278.63,2026-09-17,DELIVERED
508,214,114,10,9182.38,91823.8,2026-06-18,DELIVERED
509,214,108,14,39242.68,549397.52,2026-06-16,OPEN
510,215,10,6,24298.93,145793.58,2026-03-25,DELIVERED
511,215,49,3,112760.74,338282.22,2026-03-27,DELIVERED
512,216,2,7,152353.87,1066477.09,2026-05-30,DELIVERED
513,217,76,18,11410.22,205383.96,2026-06-04,DELIVERED
514,217,197,8,246133.57,1969068.56,2026-06-22,DELIVERED
515,218,60,6,15654.18,93925.08,2026-05-31,DELIVERED
516,219,116,5,131470.9,657354.5,2026-06-19,DELIVERED
517,219,27,7,2481.69,17371.83,2026-07-15,DELIVERED
518,219,152,9,20679.42,186114.78,2026-06-03,DELIVERED
519,220,118,18,30255.94,544606.92,2026-04-15,OPEN
520,220,113,16,175658.1,2810529.6,2026-04-19,DELIVERED
521,220,106,1,2581.28,2581.28,2026-03-04,OPEN
522,221,1,13,115783.89,1505190.57,2026-08-16,DELIVERED
523,221,58,2,28033.25,56066.5,2026-09-22,DELIVERED
524,221,25,17,1082.57,18403.69,2026-08-19,DELIVERED
525,222,16,17,9441.27,160501.59,2026-04-23,DELIVERED
526,223,93,14,73227.63,1025186.82,2026-07-05,DELIVERED
527,223,114,19,9344.39,177543.41,2026-06-06,DELIVERED
528,223,170,13,30960.81,402490.53,2026-06-10,DELIVERED
529,224,202,1,121045.21,121045.21,2026-05-31,DELIVERED
530,224,25,10,1065.77,10657.7,2026-05-30,DELIVERED
531,225,89,20,8995.46,179909.2,2026-02-03,DELIVERED
532,225,66,10,164417.96,1644179.6,2026-01-17,DELIVERED
533,226,18,8,97082.17,776657.36,2026-11-16,DELIVERED
534,226,186,5,71606.85,358034.25,2026-10-15,DELIVERED
535,226,100,20,125048.82,2500976.4,2026-10-13,DELIVERED
536,227,59,8,61216.57,489732.56,2026-03-17,DELIVERED
537,228,76,15,11378.91,170683.65,2026-03-08,DELIVERED
538,228,119,16,3891.63,62266.08,2026-03-12,DELIVERED
539,229,7,6,13717.78,82306.68,2026-01-19,DELIVERED
540,229,105,16,11785.4,188566.4,2026-02-13,DELIVERED
541,230,29,17,51805.15,880687.55,2026-09-19,DELIVERED
542,230,198,12,66522.07,798264.84,2026-09-22,DELIVERED
543,231,1,7,125763.35,880343.45,2026-05-30,DELIVERED
544,232,91,14,201.89,2826.46,2026-03-22,OPEN
545,232,88,14,30488.17,426834.38,2026-02-24,DELIVERED
546,233,164,14,23174.19,324438.66,2026-04-04,DELIVERED
547,234,176,3,5062.02,15186.06,2026-03-20,OPEN
548,235,79,8,55907.08,447256.64,2026-07-15,DELIVERED
549,235,194,12,114313.39,1371760.68,2026-07-14,OPEN
550,236,153,17,115857.66,1969580.22,2026-04-21,DELIVERED
551,237,193,20,2735.29,54705.8,2026-01-25,OPEN
552,238,136,18,4224.23,76036.14,2026-08-03,OPEN
553,238,34,3,34907.62,104722.86,2026-07-05,OPEN
554,239,197,8,286433.97,2291471.76,2026-06-28,DELIVERED
555,240,88,3,26124.6,78373.8,2026-02-01,DELIVERED
556,241,33,5,11866.42,59332.1,2026-04-09,DELIVERED
557,241,43,7,3193.4,22353.8,2026-04-04,DELIVERED
558,242,191,1,25101.14,25101.14,2026-09-06,DELIVERED
559,243,53,9,1062.45,9562.05,2026-09-09,OPEN
560,243,182,14,2263.39,31687.46,2026-09-15,OPEN
561,244,160,14,1100.1,15401.4,2026-04-03,OPEN
562,245,59,15,61805.3,927079.5,2026-10-01,OPEN
563,245,127,15,47517.14,712757.1,2026-10-02,DELIVERED
564,246,90,12,1221.92,14663.04,2026-05-08,DELIVERED
565,246,121,19,41965.37,797342.03,2026-04-28,DELIVERED
566,247,62,8,2704.69,21637.52,2026-07-21,DELIVERED
567,247,161,1,13823.05,13823.05,2026-07-15,DELIVERED
568,248,78,6,54464.39,326786.34,2026-06-05,DELIVERED
569,248,173,8,19877.42,159019.36,2026-06-10,DELIVERED
570,248,179,7,37295.18,261066.26,2026-07-03,DELIVERED
571,249,24,18,58604.45,1054880.1,2026-07-27,DELIVERED
572,249,34,2,38077.44,76154.88,2026-07-28,DELIVERED
573,250,135,5,42300.89,211504.45,2026-10-02,DELIVERED
574,251,48,10,5599.11,55991.1,2026-04-01,DELIVERED
575,251,156,18,80843.97,1455191.46,2026-03-18,OPEN
576,251,170,1,31582.17,31582.17,2026-04-08,DELIVERED
577,252,94,2,7548.84,15097.68,2026-09-04,DELIVERED
578,253,128,19,6877.16,130666.04,2026-08-12,DELIVERED
579,253,135,11,39600.82,435609.02,2026-08-09,DELIVERED
580,253,142,15,70610.78,1059161.7,2026-07-11,DELIVERED
581,254,140,6,2916.59,17499.54,2026-05-29,DELIVERED
582,254,137,6,19265.75,115594.5,2026-05-24,DELIVERED
583,255,38,3,14995.23,44985.69,2026-03-18,DELIVERED
584,255,164,4,22637.76,90551.04,2026-04-08,DELIVERED
585,256,154,11,14901.31,163914.41,2026-04-10,DELIVERED
586,256,22,1,27172.84,27172.84,2026-04-25,OPEN
587,256,4,15,1948.11,29221.65,2026-05-05,DELIVERED
588,257,87,9,58416.94,525752.46,2026-09-19,DELIVERED
589,258,192,5,7645.14,38225.7,2026-04-18,DELIVERED
590,259,135,19,37028.16,703535.04,2026-04-30,DELIVERED
591,260,25,4,1015.24,4060.96,2026-08-06,DELIVERED
592,260,189,16,78422.65,1254762.4,2026-08-07,DELIVERED
593,261,21,9,5042.68,45384.12,2026-10-07,DELIVERED
594,262,59,5,59285.29,296426.45,2026-07-01,DELIVERED
595,262,204,15,81112.42,1216686.3,2026-05-30,DELIVERED
596,263,136,16,3959.44,63351.04,2026-08-20,DELIVERED
597,263,115,3,20291.59,60874.77,2026-08-05,OPEN
598,263,12,3,16301.22,48903.66,2026-07-28,DELIVERED
599,264,187,8,21914.8,175318.4,2026-03-21,OPEN
600,265,2,18,127613.51,2297043.18,2026-03-26,DELIVERED
601,265,191,14,26288.6,368040.4,2026-03-31,DELIVERED
602,265,181,18,85068.01,1531224.18,2026-05-10,DELIVERED
603,266,142,5,71909.66,359548.3,2026-01-10,DELIVERED
604,267,131,6,17603.65,105621.9,2026-02-17,DELIVERED
605,267,154,3,14594.58,43783.74,2026-01-05,DELIVERED
606,267,142,17,67824.76,1153020.92,2026-01-01,DELIVERED
607,268,26,3,316878.06,950634.18,2026-08-11,DELIVERED
608,268,104,3,26494.54,79483.62,2026-08-21,DELIVERED
609,268,25,19,1143.2,21720.8,2026-08-16,OPEN
610,269,200,2,29670.99,59341.98,2026-10-11,DELIVERED
611,269,191,5,25721.85,128609.25,2026-10-04,DELIVERED
612,270,70,11,75049.15,825540.65,2026-05-12,OPEN
613,271,135,8,34408.59,275268.72,2026-05-18,DELIVERED
614,271,175,20,2297.94,45958.8,2026-06-04,OPEN
615,271,94,12,6617.54,79410.48,2026-05-13,DELIVERED
616,272,123,1,20832.32,20832.32,2026-07-20,DELIVERED
617,272,86,7,265179.83,1856258.81,2026-07-22,DELIVERED
618,272,27,15,2771.74,41576.1,2026-07-21,DELIVERED
619,272,187,5,22149.24,110746.2,2026-07-16,OPEN
620,272,116,14,120203.09,1682843.26,2026-06-16,OPEN
621,272,189,20,81364.92,1627298.4,2026-06-25,OPEN
622,273,15,15,93676.3,1405144.5,2026-02-05,DELIVERED
623,273,102,17,169109.24,2874857.08,2026-01-27,DELIVERED
624,273,92,16,69833.68,1117338.88,2026-03-17,DELIVERED
625,274,73,19,51917.43,986431.17,2026-08-23,OPEN
626,275,176,13,6032.82,78426.66,2026-02-10,OPEN
627,275,74,2,84623.53,169247.06,2026-02-16,DELIVERED
628,275,81,15,35543.5,533152.5,2026-03-03,DELIVERED
629,276,155,16,35311.37,564981.92,2026-08-23,DELIVERED
630,277,31,2,2107.65,4215.3,2026-04-10,DELIVERED
631,278,28,6,148196.81,889180.86,2026-06-21,OPEN
632,279,104,1,28121.02,28121.02,2026-06-14,OPEN
633,280,112,11,48744.51,536189.61,2026-07-07,OPEN
634,281,67,18,32768.3,589829.4,2026-05-01,OPEN
635,281,190,11,105715.16,1162866.76,2026-05-01,OPEN
636,282,62,10,2331.42,23314.2,2026-03-17,OPEN
637,282,189,15,72193.85,1082907.75,2026-04-04,OPEN
638,282,172,13,71336.65,927376.45,2026-03-07,DELIVERED
639,283,116,8,120745.34,965962.72,2026-10-03,DELIVERED
640,283,5,1,20817.66,20817.66,2026-10-01,DELIVERED
641,284,31,4,1923.23,7692.92,2026-05-08,DELIVERED
642,284,51,18,348031.02,6264558.36,2026-05-12,DELIVERED
643,285,77,3,66221.9,198665.7,2026-05-16,DELIVERED
644,285,75,10,20314.07,203140.7,2026-06-11,DELIVERED
645,286,31,8,1900.91,15207.28,2026-06-15,DELIVERED
646,286,39,19,34474.07,655007.33,2026-06-17,DELIVERED
647,286,14,12,10308.87,123706.44,2026-05-28,DELIVERED
648,287,114,10,8596.82,85968.2,2026-02-17,OPEN
649,288,50,18,10985.47,197738.46,2026-04-28,DELIVERED
650,289,190,13,111077.77,1444011.01,2026-05-31,DELIVERED
651,289,82,10,63629.93,636299.3,2026-05-31,OPEN
652,290,173,7,18633.1,130431.7,2026-09-19,DELIVERED
653,290,77,14,70069.8,980977.2,2026-10-15,DELIVERED
654,290,2,16,124561.42,1992982.72,2026-08-31,DELIVERED
655,290,198,4,65623.5,262494.0,2026-09-14,DELIVERED
656,290,25,16,927.39,14838.24,2026-10-10,DELIVERED
657,290,46,14,284894.42,3988521.88,2026-10-09,DELIVERED
658,290,74,9,91740.63,825665.67,2026-09-12,DELIVERED
659,290,105,5,12627.06,63135.3,2026-10-11,DELIVERED
660,290,107,1,55753.15,55753.15,2026-09-28,DELIVERED
661,291,73,8,58103.12,464824.96,2026-04-04,DELIVERED
662,291,54,3,700.38,2101.14,2026-04-13,DELIVERED
663,291,81,16,35541.58,568665.28,2026-05-06,DELIVERED
664,292,7,6,13427.32,80563.92,2026-02-05,DELIVERED
665,292,92,9,70712.34,636411.06,2026-02-05,OPEN
666,292,84,9,86016.4,774147.6,2026-01-02,OPEN
667,293,141,10,7505.63,75056.3,2026-03-06,DELIVERED
668,293,39,7,32254.52,225781.64,2026-03-04,DELIVERED
669,294,47,3,6113.68,18341.04,2026-06-19,DELIVERED
670,294,161,11,14882.01,163702.11,2026-07-11,DELIVERED
671,294,127,13,48274.86,627573.18,2026-07-05,DELIVERED
672,295,9,7,98605.72,690240.04,2026-06-25,DELIVERED
673,295,129,9,292117.73,2629059.57,2026-06-22,DELIVERED
674,295,69,17,1550.74,26362.58,2026-06-21,DELIVERED
675,296,143,13,20052.08,260677.04,2026-04-01,DELIVERED
676,296,113,3,163474.06,490422.18,2026-03-17,DELIVERED
677,297,203,8,179834.65,1438677.2,2026-09-10,DELIVERED
678,297,122,19,1490.57,28320.83,2026-08-24,DELIVERED
679,298,30,5,41955.87,209779.35,2026-09-27,DELIVERED
680,298,100,19,112487.79,2137268.01,2026-10-01,DELIVERED
681,298,5,3,22712.95,68138.85,2026-09-04,DELIVERED
682,299,123,6,25413.86,152483.16,2026-04-16,DELIVERED
683,299,172,1,77457.91,77457.91,2026-04-24,DELIVERED
684,300,14,8,11304.19,90433.52,2026-02-14,DELIVERED
685,301,38,18,14537.97,261683.46,2026-08-18,DELIVERED
686,302,46,4,292151.26,1168605.04,2026-02-06,OPEN
687,302,22,5,22739.01,113695.05,2026-02-22,DELIVERED
688,303,127,7,52699.07,368893.49,2026-05-05,DELIVERED
689,304,20,13,54918.29,713937.77,2026-08-28,DELIVERED
690,305,71,10,1436.68,14366.8,2026-09-16,OPEN
691,306,36,16,142242.92,2275886.72,2026-03-12,OPEN
692,307,72,7,83985.73,587900.11,2026-04-24,DELIVERED
693,307,104,12,31221.47,374657.64,2026-04-16,DELIVERED
694,308,37,18,76667.37,1380012.66,2026-03-02,OPEN
695,308,74,6,78427.22,470563.32,2026-04-09,DELIVERED
696,309,62,12,2585.69,31028.28,2026-07-05,OPEN
697,310,85,3,103741.32,311223.96,2026-01-16,DELIVERED
698,311,53,6,1016.37,6098.22,2026-08-28,DELIVERED
699,311,58,20,31319.58,626391.6,2026-08-24,DELIVERED
700,312,90,3,1263.52,3790.56,2026-09-27,OPEN
701,312,26,10,315272.59,3152725.9,2026-09-19,OPEN
702,313,19,18,134489.23,2420806.14,2026-04-13,DELIVERED
703,314,63,1,154640.86,154640.86,2026-08-15,DELIVERED
704,314,85,18,102370.84,1842675.12,2026-09-10,DELIVERED
705,315,13,2,23030.82,46061.64,2026-09-02,DELIVERED
706,316,80,5,8032.6,40163.0,2026-01-10,DELIVERED
707,317,60,9,15498.39,139485.51,2026-06-22,OPEN
708,317,73,6,52048.57,312291.42,2026-06-18,DELIVERED
709,318,15,5,81151.56,405757.8,2026-08-27,DELIVERED
710,319,15,5,86461.21,432306.05,2026-08-26,DELIVERED
711,320,56,11,4238.1,46619.1,2026-07-17,DELIVERED
712,321,82,15,68338.3,1025074.5,2026-06-08,DELIVERED
713,321,146,2,1757.48,3514.96,2026-06-15,OPEN
714,322,135,1,39562.15,39562.15,2026-04-19,DELIVERED
715,323,39,6,32742.92,196457.52,2026-10-01,DELIVERED
716,324,72,17,95258.12,1619388.04,2026-09-22,DELIVERED
717,325,133,9,104782.67,943044.03,2026-08-04,DELIVERED
718,325,113,12,157801.02,1893612.24,2026-08-12,OPEN
719,325,23,12,18171.14,218053.68,2026-06-28,DELIVERED
720,326,179,11,37059.04,407649.44,2026-05-21,DELIVERED
721,326,120,16,75025.06,1200400.96,2026-06-16,DELIVERED
722,326,181,18,85663.34,1541940.12,2026-05-18,DELIVERED
723,327,57,3,2193.12,6579.36,2026-07-06,DELIVERED
724,327,68,9,2581.59,23234.31,2026-07-09,DELIVERED
725,328,38,10,16377.16,163771.6,2026-06-20,DELIVERED
726,329,138,4,30686.07,122744.28,2026-02-27,DELIVERED
727,329,84,4,86118.88,344475.52,2026-04-01,DELIVERED
728,330,82,12,68010.71,816128.52,2026-08-07,DELIVERED
729,330,186,10,75338.47,753384.7,2026-08-01,OPEN
730,331,165,1,12753.57,12753.57,2026-09-12,OPEN
731,331,133,11,104926.82,1154195.02,2026-09-02,OPEN
732,332,14,12,10369.24,124430.88,2026-06-24,DELIVERED
733,332,48,16,5057.9,80926.4,2026-08-08,DELIVERED
734,333,30,10,40954.49,409544.9,2026-05-15,DELIVERED
735,334,65,11,47226.29,519489.19,2026-08-27,DELIVERED
736,335,146,1,1910.68,1910.68,2026-03-19,OPEN
737,335,11,14,327272.0,4581808.0,2026-04-14,OPEN
738,335,75,20,18872.97,377459.4,2026-03-20,DELIVERED
739,336,96,2,25573.3,51146.6,2026-09-02,DELIVERED
740,336,169,14,150314.61,2104404.54,2026-09-05,DELIVERED
741,336,174,2,43913.98,87827.96,2026-09-02,DELIVERED
742,337,47,20,5909.89,118197.8,2026-09-21,OPEN
743,337,105,11,11649.78,128147.58,2026-09-10,DELIVERED
744,338,179,13,33887.88,440542.44,2026-05-22,OPEN
745,338,124,19,105294.36,2000592.84,2026-05-21,DELIVERED
746,338,25,9,1008.65,9077.85,2026-04-23,OPEN
747,339,165,18,12115.97,218087.46,2026-03-19,DELIVERED
748,340,159,6,55099.85,330599.1,2026-05-11,DELIVERED
749,341,160,17,1116.26,18976.42,2026-07-11,DELIVERED
750,342,90,6,1376.78,8260.68,2026-05-17,OPEN
751,342,186,13,76291.09,991784.17,2026-04-26,DELIVERED
752,343,63,18,155355.36,2796396.48,2026-03-15,OPEN
753,344,172,5,67866.31,339331.55,2026-09-24,DELIVERED
754,344,113,6,186097.14,1116582.84,2026-09-13,DELIVERED
755,344,180,2,17395.14,34790.28,2026-09-23,DELIVERED
756,345,157,10,175784.09,1757840.9,2026-09-08,DELIVERED
757,345,70,17,73991.19,1257850.23,2026-08-20,DELIVERED
758,346,13,7,24626.58,172386.06,2026-08-22,DELIVERED
759,346,78,15,53896.65,808449.75,2026-09-25,OPEN
760,347,51,11,287137.04,3158507.44,2026-04-10,DELIVERED
761,347,36,10,121326.99,1213269.9,2026-04-20,DELIVERED
762,348,172,14,69766.46,976730.44,2026-02-17,DELIVERED
763,348,120,19,80348.65,1526624.35,2026-02-27,DELIVERED
764,348,143,8,23550.47,188403.76,2026-03-23,DELIVERED
765,348,176,15,5042.92,75643.8,2026-02-09,DELIVERED
766,348,203,15,177002.07,2655031.05,2026-02-28,DELIVERED
767,348,118,12,33588.54,403062.48,2026-02-16,DELIVERED
768,348,201,18,377968.37,6803430.66,2026-03-07,DELIVERED
769,348,81,17,33350.03,566950.51,2026-03-04,DELIVERED
770,348,70,1,66391.3,66391.3,2026-03-25,DELIVERED
771,348,203,18,168868.61,3039634.98,2026-03-24,DELIVERED
772,349,2,17,143292.31,2435969.27,2026-07-15,DELIVERED
773,349,189,16,74504.29,1192068.64,2026-07-17,OPEN
774,350,183,14,6131.28,85837.92,2026-09-18,DELIVERED
775,350,58,1,28267.97,28267.97,2026-08-16,DELIVERED
776,351,87,1,53442.07,53442.07,2026-10-14,DELIVERED
777,352,130,10,14074.13,140741.3,2026-04-16,DELIVERED
778,352,160,14,1083.58,15170.12,2026-03-12,DELIVERED
779,352,99,19,235320.64,4471092.16,2026-03-02,DELIVERED
780,352,46,6,292415.25,1754491.5,2026-03-10,DELIVERED
781,352,7,12,13153.34,157840.08,2026-04-01,DELIVERED
782,352,11,5,346453.93,1732269.65,2026-04-15,DELIVERED
783,352,30,11,38850.32,427353.52,2026-02-28,DELIVERED
784,353,155,4,29786.38,119145.52,2026-01-21,DELIVERED
785,353,148,16,220499.75,3527996.0,2026-02-19,DELIVERED
786,353,103,5,37717.53,188587.65,2026-02-12,DELIVERED
787,353,156,4,77478.96,309915.84,2026-01-21,DELIVERED
788,353,17,7,11825.6,82779.2,2026-01-21,DELIVERED
789,353,200,19,28493.06,541368.14,2026-01-24,DELIVERED
790,353,86,7,271690.29,1901832.03,2026-01-20,DELIVERED
791,354,146,14,1645.45,23036.3,2026-03-19,OPEN
792,354,185,10,954.45,9544.5,2026-02-20,OPEN
793,354,73,16,51758.7,828139.2,2026-02-03,DELIVERED
794,355,144,7,70328.35,492298.45,2026-09-23,DELIVERED
795,356,102,8,164212.57,1313700.56,2026-09-21,DELIVERED
796,356,70,19,63409.71,1204784.49,2026-09-06,DELIVERED
797,356,164,6,25020.44,150122.64,2026-09-11,DELIVERED
798,356,200,1,25241.32,25241.32,2026-09-19,DELIVERED
799,356,69,11,1807.2,19879.2,2026-09-01,OPEN
800,356,109,8,5486.67,43893.36,2026-09-07,OPEN
801,356,194,5,101732.43,508662.15,2026-09-16,OPEN
802,356,131,12,18101.17,217214.04,2026-09-19,DELIVERED
803,356,89,13,8718.86,113345.18,2026-10-10,OPEN
804,356,105,3,11540.97,34622.91,2026-09-23,DELIVERED
805,356,188,2,57634.51,115269.02,2026-09-05,OPEN
806,357,65,13,48628.82,632174.66,2026-06-15,DELIVERED
807,357,189,7,68736.04,481152.28,2026-06-03,DELIVERED
808,357,112,15,51465.33,771979.95,2026-06-07,OPEN
809,358,73,16,61946.05,991136.8,2026-06-05,OPEN
810,359,205,11,45970.92,505680.12,2026-04-12,DELIVERED
811,359,33,2,10835.81,21671.62,2026-05-14,DELIVERED
812,360,168,13,7076.38,91992.94,2026-03-29,OPEN
813,361,94,14,7458.38,104417.32,2026-04-03,DELIVERED
814,362,188,2,56268.48,112536.96,2026-05-04,DELIVERED
815,362,115,9,23306.13,209755.17,2026-05-01,OPEN
816,362,191,5,30704.67,153523.35,2026-05-12,DELIVERED
817,363,6,18,16435.91,295846.38,2026-09-05,DELIVERED
818,364,123,19,24712.01,469528.19,2026-02-15,DELIVERED
819,364,16,1,9111.46,9111.46,2026-02-24,DELIVERED
820,365,146,4,1982.08,7928.32,2026-09-05,OPEN
821,366,186,5,71672.12,358360.6,2026-07-22,DELIVERED
822,367,56,5,4948.79,24743.95,2026-02-28,DELIVERED
823,367,169,12,160179.97,1922159.64,2026-02-18,DELIVERED
824,367,56,15,4722.05,70830.75,2026-02-10,DELIVERED
825,368,141,16,8244.56,131912.96,2026-06-19,DELIVERED
826,368,28,15,138652.93,2079793.95,2026-06-28,DELIVERED
827,369,61,6,15420.26,92521.56,2026-02-19,DELIVERED
828,369,169,1,164663.05,164663.05,2026-01-15,DELIVERED
829,369,73,6,56490.66,338943.96,2026-02-17,DELIVERED
830,370,149,4,28893.79,115575.16,2026-08-10,OPEN
831,371,26,8,326718.62,2613748.96,2026-10-26,OPEN
832,371,152,4,21291.31,85165.24,2026-09-17,OPEN
833,372,31,14,1745.61,24438.54,2026-01-27,DELIVERED
834,373,173,3,20699.46,62098.38,2026-04-17,OPEN
835,373,49,19,97861.08,1859360.52,2026-04-29,OPEN
836,373,181,14,88014.13,1232197.82,2026-04-06,DELIVERED
837,374,185,17,1027.99,17475.83,2026-07-26,DELIVERED
838,374,78,10,59896.44,598964.4,2026-07-28,DELIVERED
839,375,163,14,230529.02,3227406.28,2026-09-30,DELIVERED
840,375,5,11,23632.93,259962.23,2026-08-31,DELIVERED
841,375,69,10,1928.87,19288.7,2026-10-06,DELIVERED
842,376,196,7,4447.38,31131.66,2026-03-02,DELIVERED
843,376,167,1,28910.28,28910.28,2026-03-18,DELIVERED
844,376,55,10,312.98,3129.8,2026-02-16,OPEN
845,377,120,18,85904.99,1546289.82,2026-10-06,DELIVERED
846,377,143,11,21409.24,235501.64,2026-09-27,DELIVERED
847,378,21,12,5272.61,63271.32,2026-05-07,DELIVERED
848,378,180,11,16746.57,184212.27,2026-05-13,OPEN
849,379,54,3,699.76,2099.28,2026-09-21,DELIVERED
850,379,22,11,22308.23,245390.53,2026-09-20,OPEN
851,379,122,8,1697.78,13582.24,2026-10-04,DELIVERED
852,380,51,10,299312.78,2993127.8,2026-09-15,OPEN
853,380,54,10,643.75,6437.5,2026-09-04,DELIVERED
854,381,36,2,135066.32,270132.64,2026-05-12,DELIVERED
855,382,87,16,58714.82,939437.12,2026-09-16,OPEN
856,382,30,8,36905.29,295242.32,2026-08-28,DELIVERED
857,383,78,16,53071.96,849151.36,2026-01-31,OPEN
858,383,154,14,14360.32,201044.48,2026-02-18,OPEN
859,383,129,7,303764.18,2126349.26,2026-02-19,DELIVERED
860,384,17,14,12207.06,170898.84,2026-09-08,DELIVERED
861,385,82,13,74789.09,972258.17,2026-09-21,DELIVERED
862,386,81,3,34848.74,104546.22,2026-03-08,DELIVERED
863,386,72,19,87556.71,1663577.49,2026-04-17,DELIVERED
864,386,70,17,63362.91,1077169.47,2026-03-16,DELIVERED
865,387,25,1,1038.0,1038.0,2026-03-14,DELIVERED
866,387,45,13,30093.57,391216.41,2026-03-06,OPEN
867,387,153,8,139522.99,1116183.92,2026-04-20,OPEN
868,387,205,10,44133.72,441337.2,2026-03-21,OPEN
869,387,99,16,201606.92,3225710.72,2026-03-07,OPEN
870,387,24,14,50627.03,708778.42,2026-03-16,OPEN
871,387,86,20,264379.77,5287595.4,2026-04-14,DELIVERED
872,387,175,1,2324.82,2324.82,2026-03-06,OPEN
873,387,5,18,23071.43,415285.74,2026-02-28,DELIVERED
874,387,5,11,22671.37,249385.07,2026-03-26,OPEN
875,388,152,13,23056.2,299730.6,2026-09-26,DELIVERED
876,388,117,13,22930.85,298101.05,2026-08-29,DELIVERED
877,389,106,13,2938.97,38206.61,2026-02-18,DELIVERED
878,389,80,4,8020.68,32082.72,2026-03-14,OPEN
879,389,205,17,41828.7,711087.9,2026-03-30,OPEN
880,389,173,10,19735.56,197355.6,2026-02-15,DELIVERED
881,389,205,18,38204.44,687679.92,2026-03-30,DELIVERED
882,389,1,15,123691.17,1855367.55,2026-03-19,OPEN
883,389,89,18,9227.69,166098.42,2026-03-08,OPEN
884,389,192,1,8311.25,8311.25,2026-03-08,DELIVERED
885,389,92,4,66408.34,265633.36,2026-03-22,DELIVERED
886,389,158,14,10528.76,147402.64,2026-04-07,DELIVERED
887,389,68,13,2679.87,34838.31,2026-03-06,OPEN
888,389,197,1,281954.15,281954.15,2026-02-13,OPEN
889,390,125,5,13564.45,67822.25,2026-07-28,DELIVERED
890,390,161,19,14157.54,268993.26,2026-09-13,DELIVERED
891,390,139,9,5188.56,46697.04,2026-08-08,DELIVERED
892,391,107,20,60419.5,1208390.0,2026-05-21,DELIVERED
893,392,105,2,11726.57,23453.14,2026-06-23,OPEN
894,392,20,16,46786.29,748580.64,2026-06-23,DELIVERED
895,393,125,8,14872.94,118983.52,2026-08-25,DELIVERED
896,393,12,13,16028.76,208373.88,2026-08-31,OPEN
897,393,23,1,20190.13,20190.13,2026-09-01,OPEN
898,394,176,6,5353.54,32121.24,2026-05-24,DELIVERED
899,394,59,12,64569.13,774829.56,2026-05-12,DELIVERED
900,394,114,8,8770.83,70166.64,2026-05-21,DELIVERED
901,395,174,12,40469.44,485633.28,2026-08-22,DELIVERED
902,395,31,2,2155.96,4311.92,2026-09-05,DELIVERED
903,396,20,19,50577.02,960963.38,2026-01-24,DELIVERED
904,396,138,10,30675.47,306754.7,2026-01-03,DELIVERED
905,396,112,11,53304.21,586346.31,2026-01-03,DELIVERED
906,397,80,18,7956.41,143215.38,2026-05-19,OPEN
907,397,50,20,9802.07,196041.4,2026-05-27,OPEN
908,398,80,16,7420.67,118730.72,2026-08-26,OPEN
909,398,184,14,38690.35,541664.9,2026-08-19,DELIVERED
910,398,169,3,159005.27,477015.81,2026-08-29,DELIVERED
911,399,53,17,1141.41,19403.97,2026-01-14,DELIVERED
912,399,4,1,2053.49,2053.49,2026-01-22,DELIVERED
913,400,140,19,3170.08,60231.52,2026-04-11,OPEN
914,401,164,14,22716.05,318024.7,2026-01-28,OPEN
915,402,56,15,4108.76,61631.4,2026-06-01,OPEN
916,403,163,16,235077.16,3761234.56,2026-07-11,DELIVERED
917,403,189,17,82362.32,1400159.44,2026-06-11,DELIVERED
918,404,87,3,51824.32,155472.96,2026-09-30,OPEN
919,404,124,10,120899.75,1208997.5,2026-08-17,OPEN
920,405,164,8,22341.5,178732.0,2026-09-18,DELIVERED
921,405,150,5,982.3,4911.5,2026-09-16,DELIVERED
922,405,161,7,15953.87,111677.09,2026-09-28,DELIVERED
923,405,172,11,62286.92,685156.12,2026-10-08,DELIVERED
924,405,56,5,4321.53,21607.65,2026-10-09,DELIVERED
925,405,56,2,4688.46,9376.92,2026-11-01,DELIVERED
926,405,126,11,5018.18,55199.98,2026-09-26,DELIVERED
927,405,65,3,46559.81,139679.43,2026-10-12,DELIVERED
928,405,103,6,34750.61,208503.66,2026-10-15,DELIVERED
929,405,31,20,2142.65,42853.0,2026-10-07,DELIVERED
930,405,65,3,50779.83,152339.49,2026-10-02,DELIVERED
931,405,8,10,13858.52,138585.2,2026-09-29,DELIVERED
932,406,73,5,55659.9,278299.5,2026-08-30,DELIVERED
933,406,176,19,5255.05,99845.95,2026-09-29,DELIVERED
934,407,32,4,299615.83,1198463.32,2026-04-06,DELIVERED
935,407,106,7,2861.71,20031.97,2026-04-19,DELIVERED
936,408,48,12,5307.4,63688.8,2026-07-25,OPEN
937,408,95,9,2521.91,22697.19,2026-07-30,DELIVERED
938,408,49,18,101909.73,1834375.14,2026-06-27,OPEN
939,409,23,4,18626.44,74505.76,2026-08-02,DELIVERED
940,410,177,9,9820.97,88388.73,2026-03-17,OPEN
941,410,202,7,127860.84,895025.88,2026-03-27,DELIVERED
942,411,22,5,22583.9,112919.5,2026-02-27,OPEN
943,411,187,5,20577.6,102888.0,2026-03-01,OPEN
944,412,198,18,68545.4,1233817.2,2026-09-25,DELIVERED
945,412,96,1,26510.62,26510.62,2026-09-28,DELIVERED
946,413,97,13,18453.7,239898.1,2026-03-11,DELIVERED
947,413,52,17,86302.84,1467148.28,2026-03-01,DELIVERED
948,413,198,17,66501.08,1130518.36,2026-02-10,DELIVERED
949,414,83,12,55912.31,670947.72,2026-06-07,DELIVERED
950,414,117,17,23591.41,401053.97,2026-07-02,DELIVERED
951,415,122,17,1847.41,31405.97,2026-09-29,OPEN
952,416,181,3,83135.44,249406.32,2026-04-20,DELIVERED
953,417,110,10,3582.2,35822.0,2026-03-14,DELIVERED
954,418,84,10,89635.65,896356.5,2026-03-21,DELIVERED
955,418,134,2,62507.31,125014.62,2026-04-21,DELIVERED
956,419,198,18,59644.54,1073601.72,2026-05-06,DELIVERED
957,419,111,9,3788.56,34097.04,2026-05-19,DELIVERED
958,420,22,1,25410.95,25410.95,2026-03-02,OPEN
959,420,43,2,3107.0,6214.0,2026-02-09,OPEN
960,420,100,2,123000.4,246000.8,2026-03-05,OPEN
961,421,95,16,2427.83,38845.28,2026-05-26,DELIVERED
962,421,100,8,128196.98,1025575.84,2026-05-22,DELIVERED
963,422,68,2,2611.41,5222.82,2026-07-17,DELIVERED
964,422,182,16,1932.82,30925.12,2026-07-27,DELIVERED
965,423,108,13,36194.32,470526.16,2026-08-10,OPEN
966,424,12,11,16297.59,179273.49,2026-06-22,DELIVERED
967,424,13,3,24380.06,73140.18,2026-06-13,OPEN
968,425,127,13,47982.86,623777.18,2026-07-02,OPEN
969,425,196,8,4056.8,32454.4,2026-07-08,DELIVERED
970,425,141,12,7336.31,88035.72,2026-06-21,OPEN
971,426,18,13,87764.58,1140939.54,2026-06-16,DELIVERED
972,426,52,11,94798.55,1042784.05,2026-05-15,DELIVERED
973,427,85,12,101737.16,1220845.92,2026-02-21,DELIVERED
974,427,98,16,15734.39,251750.24,2026-02-12,DELIVERED
975,427,173,3,20579.42,61738.26,2026-02-08,DELIVERED
976,427,153,16,127790.45,2044647.2,2026-02-20,DELIVERED
977,427,37,11,72832.95,801162.45,2026-03-20,DELIVERED
978,427,100,9,132014.88,1188133.92,2026-03-06,DELIVERED
979,427,76,4,12837.47,51349.88,2026-02-07,DELIVERED
980,428,133,2,93317.8,186635.6,2026-04-28,OPEN
981,428,9,13,91720.3,1192363.9,2026-05-13,DELIVERED
982,428,151,19,20387.85,387369.15,2026-04-21,DELIVERED
983,429,42,12,14981.03,179772.36,2026-05-09,DELIVERED
984,429,151,4,24730.58,98922.32,2026-05-03,DELIVERED
985,429,61,10,13993.66,139936.6,2026-05-24,DELIVERED
986,430,110,4,3612.62,14450.48,2026-03-16,OPEN
987,431,9,7,85264.3,596850.1,2026-06-24,DELIVERED
988,431,158,16,11130.24,178083.84,2026-05-30,DELIVERED
989,432,28,17,133338.38,2266752.46,2026-06-01,OPEN
990,432,109,19,4835.58,91876.02,2026-06-21,DELIVERED
991,432,204,9,81257.41,731316.69,2026-05-17,DELIVERED
992,433,110,4,3187.79,12751.16,2026-02-16,DELIVERED
993,434,26,17,289294.93,4918013.81,2026-10-02,DELIVERED
994,434,192,1,8415.94,8415.94,2026-09-09,DELIVERED
995,434,56,20,4393.4,87868.0,2026-10-04,DELIVERED
996,435,2,5,134113.46,670567.3,2026-06-19,OPEN
997,435,49,11,100975.15,1110726.65,2026-06-20,DELIVERED
998,435,63,13,153178.03,1991314.39,2026-06-22,DELIVERED
999,436,32,6,297724.09,1786344.54,2026-04-01,OPEN
1000,436,5,17,23787.39,404385.63,2026-04-07,DELIVERED
1001,436,66,11,178124.63,1959370.93,2026-04-16,DELIVERED
1002,437,178,7,4168.17,29177.19,2026-03-08,DELIVERED
1003,438,142,9,76590.47,689314.23,2026-08-22,DELIVERED
1004,438,51,16,337129.52,5394072.32,2026-09-14,DELIVERED
1005,438,27,17,2789.01,47413.17,2026-09-14,DELIVERED
1006,439,90,13,1247.86,16222.18,2026-01-18,DELIVERED
1007,440,84,18,91515.99,1647287.82,2026-05-08,OPEN
1008,440,101,17,1594.34,27103.78,2026-06-24,OPEN
1009,440,119,17,3710.76,63082.92,2026-06-21,DELIVERED
1010,441,14,1,10238.99,10238.99,2026-02-11,DELIVERED
1011,442,13,3,26451.7,79355.1,2026-07-20,DELIVERED
1012,442,108,4,33820.69,135282.76,2026-07-21,DELIVERED
1013,443,122,14,1741.18,24376.52,2026-01-23,DELIVERED
1014,443,131,1,18538.17,18538.17,2026-02-08,DELIVERED
1015,443,3,8,30226.05,241808.4,2026-01-13,DELIVERED
1016,444,190,12,101965.48,1223585.76,2026-05-21,DELIVERED
1017,444,145,8,65007.29,520058.32,2026-06-20,DELIVERED
1018,444,58,10,28140.28,281402.8,2026-06-06,DELIVERED
1019,444,54,16,730.94,11695.04,2026-05-29,DELIVERED
1020,444,144,6,76896.1,461376.6,2026-05-26,DELIVERED
1021,444,120,5,76407.42,382037.1,2026-07-09,DELIVERED
1022,444,147,15,195750.12,2936251.8,2026-06-21,DELIVERED
1023,444,187,3,22633.95,67901.85,2026-07-01,DELIVERED
1024,444,177,12,8339.26,100071.12,2026-06-07,DELIVERED
1025,444,66,16,152222.69,2435563.04,2026-07-04,DELIVERED
1026,445,182,13,2009.56,26124.28,2026-04-26,OPEN
1027,445,50,10,10529.89,105298.9,2026-05-19,OPEN
1028,446,161,11,15991.84,175910.24,2026-03-30,DELIVERED
1029,446,133,10,94146.59,941465.9,2026-04-19,DELIVERED
1030,446,125,3,14923.82,44771.46,2026-04-05,DELIVERED
1031,447,141,16,8743.45,139895.2,2026-05-04,DELIVERED
1032,447,70,2,70998.08,141996.16,2026-05-12,DELIVERED
1033,448,199,9,2547.3,22925.7,2026-06-04,DELIVERED
1034,448,162,16,1569.25,25108.0,2026-06-03,DELIVERED
1035,448,84,5,83829.29,419146.45,2026-05-02,DELIVERED
1036,449,54,3,720.4,2161.2,2026-04-07,OPEN
1037,449,120,10,84128.74,841287.4,2026-02-27,OPEN
1038,449,189,10,69777.65,697776.5,2026-04-05,DELIVERED
1039,450,33,1,10662.19,10662.19,2026-08-12,DELIVERED
1040,450,135,9,39041.47,351373.23,2026-07-31,DELIVERED
1041,450,146,13,1796.3,23351.9,2026-07-03,DELIVERED
1042,451,85,13,98148.35,1275928.55,2026-03-08,DELIVERED
1043,452,17,10,11198.94,111989.4,2026-06-03,OPEN
1044,452,50,1,10134.67,10134.67,2026-07-03,DELIVERED
1045,453,155,3,33440.43,100321.29,2026-05-17,OPEN
1046,453,91,19,205.13,3897.47,2026-06-02,OPEN
1047,454,114,18,9112.8,164030.4,2026-06-30,DELIVERED
1048,455,181,14,82554.74,1155766.36,2026-06-08,OPEN
1049,455,118,20,32164.17,643283.4,2026-06-08,OPEN
1050,455,34,2,41659.71,83319.42,2026-06-03,OPEN
1051,455,49,9,104762.07,942858.63,2026-06-10,DELIVERED
1052,455,194,17,123782.95,2104310.15,2026-05-27,DELIVERED
1053,455,89,19,9321.36,177105.84,2026-06-30,OPEN
1054,455,77,1,71368.97,71368.97,2026-05-19,OPEN
1055,455,125,10,15223.3,152233.0,2026-06-04,DELIVERED
1056,455,197,1,251883.76,251883.76,2026-06-18,DELIVERED
1057,455,80,3,7884.16,23652.48,2026-06-29,OPEN
1058,456,194,5,116107.69,580538.45,2026-06-21,OPEN
1059,456,63,3,147159.52,441478.56,2026-05-28,DELIVERED
1060,456,76,9,11677.75,105099.75,2026-05-15,OPEN
1061,457,150,9,913.71,8223.39,2026-04-24,OPEN
1062,458,204,12,81023.8,972285.6,2026-07-16,DELIVERED
1063,458,118,17,27978.08,475627.36,2026-07-27,DELIVERED
1064,458,152,9,21921.14,197290.26,2026-07-14,DELIVERED
1065,458,155,10,29109.22,291092.2,2026-07-17,DELIVERED
1066,458,85,11,101530.19,1116832.09,2026-08-19,DELIVERED
1067,458,143,18,19518.08,351325.44,2026-08-17,DELIVERED
1068,458,180,13,17626.88,229149.44,2026-07-03,DELIVERED
1069,458,120,3,88704.3,266112.9,2026-07-27,DELIVERED
1070,458,103,14,38339.08,536747.12,2026-08-05,DELIVERED
1071,459,124,18,121029.57,2178532.26,2026-09-11,OPEN
1072,459,198,12,59039.09,708469.08,2026-07-31,OPEN
1073,459,144,15,74731.48,1120972.2,2026-08-21,OPEN
1074,459,144,1,77329.1,77329.1,2026-08-29,DELIVERED
1075,459,142,18,66995.12,1205912.16,2026-08-06,OPEN
1076,459,58,5,30560.06,152800.3,2026-09-01,OPEN
1077,459,61,6,14315.07,85890.42,2026-07-23,DELIVERED
1078,459,168,15,7852.04,117780.6,2026-08-21,OPEN
1079,460,15,1,83502.2,83502.2,2026-02-22,DELIVERED
1080,460,138,9,28545.89,256913.01,2026-03-05,DELIVERED
1081,460,127,5,52472.55,262362.75,2026-03-03,DELIVERED
1082,461,73,19,61090.43,1160718.17,2026-05-03,OPEN
1083,461,185,18,987.16,17768.88,2026-05-22,DELIVERED
1084,461,80,14,8626.29,120768.06,2026-04-21,DELIVERED
1085,462,129,12,288470.65,3461647.8,2026-03-24,DELIVERED
1086,462,128,7,7540.53,52783.71,2026-03-10,OPEN
1087,463,204,17,84928.41,1443782.97,2026-06-21,OPEN
1088,463,186,5,76152.33,380761.65,2026-07-01,DELIVERED
1089,463,115,20,25191.0,503820.0,2026-05-23,OPEN
1090,464,64,9,2794.92,25154.28,2026-08-01,OPEN
1091,464,34,5,40635.55,203177.75,2026-07-11,DELIVERED
1092,465,194,15,109178.84,1637682.6,2026-05-09,DELIVERED
1093,466,197,9,276705.67,2490351.03,2026-06-17,OPEN
1094,466,188,2,55322.29,110644.58,2026-07-15,OPEN
1095,466,148,17,194903.09,3313352.53,2026-07-17,DELIVERED
