id,pr_id,material_id,quantity,unit_price,service_code,description,line_status,quality_flags
1,1,51,3,63471.3,,"Repair / refurbishment - Mill Trunnion Bearing Liner, discharge end",CLOSED,
2,2,179,3,42631.62,,"Repair / refurbishment - Jaw Crusher Fixed Jaw Plate, corrugated, manganese steel",CLOSED,
3,3,188,2,21462.29,,"Repair / refurbishment - Centrifugal Slurry Pump Casing Liner, Low-flow metering",CLOSED,
4,4,37,2,23846.44,,"Repair / refurbishment - Centrifugal Slurry Pump Impeller, Low-flow metering, hard metal",CLOSED,
5,5,130,2,9752.18,,"Repair / refurbishment - Butterfly Valve, 200mm (8""), wafer type",OPEN,
6,6,102,3,22861.35,,"Repair / refurbishment - Centrifugal Slurry Pump Impeller, Light duty, hard metal",OPEN,
7,7,37,2,23846.44,,"Repair / refurbishment - Centrifugal Slurry Pump Impeller, Low-flow metering, hard metal",OPEN,
8,8,157,3,30512.1,,"Repair / refurbishment - TEFC Induction Motor, 55kW, 4-pole, IE3",CLOSED,
9,9,50,1,3086.79,,"Repair / refurbishment - Butterfly Valve, 80mm (3""), wafer type",CLOSED,
10,10,38,1,21792.84,,"Repair / refurbishment - Mechanical Seal, shaft 50mm, tungsten carbide faces",OPEN,
11,11,82,2,3486.4,,"Repair / refurbishment - Knife Gate Valve, 100mm (4""), rubber lined",OPEN,
12,12,176,3,497.93,,"Repair / refurbishment - Gland Packing Set, shaft 65mm, PTFE impregnated",OPEN,
13,13,188,2,21462.29,,"Repair / refurbishment - Centrifugal Slurry Pump Casing Liner, Low-flow metering",OPEN,
14,14,186,2,19965.1,,"Repair / refurbishment - SAG Mill Liner Plate, lifter bar, chrome-moly steel",OPEN,
15,15,181,3,14767.63,,"Repair / refurbishment - Seal Support System, API Plan 32, shaft 65mm",OPEN,
16,16,59,3,28946.0,,"Repair / refurbishment - TEFC Induction Motor, 110kW, 4-pole, IE3",OPEN,
17,17,187,2,9141.37,,"Repair / refurbishment - Ball Mill Grinding Media, 40mm, forged steel balls",OPEN,
18,18,43,1,6104.3,,"Repair / refurbishment - Ball Valve, 150mm (6""), full bore, stainless trim",CLOSED,
19,19,188,3,21462.29,,"Repair / refurbishment - Centrifugal Slurry Pump Casing Liner, Low-flow metering",OPEN,
20,20,38,2,21792.84,,"Repair / refurbishment - Mechanical Seal, shaft 50mm, tungsten carbide faces",OPEN,
21,21,97,3,5732.46,,"Repair / refurbishment - Motor Drive Coupling, elastomeric, rated for 7.5kW",CLOSED,
22,22,181,2,14767.63,,"Repair / refurbishment - Seal Support System, API Plan 32, shaft 65mm",CLOSED,
23,23,184,3,12102.58,,"Repair / refurbishment - Diaphragm Dosing Pump Head Assembly, Medium duty",OPEN,
24,24,157,1,30512.1,,"Repair / refurbishment - TEFC Induction Motor, 55kW, 4-pole, IE3",CLOSED,
25,25,30,2,19245.84,,"Repair / refurbishment - Knife Gate Valve, 25mm (1""), rubber lined",CLOSED,
26,26,82,2,3486.4,,"Repair / refurbishment - Knife Gate Valve, 100mm (4""), rubber lined",OPEN,
27,27,187,1,9141.37,,"Repair / refurbishment - Ball Mill Grinding Media, 40mm, forged steel balls",OPEN,
28,28,176,1,497.93,,"Repair / refurbishment - Gland Packing Set, shaft 65mm, PTFE impregnated",CLOSED,
29,29,186,1,19965.1,,"Repair / refurbishment - SAG Mill Liner Plate, lifter bar, chrome-moly steel",CLOSED,
30,30,112,3,13743.36,,"Repair / refurbishment - Diaphragm Dosing Pump Head Assembly, Low-flow metering",CLOSED,
31,31,70,1,11471.22,,"Repair / refurbishment - Jaw Crusher Fixed Jaw Plate, wave-profile, manganese steel",OPEN,
32,32,30,2,19245.84,,"Repair / refurbishment - Knife Gate Valve, 25mm (1""), rubber lined",OPEN,
33,33,50,3,3086.79,,"Repair / refurbishment - Butterfly Valve, 80mm (3""), wafer type",OPEN,
34,34,51,3,63471.3,,"Repair / refurbishment - Mill Trunnion Bearing Liner, discharge end",OPEN,
35,35,142,1,19745.97,,"Repair / refurbishment - Seal Support System, API Plan 32, shaft 100mm",OPEN,
36,36,34,1,14358.4,,"Repair / refurbishment - Knife Gate Valve, 40mm (1.5""), rubber lined",OPEN,
37,37,142,1,19745.97,,"Repair / refurbishment - Seal Support System, API Plan 32, shaft 100mm",OPEN,
38,38,43,3,6104.3,,"Repair / refurbishment - Ball Valve, 150mm (6""), full bore, stainless trim",CLOSED,
39,39,59,2,28946.0,,"Repair / refurbishment - TEFC Induction Motor, 110kW, 4-pole, IE3",OPEN,
40,40,186,1,19965.1,,"Repair / refurbishment - SAG Mill Liner Plate, lifter bar, chrome-moly steel",OPEN,
41,41,43,3,6104.3,,"Repair / refurbishment - Ball Valve, 150mm (6""), full bore, stainless trim",OPEN,
42,42,97,3,5732.46,,"Repair / refurbishment - Motor Drive Coupling, elastomeric, rated for 7.5kW",OPEN,
43,43,171,1,5077.14,,"Repair / refurbishment - Motor Drive Coupling, elastomeric, rated for 11kW",OPEN,
44,44,58,1,26217.84,,"Repair / refurbishment - Pinch Valve, 100mm (4""), slurry service",OPEN,
45,45,58,3,26217.84,,"Repair / refurbishment - Pinch Valve, 100mm (4""), slurry service",OPEN,
46,46,51,2,63471.3,,"Repair / refurbishment - Mill Trunnion Bearing Liner, discharge end",OPEN,
47,47,27,2,1501.42,,"Gland Packing Set, shaft 50mm, PTFE impregnated",OPEN,
48,47,148,1,259436.02,,"Cone Crusher Concave Ring, coarse profile",OPEN,
49,48,106,20,662.19,,"Deep Groove Ball Bearing 6235-2RS, 35mm bore",OPEN,
50,48,116,1,150033.58,,"Slip Ring Induction Motor, 55kW, 6-pole",OPEN,
51,49,52,9,57802.05,,"Jaw Crusher Fixed Jaw Plate, high-manganese, manganese steel",OPEN,
52,49,143,18,12845.28,,"MCC Contactor, 150A, 3-pole",OPEN,
53,49,22,16,20142.9,,"Ball Mill Grinding Media, 80mm, forged steel balls",OPEN,
54,50,145,7,30071.3,,"Vertical Sump Pump Shaft Assembly, Medium duty",OPEN,
55,50,56,3,11789.63,,"MCC Contactor, 225A, 3-pole",OPEN,
56,50,101,10,2317.43,,"Conveyor Belt, steel cord, 1200mm width",OPEN,
57,51,12,1,11925.64,,"Belt Scraper Blade Set, 1600mm width, tungsten tip",OPEN,
58,52,5,1,89713.32,,"Flow Meter, magnetic, 150mm (6"")",OPEN,
59,53,88,4,22792.22,,"Circuit Breaker, MCCB, 400A",OPEN,MISSING_SERVICE_CODE
60,54,213,2,30571.44,SVC-CAL-02,Cal Service - contracted field technician,OPEN,
61,54,219,5,35221.23,SVC-REF-02,Ref Service - contracted field technician,OPEN,
62,54,218,5,41933.1,,Ref Service - contracted field technician,OPEN,MISSING_SERVICE_CODE
63,55,1,10,140048.33,,"Density Meter, nuclear, 200mm (8"") pipe",OPEN,
64,55,56,5,11880.3,,"MCC Contactor, 225A, 3-pole",OPEN,
65,55,46,14,195129.53,,"Cone Crusher Concave Ring, fine profile",OPEN,
66,56,183,16,9474.2,,"Pillow Block Bearing Unit UCP235, 35mm shaft",OPEN,
67,57,73,13,34618.76,,"Flotation Cell Impeller, medium cell, rubber coated",OPEN,
68,57,64,10,1490.2,,"Deep Groove Ball Bearing 6225-2RS, 25mm bore",OPEN,
69,57,105,6,12782.0,,"Belt Scraper Blade Set, 650mm width, tungsten tip",OPEN,
70,58,167,16,29198.25,,"Froth Paddle Assembly, medium cell",OPEN,
71,58,166,3,102113.6,,"Variable Speed Drive, 7.5kW",OPEN,
72,59,75,17,80484.54,,"TEFC Induction Motor, 22kW, 4-pole, IE3",OPEN,
73,59,119,10,19997.82,,"Tapered Roller Bearing 32017, 17mm bore",OPEN,
74,59,114,12,8005.52,,"Tapered Roller Bearing 32090, 90mm bore",OPEN,
75,60,151,14,43618.92,,"Mechanical Seal, shaft 38mm, tungsten carbide faces",OPEN,
76,60,69,16,1498.74,,"Deep Groove Ball Bearing 6230-2RS, 30mm bore",OPEN,
77,61,27,8,1753.26,,"Gland Packing Set, shaft 50mm, PTFE impregnated",OPEN,
78,61,189,13,33874.79,,"Flow Meter, magnetic, 40mm (1.5"")",OPEN,
79,62,14,4,20848.97,,"Motor Drive Coupling, elastomeric, rated for 30kW",OPEN,
80,62,191,4,11548.5,,"Spherical Roller Bearing 22260, 60mm bore",OPEN,
81,62,187,3,22243.12,,as discussed,OPEN,VAGUE_DESCRIPTION
82,62,71,18,2058.62,,"Conveyor Belt, steel cord, 1000mm width",OPEN,
83,62,87,12,59100.87,,"Flotation Cell Impeller, tank cell, rubber coated",OPEN,
84,62,138,8,27783.86,,"Centrifugal Slurry Pump Casing Liner, High-head",OPEN,
85,62,1,9,137554.27,,"Density Meter, nuclear, 200mm (8"") pipe",OPEN,
86,62,180,18,12488.71,,"Pressure Transmitter, 0-40 bar range, 4-20mA",OPEN,
87,62,161,3,16936.9,,"Pressure Transmitter, 0-100 bar range, 4-20mA",OPEN,
88,62,87,18,51336.83,,"Flotation Cell Impeller, tank cell, rubber coated",OPEN,
89,62,172,3,20643.31,,"Knife Gate Valve, 200mm (8""), rubber lined",OPEN,
90,62,174,8,91057.07,,"Flotation Cell Stator, medium cell",OPEN,
91,63,116,13,157886.12,,"Slip Ring Induction Motor, 55kW, 6-pole",OPEN,
92,64,78,14,44066.89,,"Flotation Cell Stator, tank cell",OPEN,
93,65,61,9,12834.69,,"Belt Scraper Blade Set, 1000mm width, tungsten tip",OPEN,
94,65,92,2,30584.15,,"Pinch Valve, 40mm (1.5""), slurry service",OPEN,
95,65,14,11,20297.8,,"Motor Drive Coupling, elastomeric, rated for 30kW",OPEN,
96,66,108,3,32526.98,,"Spherical Roller Bearing 22235, 35mm bore",OPEN,
97,66,28,13,46428.78,,"Variable Speed Drive, 30kW",OPEN,
98,67,96,5,32109.94,,"Circuit Breaker, MCCB, 100A",OPEN,
99,68,198,13,8164.98,,"Knife Gate Valve, 80mm (3""), rubber lined",OPEN,
100,69,136,4,5902.49,,"Troughing Idler Set, 800mm belt width, 3-roll",OPEN,
101,70,216,6,8468.7,SVC-INS-02,Ins Service - contracted field technician,OPEN,
102,70,207,19,41768.68,SVC-REP-02,Rep Service - contracted field technician,OPEN,
103,71,43,13,19802.94,,"Ball Valve, 150mm (6""), full bore, stainless trim",OPEN,
104,71,37,2,60640.77,,"Centrifugal Slurry Pump Impeller, Low-flow metering, hard metal",OPEN,
105,72,146,12,3395.92,,"Deep Groove Ball Bearing 6260-2RS, 60mm bore",OPEN,
106,73,150,13,1599.88,,"Conveyor Belt, steel cord, 1400mm width",OPEN,MISSING_SERVICE_CODE
107,73,67,18,26684.74,,"Variable Speed Drive, 15kW",OPEN,
108,73,39,7,20197.07,,"Spherical Roller Bearing 22230, 30mm bore",OPEN,
109,74,21,3,3917.6,,"Pillow Block Bearing Unit UCP240, 40mm shaft",OPEN,
110,74,22,2,22237.5,,"Ball Mill Grinding Media, 80mm, forged steel balls",OPEN,
111,74,194,19,84802.85,,"Flow Meter, magnetic, 25mm (1"")",OPEN,
112,75,36,9,98793.51,,"SAG Mill Liner Plate, head, chrome-moly steel",OPEN,
113,76,125,17,12074.33,,"Level Transmitter, ultrasonic, 0-10m range",OPEN,
114,76,16,5,4667.48,,"Tapered Roller Bearing 32025, 25mm bore",OPEN,
115,77,207,7,50306.34,SVC-REP-02,Rep Service - contracted field technician,OPEN,
116,77,214,20,10473.62,SVC-CAL-03,Cal Service - contracted field technician,OPEN,
117,78,118,9,28030.75,,"Spherical Roller Bearing 22217, 17mm bore",OPEN,
118,78,125,15,12314.16,,"Level Transmitter, ultrasonic, 0-10m range",OPEN,MISSING_SERVICE_CODE
119,78,55,19,216.54,,"Power Cable, XLPE armoured, 4-core 16mm2",OPEN,
120,79,200,3,15725.69,,"Froth Paddle Assembly, small cell",OPEN,
121,79,79,5,62953.67,,"Flotation Cell Stator, small cell",OPEN,
122,79,200,12,17516.55,,"Froth Paddle Assembly, small cell",OPEN,
123,79,54,1,2639.68,,"Deep Groove Ball Bearing 6275-2RS, 75mm bore",OPEN,
124,79,106,10,607.4,,"Deep Groove Ball Bearing 6235-2RS, 35mm bore",OPEN,
125,79,157,9,64201.02,,"TEFC Induction Motor, 55kW, 4-pole, IE3",OPEN,
126,79,108,12,28776.83,,"Spherical Roller Bearing 22235, 35mm bore",OPEN,
127,79,24,7,79855.76,,as discussed,OPEN,VAGUE_DESCRIPTION
128,79,137,14,26709.42,,items per attached list,OPEN,VAGUE_DESCRIPTION
129,79,67,3,30374.25,,"Variable Speed Drive, 15kW",OPEN,
130,80,86,10,328412.55,,spares as required,OPEN,VAGUE_DESCRIPTION
131,81,206,14,40753.53,SVC-REP-01,Rep Service - contracted field technician,OPEN,
132,82,121,18,35624.49,,"Circuit Breaker, MCCB, 250A",OPEN,
133,82,100,4,248041.51,,"Variable Speed Drive, 75kW",OPEN,
134,83,17,1,6248.27,,"Belt Scraper Blade Set, 1400mm width, tungsten tip",OPEN,
135,83,37,17,65738.88,,"Centrifugal Slurry Pump Impeller, Low-flow metering, hard metal",OPEN,
136,84,55,5,232.11,,"Power Cable, XLPE armoured, 4-core 16mm2",OPEN,
137,84,21,9,3466.89,,"Pillow Block Bearing Unit UCP240, 40mm shaft",OPEN,
138,85,166,15,110659.0,,"Variable Speed Drive, 7.5kW",OPEN,
139,85,94,13,6350.8,,misc parts,OPEN,VAGUE_DESCRIPTION
140,86,60,15,15177.86,,"Circuit Breaker, MCCB, 630A",OPEN,
141,86,54,19,2473.76,,"Deep Groove Ball Bearing 6275-2RS, 75mm bore",OPEN,
142,87,210,10,40165.1,SVC-INS-02,Ins Service - contracted field technician,OPEN,
143,87,210,19,42032.58,SVC-INS-02,Ins Service - contracted field technician,OPEN,
144,87,210,6,42055.41,SVC-INS-02,Ins Service - contracted field technician,OPEN,
145,88,184,12,35458.44,,"Diaphragm Dosing Pump Head Assembly, Medium duty",OPEN,
146,89,37,12,57520.85,,"Centrifugal Slurry Pump Impeller, Low-flow metering, hard metal",OPEN,
147,89,162,9,879.34,,"Pillow Block Bearing Unit UCP290, 90mm shaft",OPEN,
148,89,109,12,6292.28,,"Troughing Idler Set, 1200mm belt width, 3-roll",OPEN,
149,90,150,15,1613.49,,"Conveyor Belt, steel cord, 1400mm width",OPEN,
150,91,34,5,40996.26,,"Knife Gate Valve, 40mm (1.5""), rubber lined",OPEN,
151,92,216,16,9584.96,SVC-INS-02,Ins Service - contracted field technician,OPEN,
152,92,216,3,8623.32,SVC-INS-02,Ins Service - contracted field technician,OPEN,
153,93,141,6,19310.2,,"Tapered Roller Bearing 32020, 20mm bore",OPEN,MISSING_SERVICE_CODE
154,93,6,11,12991.38,,spares as required,OPEN,VAGUE_DESCRIPTION
155,93,37,1,57543.9,,"Centrifugal Slurry Pump Impeller, Low-flow metering, hard metal",OPEN,
156,94,166,7,115007.01,,"Variable Speed Drive, 7.5kW",OPEN,
157,94,18,4,30477.97,,"Flotation Cell Impeller, small cell, rubber coated",OPEN,MISSING_SERVICE_CODE
158,95,100,3,259812.96,,"Variable Speed Drive, 75kW",OPEN,
159,95,6,6,13851.18,,"MCC Contactor, 95A, 3-pole",OPEN,
160,95,159,15,25523.08,,"Pinch Valve, 80mm (3""), slurry service",OPEN,
161,96,26,3,203970.03,,"Cone Crusher Mantle, extra-coarse profile",OPEN,
162,96,106,10,566.67,,"Deep Groove Ball Bearing 6235-2RS, 35mm bore",OPEN,
163,97,144,20,19332.65,,"TEFC Induction Motor, 7.5kW, 4-pole, IE3",OPEN,MISSING_SERVICE_CODE
164,97,201,18,267519.79,,"Cone Crusher Mantle, standard profile",OPEN,
165,97,196,6,2852.39,,"Impact Idler, 800mm belt width, rubber disc",OPEN,
166,98,212,13,30856.32,SVC-CAL-01,Cal Service - contracted field technician,OPEN,
167,99,216,14,10168.53,SVC-INS-02,Ins Service - contracted field technician,OPEN,
168,99,209,16,31941.25,SVC-INS-01,Ins Service - contracted field technician,OPEN,
169,99,218,14,42226.03,SVC-REF-01,Ref Service - contracted field technician,OPEN,
170,100,80,14,3118.61,,"MCC Contactor, 32A, 3-pole",OPEN,
171,100,90,19,1548.52,,"Conveyor Belt, steel cord, 650mm width",OPEN,
172,100,119,4,20025.07,,"Tapered Roller Bearing 32017, 17mm bore",OPEN,
173,101,9,8,325674.9,,"Cone Crusher Concave Ring, standard profile",OPEN,
174,102,172,11,20622.56,,"Knife Gate Valve, 200mm (8""), rubber lined",OPEN,
175,102,32,7,32012.08,,"Variable Speed Drive, 45kW",OPEN,
176,103,140,5,3333.87,,"Gland Packing Set, shaft 25mm, PTFE impregnated",OPEN,
177,104,193,16,20585.37,,misc parts,OPEN,VAGUE_DESCRIPTION
178,104,176,10,1597.03,,"Gland Packing Set, shaft 65mm, PTFE impregnated",OPEN,
179,104,18,17,27085.72,,"Flotation Cell Impeller, small cell, rubber coated",OPEN,
180,104,66,9,93750.71,,"Variable Speed Drive, 22kW",OPEN,
181,104,163,16,94050.79,,"Variable Speed Drive, 55kW",OPEN,
182,104,57,9,1265.31,,"Conveyor Belt, steel cord, 800mm width",OPEN,
183,104,184,12,35620.87,,"Diaphragm Dosing Pump Head Assembly, Medium duty",OPEN,
184,105,87,9,51593.37,,spares as required,OPEN,VAGUE_DESCRIPTION
185,105,37,2,57454.1,,"Centrifugal Slurry Pump Impeller, Low-flow metering, hard metal",OPEN,
186,105,104,2,177551.44,,as discussed,OPEN,VAGUE_DESCRIPTION
187,106,210,17,38427.02,SVC-INS-02,Ins Service - contracted field technician,OPEN,
188,106,214,8,10669.67,SVC-CAL-03,Cal Service - contracted field technician,OPEN,
189,106,216,11,8863.95,SVC-INS-02,Ins Service - contracted field technician,OPEN,
190,107,30,6,67785.2,,"Knife Gate Valve, 25mm (1""), rubber lined",OPEN,
191,107,144,12,20140.39,,"TEFC Induction Motor, 7.5kW, 4-pole, IE3",OPEN,
192,107,65,6,142850.74,,"TEFC Induction Motor, 15kW, 4-pole, IE3",OPEN,
193,108,173,15,21469.44,,"Spherical Roller Bearing 22240, 40mm bore",OPEN,
194,108,67,6,29707.39,,"Variable Speed Drive, 15kW",OPEN,
195,108,71,2,2011.12,,"Conveyor Belt, steel cord, 1000mm width",OPEN,
196,109,79,17,66549.59,,"Flotation Cell Stator, small cell",OPEN,
197,109,40,8,13829.59,,"Motor Drive Coupling, elastomeric, rated for 22kW",OPEN,
198,109,44,8,153429.12,,"Density Meter, nuclear, 150mm (6"") pipe",OPEN,
199,110,31,4,14534.51,,"Ball Valve, 25mm (1""), full bore, stainless trim",OPEN,
200,110,165,16,12267.66,,"Tapered Roller Bearing 32060, 60mm bore",OPEN,
201,111,178,14,4781.35,,"Butterfly Valve, 25mm (1""), wafer type",OPEN,
202,111,42,15,6126.17,,"MCC Contactor, 65A, 3-pole",OPEN,
203,111,159,15,22895.03,,"Pinch Valve, 80mm (3""), slurry service",OPEN,
204,112,113,9,57869.61,,"Centrifugal Slurry Pump Impeller, Heavy duty slurry, hard metal",OPEN,
205,113,61,6,14060.75,,"Belt Scraper Blade Set, 1000mm width, tungsten tip",OPEN,
206,114,74,8,52599.81,,"Seal Support System, API Plan 32, shaft 25mm",OPEN,
207,115,32,2,30112.28,,"Variable Speed Drive, 45kW",OPEN,
208,115,2,2,42982.21,,"Flow Meter, magnetic, 100mm (4"")",OPEN,
209,116,95,19,5929.87,,"Tapered Roller Bearing 32050, 50mm bore",OPEN,
210,116,124,18,57308.5,,"Slip Ring Induction Motor, 15kW, 6-pole",OPEN,MISSING_SERVICE_CODE
211,116,195,1,24120.45,,items per attached list,OPEN,VAGUE_DESCRIPTION
212,117,91,3,183.2,,"Power Cable, XLPE armoured, 4-core 70mm2",OPEN,
213,118,215,12,31698.21,SVC-INS-01,Ins Service - contracted field technician,OPEN,
214,118,216,13,9605.17,SVC-INS-02,Ins Service - contracted field technician,OPEN,
215,119,109,15,6356.36,,"Troughing Idler Set, 1200mm belt width, 3-roll",OPEN,
216,120,215,1,35413.8,SVC-INS-01,Ins Service - contracted field technician,OPEN,
217,121,7,18,12064.97,,"Ball Valve, 200mm (8""), full bore, stainless trim",OPEN,
218,121,166,5,109104.97,,"Variable Speed Drive, 7.5kW",OPEN,
219,121,4,14,4421.39,,"Gland Packing Set, shaft 100mm, PTFE impregnated",OPEN,
220,122,43,9,19757.58,,"Ball Valve, 150mm (6""), full bore, stainless trim",OPEN,
221,122,82,10,9656.82,,"Knife Gate Valve, 100mm (4""), rubber lined",OPEN,
222,123,110,6,3174.26,,"Deep Groove Ball Bearing 6220-2RS, 20mm bore",OPEN,
223,123,160,6,1114.83,,"Deep Groove Ball Bearing 6290-2RS, 90mm bore",OPEN,MISSING_SERVICE_CODE
224,123,102,2,69143.92,,"Centrifugal Slurry Pump Impeller, Light duty, hard metal",OPEN,
225,124,158,10,22750.03,,"Motor Drive Coupling, elastomeric, rated for 45kW",OPEN,
226,124,83,16,97611.08,,"SAG Mill Liner Plate, discharge grate, chrome-moly steel",OPEN,
227,124,56,5,13543.64,,"MCC Contactor, 225A, 3-pole",OPEN,
228,125,163,1,92626.4,,"Variable Speed Drive, 55kW",OPEN,MISSING_SERVICE_CODE
229,126,138,5,25780.98,,"Centrifugal Slurry Pump Casing Liner, High-head",OPEN,
230,126,82,17,8968.39,,"Knife Gate Valve, 100mm (4""), rubber lined",OPEN,
231,127,152,16,25791.51,,"Butterfly Valve, 150mm (6""), wafer type",OPEN,
232,127,189,19,40701.57,,"Flow Meter, magnetic, 40mm (1.5"")",OPEN,
233,127,83,4,100228.28,,"SAG Mill Liner Plate, discharge grate, chrome-moly steel",OPEN,
234,128,201,8,262934.47,,"Cone Crusher Mantle, standard profile",OPEN,
235,129,111,20,1070.37,,items per attached list,OPEN,VAGUE_DESCRIPTION
236,129,27,10,1775.32,,"Gland Packing Set, shaft 50mm, PTFE impregnated",OPEN,
237,129,150,5,1583.93,,"Conveyor Belt, steel cord, 1400mm width",OPEN,
238,130,106,18,550.58,,"Deep Groove Ball Bearing 6235-2RS, 35mm bore",OPEN,
239,131,66,13,100585.15,,"Variable Speed Drive, 22kW",OPEN,
240,132,42,10,5303.09,,"MCC Contactor, 65A, 3-pole",OPEN,
241,132,164,13,25369.4,,"Ball Mill Grinding Media, 60mm, forged steel balls",OPEN,
242,132,168,1,8030.38,,"Circuit Breaker, MCCB, 1000A",OPEN,
243,133,134,14,44378.03,,"Pinch Valve, 50mm (2""), slurry service",OPEN,
244,133,11,15,129824.6,,"Slip Ring Induction Motor, 110kW, 6-pole",OPEN,
245,133,14,13,20178.99,,"Motor Drive Coupling, elastomeric, rated for 30kW",OPEN,
246,134,204,9,173525.11,,"Slip Ring Induction Motor, 22kW, 6-pole",OPEN,
247,134,142,5,63748.4,,"Seal Support System, API Plan 32, shaft 100mm",OPEN,
248,134,126,15,4731.61,,"Gland Packing Set, shaft 80mm, PTFE impregnated",OPEN,
249,135,50,17,8988.32,,"Butterfly Valve, 80mm (3""), wafer type",OPEN,
250,136,85,7,425684.15,,items per attached list,OPEN,VAGUE_DESCRIPTION
251,137,208,18,39986.05,SVC-REP-03,Rep Service - contracted field technician,OPEN,
252,137,215,12,36868.3,SVC-INS-01,Ins Service - contracted field technician,OPEN,
253,137,216,11,9578.81,SVC-INS-02,items per attached list,OPEN,VAGUE_DESCRIPTION
254,138,157,5,75994.65,,"TEFC Induction Motor, 55kW, 4-pole, IE3",OPEN,
255,138,156,1,267897.54,,spares as required,OPEN,VAGUE_DESCRIPTION
256,138,92,15,28258.09,,"Pinch Valve, 40mm (1.5""), slurry service",OPEN,
257,139,190,20,114464.57,,items per attached list,OPEN,VAGUE_DESCRIPTION
258,140,15,11,109061.33,,"Jaw Crusher Fixed Jaw Plate, standard, manganese steel",OPEN,
259,140,194,5,88301.22,,"Flow Meter, magnetic, 25mm (1"")",OPEN,
260,141,115,16,26746.66,,"Ball Mill Grinding Media, 100mm, forged steel balls",OPEN,
261,141,154,6,2564.22,,"Motor Drive Coupling, elastomeric, rated for 55kW",OPEN,
262,141,125,9,10487.54,,"Level Transmitter, ultrasonic, 0-10m range",OPEN,
263,142,120,9,153312.71,,"Density Meter, nuclear, 50mm (2"") pipe",OPEN,
264,142,65,10,136595.1,,"TEFC Induction Motor, 15kW, 4-pole, IE3",OPEN,
265,142,18,3,25957.87,,"Flotation Cell Impeller, small cell, rubber coated",OPEN,
266,143,208,3,44687.97,SVC-REP-03,Rep Service - contracted field technician,OPEN,
267,143,220,14,41448.37,SVC-REF-03,Ref Service - contracted field technician,OPEN,
268,144,87,11,62502.27,,"Flotation Cell Impeller, tank cell, rubber coated",OPEN,
269,144,71,18,2256.57,,"Conveyor Belt, steel cord, 1000mm width",OPEN,
270,144,8,19,15543.32,,"Ball Valve, 40mm (1.5""), full bore, stainless trim",OPEN,
271,145,211,17,29923.69,SVC-INS-03,Ins Service - contracted field technician,OPEN,
272,145,218,3,42034.77,SVC-REF-01,Ref Service - contracted field technician,OPEN,
273,146,176,17,1897.36,,"Gland Packing Set, shaft 65mm, PTFE impregnated",OPEN,
274,147,119,13,16547.9,,"Tapered Roller Bearing 32017, 17mm bore",OPEN,
275,147,3,7,219709.18,,"Variable Speed Drive, 11kW",OPEN,
276,147,10,3,13424.54,,"Froth Paddle Assembly, large cell",OPEN,
277,147,98,17,33697.58,,"Level Transmitter, ultrasonic, 0-15m range",OPEN,
278,147,163,1,97385.97,,"Variable Speed Drive, 55kW",OPEN,
279,148,135,19,40269.4,,"Level Transmitter, ultrasonic, 0-20m range",OPEN,
280,148,2,7,46795.85,,"Flow Meter, magnetic, 100mm (4"")",OPEN,
281,149,144,4,21170.36,,"TEFC Induction Motor, 7.5kW, 4-pole, IE3",OPEN,
282,150,69,10,1593.74,,"Deep Groove Ball Bearing 6230-2RS, 30mm bore",OPEN,
283,151,213,16,29214.28,SVC-CAL-02,Cal Service - contracted field technician,OPEN,
284,152,187,11,23124.38,,"Ball Mill Grinding Media, 40mm, forged steel balls",OPEN,
285,153,156,12,298460.92,,"Slip Ring Induction Motor, 30kW, 6-pole",OPEN,
286,153,77,12,140340.95,,"TEFC Induction Motor, 90kW, 4-pole, IE3",OPEN,
287,153,54,7,2693.22,,"Deep Groove Ball Bearing 6275-2RS, 75mm bore",OPEN,
288,154,213,16,31532.77,SVC-CAL-02,Cal Service - contracted field technician,OPEN,
289,155,22,4,23413.48,,"Ball Mill Grinding Media, 80mm, forged steel balls",OPEN,
290,155,136,6,5229.06,,"Troughing Idler Set, 800mm belt width, 3-roll",OPEN,
291,155,40,10,16510.64,,"Motor Drive Coupling, elastomeric, rated for 22kW",OPEN,
292,155,185,16,563.17,,"Power Cable, XLPE armoured, 4-core 35mm2",OPEN,
293,155,170,7,10932.61,,"Spherical Roller Bearing 22220, 20mm bore",OPEN,
294,156,133,10,126485.85,,"TEFC Induction Motor, 11kW, 4-pole, IE3",OPEN,
295,157,13,11,105149.91,,"Vertical Sump Pump Shaft Assembly, Heavy duty slurry",OPEN,
296,157,151,20,47915.72,,"Mechanical Seal, shaft 38mm, tungsten carbide faces",OPEN,
297,157,180,14,11684.81,,items per attached list,OPEN,VAGUE_DESCRIPTION
298,158,182,8,1672.6,,"Impact Idler, 1600mm belt width, rubber disc",OPEN,
299,158,100,6,252375.69,,"Variable Speed Drive, 75kW",OPEN,
300,159,217,14,25201.27,SVC-INS-03,Ins Service - contracted field technician,OPEN,
301,159,218,4,41046.97,SVC-REF-01,Ref Service - contracted field technician,OPEN,
302,159,215,17,34305.47,SVC-INS-01,Ins Service - contracted field technician,OPEN,
303,160,52,3,60655.38,,"Jaw Crusher Fixed Jaw Plate, high-manganese, manganese steel",OPEN,
304,161,159,16,25432.1,,"Pinch Valve, 80mm (3""), slurry service",OPEN,
305,162,171,16,12828.93,,"Motor Drive Coupling, elastomeric, rated for 11kW",OPEN,
306,163,90,16,1315.42,,"Conveyor Belt, steel cord, 650mm width",OPEN,
307,163,3,18,217397.51,,"Variable Speed Drive, 11kW",OPEN,
308,164,107,6,55106.03,,"Knife Gate Valve, 150mm (6""), rubber lined",OPEN,
309,164,87,8,53499.06,,"Flotation Cell Impeller, tank cell, rubber coated",OPEN,
310,165,126,18,4469.92,,"Gland Packing Set, shaft 80mm, PTFE impregnated",OPEN,
311,166,5,10,89771.63,,"Flow Meter, magnetic, 150mm (6"")",OPEN,
312,166,101,19,2411.03,,"Conveyor Belt, steel cord, 1200mm width",OPEN,
313,166,204,4,170652.31,,misc parts,OPEN,VAGUE_DESCRIPTION
314,167,179,18,101938.47,,"Jaw Crusher Fixed Jaw Plate, corrugated, manganese steel",OPEN,
315,167,143,13,12540.47,,"MCC Contactor, 150A, 3-pole",OPEN,
316,168,7,15,9795.5,,"Ball Valve, 200mm (8""), full bore, stainless trim",OPEN,MISSING_SERVICE_CODE
317,168,60,15,14858.11,,"Circuit Breaker, MCCB, 630A",OPEN,
318,169,40,10,14871.41,,"Motor Drive Coupling, elastomeric, rated for 22kW",OPEN,MISSING_SERVICE_CODE
319,170,208,14,41746.28,SVC-REP-03,Rep Service - contracted field technician,OPEN,
320,170,218,4,47023.49,SVC-REF-01,Ref Service - contracted field technician,OPEN,
321,171,72,4,88001.92,,"Vertical Sump Pump Shaft Assembly, High-head",OPEN,
322,171,133,17,136851.47,,"TEFC Induction Motor, 11kW, 4-pole, IE3",OPEN,
323,172,150,10,1425.11,,"Conveyor Belt, steel cord, 1400mm width",OPEN,
324,172,200,20,16354.64,,"Froth Paddle Assembly, small cell",OPEN,
325,172,8,16,16048.25,,"Ball Valve, 40mm (1.5""), full bore, stainless trim",OPEN,MISSING_SERVICE_CODE
326,173,11,15,153398.6,,"Slip Ring Induction Motor, 110kW, 6-pole",OPEN,
327,173,113,1,68016.35,,"Centrifugal Slurry Pump Impeller, Heavy duty slurry, hard metal",OPEN,
328,174,115,20,26235.49,,"Ball Mill Grinding Media, 100mm, forged steel balls",OPEN,
329,174,76,8,21237.88,,"Butterfly Valve, 40mm (1.5""), wafer type",OPEN,
330,174,57,17,1216.6,,"Conveyor Belt, steel cord, 800mm width",OPEN,
331,175,111,17,907.69,,"Tapered Roller Bearing 32040, 40mm bore",OPEN,
332,176,218,3,40946.83,SVC-REF-01,Ref Service - contracted field technician,OPEN,
333,176,208,7,44523.28,SVC-REP-03,Rep Service - contracted field technician,OPEN,
334,177,124,2,61944.91,,"Slip Ring Induction Motor, 15kW, 6-pole",OPEN,
335,178,25,17,1969.27,,"Conveyor Belt, steel cord, 1600mm width",OPEN,
336,178,42,7,5316.95,,"MCC Contactor, 65A, 3-pole",OPEN,
337,179,90,7,1409.63,,"Conveyor Belt, steel cord, 650mm width",OPEN,
338,179,99,9,94596.28,,"Cone Crusher Mantle, coarse profile",OPEN,
339,179,73,20,34200.45,,"Flotation Cell Impeller, medium cell, rubber coated",OPEN,
340,180,208,10,40668.61,SVC-REP-03,Rep Service - contracted field technician,OPEN,
341,181,214,19,9646.51,SVC-CAL-03,Cal Service - contracted field technician,OPEN,
342,182,11,5,143274.3,,"Slip Ring Induction Motor, 110kW, 6-pole",OPEN,
343,183,38,3,61875.28,,"Mechanical Seal, shaft 50mm, tungsten carbide faces",OPEN,
344,183,159,8,23742.12,,"Pinch Valve, 80mm (3""), slurry service",OPEN,
345,184,81,19,53592.69,,"Seal Support System, API Plan 32, shaft 50mm",OPEN,
346,184,85,7,446105.58,,"Cone Crusher Mantle, fine profile",OPEN,
347,185,128,5,24009.4,,"Spherical Roller Bearing 22290, 90mm bore",OPEN,
348,185,36,18,101553.03,,"SAG Mill Liner Plate, head, chrome-moly steel",OPEN,
349,186,80,15,3158.91,,"MCC Contactor, 32A, 3-pole",OPEN,
350,187,214,4,9222.98,SVC-CAL-03,Cal Service - contracted field technician,OPEN,
351,187,216,19,10121.18,SVC-INS-02,Ins Service - contracted field technician,OPEN,
352,188,34,11,35256.32,,"Knife Gate Valve, 40mm (1.5""), rubber lined",OPEN,
353,188,116,10,155861.8,,"Slip Ring Induction Motor, 55kW, 6-pole",OPEN,
354,189,199,3,1608.88,,"Impact Idler, 1000mm belt width, rubber disc",OPEN,
355,189,58,16,75048.53,,"Pinch Valve, 100mm (4""), slurry service",OPEN,
356,189,72,17,83868.93,,"Vertical Sump Pump Shaft Assembly, High-head",OPEN,
357,190,32,3,31239.66,,"Variable Speed Drive, 45kW",OPEN,
358,190,49,8,80002.21,,spares as required,OPEN,VAGUE_DESCRIPTION
359,190,135,12,34581.0,,"Level Transmitter, ultrasonic, 0-20m range",OPEN,
360,191,8,5,17120.42,,"Ball Valve, 40mm (1.5""), full bore, stainless trim",OPEN,
361,192,141,20,17938.12,,"Tapered Roller Bearing 32020, 20mm bore",OPEN,
362,192,39,6,18579.38,,spares as required,OPEN,VAGUE_DESCRIPTION
363,192,195,15,22026.49,,"Froth Paddle Assembly, tank cell",OPEN,
364,193,47,19,4514.23,,"Pillow Block Bearing Unit UCP220, 20mm shaft",OPEN,
365,194,173,15,21946.72,,"Spherical Roller Bearing 22240, 40mm bore",OPEN,
366,194,17,7,6537.06,,"Belt Scraper Blade Set, 1400mm width, tungsten tip",OPEN,
367,194,44,16,165793.43,,"Density Meter, nuclear, 150mm (6"") pipe",OPEN,
368,195,215,19,32791.64,SVC-INS-01,Ins Service - contracted field technician,OPEN,
369,195,217,17,24966.42,SVC-INS-03,Ins Service - contracted field technician,OPEN,
370,196,148,12,248441.07,,"Cone Crusher Concave Ring, coarse profile",OPEN,
371,196,166,19,97544.58,,"Variable Speed Drive, 7.5kW",OPEN,
372,196,181,3,41372.1,,"Seal Support System, API Plan 32, shaft 65mm",OPEN,
373,197,190,9,115237.79,,"Mill Trunnion Bearing Liner, feed end",OPEN,
374,197,122,20,2364.15,,"Deep Groove Ball Bearing 6240-2RS, 40mm bore",OPEN,
375,197,87,18,61425.07,,"Flotation Cell Impeller, tank cell, rubber coated",OPEN,
376,197,143,5,12522.63,,"MCC Contactor, 150A, 3-pole",OPEN,
377,197,125,12,11886.31,,"Level Transmitter, ultrasonic, 0-10m range",OPEN,
378,198,209,12,38258.55,SVC-INS-01,Ins Service - contracted field technician,OPEN,
379,198,208,18,41372.94,SVC-REP-03,Rep Service - contracted field technician,OPEN,
380,198,207,15,43889.55,SVC-REP-02,Rep Service - contracted field technician,OPEN,
381,199,211,15,24774.43,SVC-INS-03,Ins Service - contracted field technician,OPEN,
382,199,220,16,44274.26,,Ref Service - contracted field technician,OPEN,MISSING_SERVICE_CODE
383,200,171,13,11201.61,,"Motor Drive Coupling, elastomeric, rated for 11kW",OPEN,
384,200,192,4,9801.48,,"Pillow Block Bearing Unit UCP217, 17mm shaft",OPEN,
385,201,210,14,38553.74,SVC-INS-02,Ins Service - contracted field technician,OPEN,
386,201,212,4,32254.02,SVC-CAL-01,misc parts,OPEN,VAGUE_DESCRIPTION
387,201,209,14,31073.33,SVC-INS-01,Ins Service - contracted field technician,OPEN,
388,201,215,10,33778.89,,Ins Service - contracted field technician,OPEN,MISSING_SERVICE_CODE
389,201,212,4,35654.65,SVC-CAL-01,Cal Service - contracted field technician,OPEN,
390,201,211,20,28509.09,,Ins Service - contracted field technician,OPEN,MISSING_SERVICE_CODE
391,201,213,14,31365.55,SVC-CAL-02,Cal Service - contracted field technician,OPEN,
392,201,213,8,27105.7,SVC-CAL-02,Cal Service - contracted field technician,OPEN,
393,201,211,11,28139.71,SVC-INS-03,Ins Service - contracted field technician,OPEN,
394,202,35,4,3227.28,,"Impact Idler, 1400mm belt width, rubber disc",OPEN,
395,202,25,10,2032.26,,"Conveyor Belt, steel cord, 1600mm width",OPEN,
396,203,207,18,50202.59,SVC-REP-02,Rep Service - contracted field technician,OPEN,
397,203,209,16,34432.52,SVC-INS-01,Ins Service - contracted field technician,OPEN,
398,204,104,5,172558.79,,"Centrifugal Slurry Pump Impeller, High-head, hard metal",OPEN,MISSING_SERVICE_CODE
399,205,71,17,2155.77,,"Conveyor Belt, steel cord, 1000mm width",OPEN,
400,206,157,20,65969.09,,"TEFC Induction Motor, 55kW, 4-pole, IE3",OPEN,
401,206,62,20,3595.95,,"Troughing Idler Set, 1400mm belt width, 3-roll",OPEN,
402,207,108,15,33345.81,,"Spherical Roller Bearing 22235, 35mm bore",OPEN,
403,207,8,11,15497.94,,"Ball Valve, 40mm (1.5""), full bore, stainless trim",OPEN,
404,207,6,4,14449.31,,"MCC Contactor, 95A, 3-pole",OPEN,
405,208,55,15,237.96,,"Power Cable, XLPE armoured, 4-core 16mm2",OPEN,
406,208,19,3,109486.08,,"Density Meter, nuclear, 25mm (1"") pipe",OPEN,
407,208,134,8,41813.95,,"Pinch Valve, 50mm (2""), slurry service",OPEN,
408,208,32,8,26411.81,,"Variable Speed Drive, 45kW",OPEN,
409,208,184,19,32282.09,,"Diaphragm Dosing Pump Head Assembly, Medium duty",OPEN,
410,208,115,13,22632.77,,"Ball Mill Grinding Media, 100mm, forged steel balls",OPEN,
411,208,100,11,287082.39,,items per attached list,OPEN,VAGUE_DESCRIPTION
412,208,72,10,91900.4,,"Vertical Sump Pump Shaft Assembly, High-head",OPEN,
413,208,145,14,33675.93,,"Vertical Sump Pump Shaft Assembly, Medium duty",OPEN,
414,209,65,8,149987.37,,"TEFC Induction Motor, 15kW, 4-pole, IE3",OPEN,
415,209,34,19,34291.67,,misc parts,OPEN,VAGUE_DESCRIPTION
416,210,38,19,61311.87,,"Mechanical Seal, shaft 50mm, tungsten carbide faces",OPEN,
417,210,85,2,450256.99,,"Cone Crusher Mantle, fine profile",OPEN,
418,210,31,1,16787.84,,"Ball Valve, 25mm (1""), full bore, stainless trim",OPEN,MISSING_SERVICE_CODE
419,211,132,14,24065.67,,"Diaphragm Dosing Pump Head Assembly, High-head",OPEN,
420,211,81,12,53543.49,,"Seal Support System, API Plan 32, shaft 50mm",OPEN,
421,212,13,13,96084.92,,"Vertical Sump Pump Shaft Assembly, Heavy duty slurry",OPEN,
422,212,195,11,19359.62,,"Froth Paddle Assembly, tank cell",OPEN,
423,212,25,5,2262.45,,"Conveyor Belt, steel cord, 1600mm width",OPEN,
424,213,131,17,15931.63,,"Butterfly Valve, 50mm (2""), wafer type",OPEN,
425,213,46,5,194508.12,,"Cone Crusher Concave Ring, fine profile",OPEN,
426,214,25,17,2127.45,,"Conveyor Belt, steel cord, 1600mm width",OPEN,
427,215,3,4,215613.66,,"Variable Speed Drive, 11kW",OPEN,
428,215,113,15,60088.81,,"Centrifugal Slurry Pump Impeller, Heavy duty slurry, hard metal",OPEN,
429,216,79,19,56688.05,,"Flotation Cell Stator, small cell",OPEN,
430,216,72,9,92172.08,,"Vertical Sump Pump Shaft Assembly, High-head",OPEN,
431,216,176,12,1677.27,,"Gland Packing Set, shaft 65mm, PTFE impregnated",OPEN,
432,217,140,13,3003.99,,"Gland Packing Set, shaft 25mm, PTFE impregnated",OPEN,
433,217,201,15,224736.46,,spares as required,OPEN,VAGUE_DESCRIPTION
434,218,194,17,75126.31,,"Flow Meter, magnetic, 25mm (1"")",OPEN,
435,219,212,18,30258.47,SVC-CAL-01,Cal Service - contracted field technician,OPEN,
436,219,215,14,35737.9,SVC-INS-01,Ins Service - contracted field technician,OPEN,
437,220,21,5,3859.85,,items per attached list,OPEN,VAGUE_DESCRIPTION
438,220,203,4,113420.04,,"Density Meter, nuclear, 100mm (4"") pipe",OPEN,
439,221,217,14,22595.84,SVC-INS-03,Ins Service - contracted field technician,OPEN,
440,222,53,7,2536.74,,"Gland Packing Set, shaft 38mm, PTFE impregnated",OPEN,
441,223,209,13,33524.58,SVC-INS-01,Ins Service - contracted field technician,OPEN,
442,223,211,16,30243.26,SVC-INS-03,Ins Service - contracted field technician,OPEN,
443,224,58,13,68515.72,,"Pinch Valve, 100mm (4""), slurry service",OPEN,
444,225,192,18,10922.66,,"Pillow Block Bearing Unit UCP217, 17mm shaft",OPEN,
445,225,10,4,13397.51,,"Froth Paddle Assembly, large cell",OPEN,
446,226,146,3,3094.2,,"Deep Groove Ball Bearing 6260-2RS, 60mm bore",OPEN,
447,227,171,8,11334.42,,"Motor Drive Coupling, elastomeric, rated for 11kW",OPEN,
448,228,24,4,83426.45,,misc parts,OPEN,VAGUE_DESCRIPTION
449,229,117,10,38286.4,,"Spherical Roller Bearing 22275, 75mm bore",OPEN,
450,229,46,11,192403.9,,"Cone Crusher Concave Ring, fine profile",OPEN,
451,229,42,6,5444.76,,"MCC Contactor, 65A, 3-pole",OPEN,
452,229,188,18,54520.38,,"Centrifugal Slurry Pump Casing Liner, Low-flow metering",OPEN,
453,229,198,4,9065.09,,"Knife Gate Valve, 80mm (3""), rubber lined",OPEN,
454,229,123,12,23729.99,,"Motor Drive Coupling, elastomeric, rated for 15kW",OPEN,
455,229,143,14,13366.54,,"MCC Contactor, 150A, 3-pole",OPEN,
456,229,163,16,109836.4,,"Variable Speed Drive, 55kW",OPEN,
457,230,111,1,933.33,,"Tapered Roller Bearing 32040, 40mm bore",OPEN,MISSING_SERVICE_CODE
458,231,83,9,104745.32,,"SAG Mill Liner Plate, discharge grate, chrome-moly steel",OPEN,
459,231,153,16,213693.06,,"Density Meter, nuclear, 40mm (1.5"") pipe",OPEN,
460,231,68,7,4995.11,,"Troughing Idler Set, 650mm belt width, 3-roll",OPEN,
461,231,195,8,22799.55,,"Froth Paddle Assembly, tank cell",OPEN,
462,231,98,4,30585.23,,"Level Transmitter, ultrasonic, 0-15m range",OPEN,
463,231,52,20,55587.4,,"Jaw Crusher Fixed Jaw Plate, high-manganese, manganese steel",OPEN,
464,231,49,16,87033.81,,"Vertical Sump Pump Shaft Assembly, Light duty",OPEN,
465,231,136,10,6157.39,,"Troughing Idler Set, 800mm belt width, 3-roll",OPEN,
466,231,77,15,155153.73,,"TEFC Induction Motor, 90kW, 4-pole, IE3",OPEN,
467,231,121,17,37197.03,,items per attached list,OPEN,VAGUE_DESCRIPTION
468,231,51,2,162807.12,,"Mill Trunnion Bearing Liner, discharge end",OPEN,
469,232,51,3,148915.32,,"Mill Trunnion Bearing Liner, discharge end",OPEN,
470,232,103,19,49053.74,,"Diaphragm Dosing Pump Head Assembly, Light duty",OPEN,
471,233,80,12,3247.1,,"MCC Contactor, 32A, 3-pole",OPEN,
472,234,50,15,8747.47,,"Butterfly Valve, 80mm (3""), wafer type",OPEN,
473,234,66,6,92556.37,,"Variable Speed Drive, 22kW",OPEN,
474,234,121,9,37300.88,,"Circuit Breaker, MCCB, 250A",OPEN,
475,235,38,16,61547.95,,"Mechanical Seal, shaft 50mm, tungsten carbide faces",OPEN,
476,236,64,16,1356.67,,"Deep Groove Ball Bearing 6225-2RS, 25mm bore",OPEN,
477,236,42,18,5598.21,,"MCC Contactor, 65A, 3-pole",OPEN,
478,237,199,19,1551.06,,"Impact Idler, 1000mm belt width, rubber disc",OPEN,
479,238,218,1,44329.92,SVC-REF-01,Ref Service - contracted field technician,OPEN,
480,239,187,2,22185.12,,"Ball Mill Grinding Media, 40mm, forged steel balls",OPEN,
481,239,117,4,33407.57,,"Spherical Roller Bearing 22275, 75mm bore",OPEN,
482,240,63,6,127476.52,,"TEFC Induction Motor, 30kW, 4-pole, IE3",OPEN,
483,240,135,8,40696.7,,"Level Transmitter, ultrasonic, 0-20m range",OPEN,
484,241,43,5,19686.65,,"Ball Valve, 150mm (6""), full bore, stainless trim",OPEN,
485,242,35,18,2789.08,,"Impact Idler, 1400mm belt width, rubber disc",OPEN,
486,242,119,17,16733.39,,"Tapered Roller Bearing 32017, 17mm bore",OPEN,
487,243,58,3,68057.31,,"Pinch Valve, 100mm (4""), slurry service",OPEN,
488,243,76,1,19735.46,,"Butterfly Valve, 40mm (1.5""), wafer type",OPEN,
489,243,3,18,261266.64,,"Variable Speed Drive, 11kW",OPEN,
490,244,211,5,26382.31,SVC-INS-03,Ins Service - contracted field technician,OPEN,
491,244,208,18,41107.52,SVC-REP-03,Rep Service - contracted field technician,OPEN,
492,244,219,5,31831.2,SVC-REF-02,Ref Service - contracted field technician,OPEN,
493,245,198,1,7970.38,,"Knife Gate Valve, 80mm (3""), rubber lined",OPEN,
494,245,30,18,71496.45,,"Knife Gate Valve, 25mm (1""), rubber lined",OPEN,
495,246,208,14,42169.29,SVC-REP-03,Rep Service - contracted field technician,OPEN,
496,246,208,1,39798.72,SVC-REP-03,Rep Service - contracted field technician,OPEN,
497,246,215,3,33643.48,SVC-INS-01,Ins Service - contracted field technician,OPEN,
498,246,217,12,24661.67,SVC-INS-03,Ins Service - contracted field technician,OPEN,
499,246,211,12,28459.72,SVC-INS-03,Ins Service - contracted field technician,OPEN,
500,246,212,8,29383.51,SVC-CAL-01,Cal Service - contracted field technician,OPEN,
501,246,213,5,26425.81,SVC-CAL-02,Cal Service - contracted field technician,OPEN,
502,246,212,12,29800.09,SVC-CAL-01,Cal Service - contracted field technician,OPEN,
503,246,217,12,20822.3,SVC-INS-03,Ins Service - contracted field technician,OPEN,
504,246,211,14,26170.62,SVC-INS-03,Ins Service - contracted field technician,OPEN,
505,247,82,2,9040.13,,"Knife Gate Valve, 100mm (4""), rubber lined",OPEN,
506,248,169,3,129043.23,,"TEFC Induction Motor, 45kW, 4-pole, IE3",OPEN,
507,248,54,19,2459.89,,"Deep Groove Ball Bearing 6275-2RS, 75mm bore",OPEN,
508,248,141,5,17362.72,,"Tapered Roller Bearing 32020, 20mm bore",OPEN,
509,249,69,18,1839.94,,"Deep Groove Ball Bearing 6230-2RS, 30mm bore",OPEN,
510,249,128,1,25205.61,,"Spherical Roller Bearing 22290, 90mm bore",OPEN,
511,250,190,16,113149.66,,"Mill Trunnion Bearing Liner, feed end",OPEN,
512,251,219,13,36046.86,SVC-REF-02,Ref Service - contracted field technician,OPEN,
513,252,7,3,10582.2,,"Ball Valve, 200mm (8""), full bore, stainless trim",OPEN,
514,252,60,13,16329.72,,"Circuit Breaker, MCCB, 630A",OPEN,
515,253,15,18,104228.57,,"Jaw Crusher Fixed Jaw Plate, standard, manganese steel",OPEN,
516,254,159,6,24456.95,,"Pinch Valve, 80mm (3""), slurry service",OPEN,
517,254,124,4,55857.49,,"Slip Ring Induction Motor, 15kW, 6-pole",OPEN,
518,254,181,14,39752.37,,"Seal Support System, API Plan 32, shaft 65mm",OPEN,
519,255,40,15,15485.63,,"Motor Drive Coupling, elastomeric, rated for 22kW",OPEN,
520,256,159,5,21653.52,,"Pinch Valve, 80mm (3""), slurry service",OPEN,
521,256,135,6,39093.09,,"Level Transmitter, ultrasonic, 0-20m range",OPEN,
522,256,199,3,1515.19,,"Impact Idler, 1000mm belt width, rubber disc",OPEN,
523,257,140,17,3509.61,,"Gland Packing Set, shaft 25mm, PTFE impregnated",OPEN,
524,257,56,7,12908.01,,"MCC Contactor, 225A, 3-pole",OPEN,
525,258,118,3,27067.7,,"Spherical Roller Bearing 22217, 17mm bore",OPEN,
526,259,1,3,118763.7,,"Density Meter, nuclear, 200mm (8"") pipe",OPEN,
527,259,172,9,21080.33,,"Knife Gate Valve, 200mm (8""), rubber lined",OPEN,
528,259,15,11,90241.27,,"Jaw Crusher Fixed Jaw Plate, standard, manganese steel",OPEN,
529,260,93,18,33114.56,,"Pinch Valve, 150mm (6""), slurry service",OPEN,
530,260,81,6,45246.1,,"Seal Support System, API Plan 32, shaft 50mm",OPEN,MISSING_SERVICE_CODE
531,261,208,11,38788.1,SVC-REP-03,Rep Service - contracted field technician,OPEN,
532,262,180,13,11803.43,,"Pressure Transmitter, 0-40 bar range, 4-20mA",OPEN,
533,263,144,12,21879.57,,"TEFC Induction Motor, 7.5kW, 4-pole, IE3",OPEN,
534,264,164,9,22753.99,,"Ball Mill Grinding Media, 60mm, forged steel balls",OPEN,
535,265,218,7,45357.71,SVC-REF-01,Ref Service - contracted field technician,OPEN,
536,265,217,3,22261.03,SVC-INS-03,Ins Service - contracted field technician,OPEN,
537,266,162,12,941.45,,"Pillow Block Bearing Unit UCP290, 90mm shaft",OPEN,
538,267,28,11,46489.2,,"Variable Speed Drive, 30kW",OPEN,
539,268,41,16,277066.08,,"Variable Speed Drive, 110kW",OPEN,
540,268,93,16,35240.15,,"Pinch Valve, 150mm (6""), slurry service",OPEN,
541,269,17,16,6697.51,,items per attached list,OPEN,VAGUE_DESCRIPTION
542,269,89,15,7813.14,,"Pillow Block Bearing Unit UCP250, 50mm shaft",OPEN,
543,269,132,6,24753.34,,"Diaphragm Dosing Pump Head Assembly, High-head",OPEN,
544,270,36,10,93986.88,,items per attached list,OPEN,VAGUE_DESCRIPTION
545,270,99,11,93626.46,,"Cone Crusher Mantle, coarse profile",OPEN,
546,270,159,6,25074.45,,"Pinch Valve, 80mm (3""), slurry service",OPEN,
547,271,208,6,40954.66,SVC-REP-03,Rep Service - contracted field technician,OPEN,
548,271,206,18,37721.72,SVC-REP-01,Rep Service - contracted field technician,OPEN,
549,271,219,9,31733.6,,Ref Service - contracted field technician,OPEN,MISSING_SERVICE_CODE
550,272,211,20,28735.73,SVC-INS-03,Ins Service - contracted field technician,OPEN,
551,272,209,16,37609.99,SVC-INS-01,Ins Service - contracted field technician,OPEN,
552,272,213,5,28344.31,SVC-CAL-02,Cal Service - contracted field technician,OPEN,
553,273,60,20,13569.11,,"Circuit Breaker, MCCB, 630A",OPEN,
554,274,14,17,17740.83,,"Motor Drive Coupling, elastomeric, rated for 30kW",OPEN,
555,274,17,2,6773.46,,"Belt Scraper Blade Set, 1400mm width, tungsten tip",OPEN,
556,275,36,20,99203.32,,"SAG Mill Liner Plate, head, chrome-moly steel",OPEN,
557,275,70,16,28756.77,,"Jaw Crusher Fixed Jaw Plate, wave-profile, manganese steel",OPEN,
558,276,118,11,31626.22,,"Spherical Roller Bearing 22217, 17mm bore",OPEN,
559,276,117,7,39186.29,,"Spherical Roller Bearing 22275, 75mm bore",OPEN,
560,277,67,20,27175.21,,"Variable Speed Drive, 15kW",OPEN,
561,277,43,7,19594.03,,"Ball Valve, 150mm (6""), full bore, stainless trim",OPEN,
562,278,97,9,17926.94,,"Motor Drive Coupling, elastomeric, rated for 7.5kW",OPEN,
563,278,49,16,80156.17,,"Vertical Sump Pump Shaft Assembly, Light duty",OPEN,
564,279,214,18,10600.67,SVC-CAL-03,Cal Service - contracted field technician,OPEN,
565,279,214,12,9456.56,SVC-CAL-03,Cal Service - contracted field technician,OPEN,
566,279,208,5,38622.64,SVC-REP-03,Rep Service - contracted field technician,OPEN,
567,280,139,8,3526.63,,"Tapered Roller Bearing 32075, 75mm bore",OPEN,
568,281,70,17,27566.56,,"Jaw Crusher Fixed Jaw Plate, wave-profile, manganese steel",OPEN,
569,282,82,10,10237.2,,"Knife Gate Valve, 100mm (4""), rubber lined",OPEN,
570,282,119,11,17804.5,,"Tapered Roller Bearing 32017, 17mm bore",OPEN,
571,282,23,18,16749.27,,"Motor Drive Coupling, elastomeric, rated for 90kW",OPEN,
572,282,18,14,29455.48,,"Flotation Cell Impeller, small cell, rubber coated",OPEN,
573,282,141,1,17279.31,,"Tapered Roller Bearing 32020, 20mm bore",OPEN,
574,283,3,13,224367.22,,"Variable Speed Drive, 11kW",OPEN,
575,283,82,14,8917.2,,"Knife Gate Valve, 100mm (4""), rubber lined",OPEN,
576,283,118,9,28359.68,,"Spherical Roller Bearing 22217, 17mm bore",OPEN,
577,284,51,14,142107.21,,"Mill Trunnion Bearing Liner, discharge end",OPEN,
578,285,143,3,12232.82,,"MCC Contactor, 150A, 3-pole",OPEN,MISSING_SERVICE_CODE
579,285,46,8,160252.68,,"Cone Crusher Concave Ring, fine profile",OPEN,
580,285,2,11,43479.83,,misc parts,OPEN,VAGUE_DESCRIPTION
581,286,208,1,44755.8,SVC-REP-03,Rep Service - contracted field technician,OPEN,
582,287,153,5,206373.3,,"Density Meter, nuclear, 40mm (1.5"") pipe",OPEN,
583,287,58,7,68080.65,,"Pinch Valve, 100mm (4""), slurry service",OPEN,
584,287,39,16,18780.77,,"Spherical Roller Bearing 22230, 30mm bore",OPEN,
585,288,83,16,95061.2,,"SAG Mill Liner Plate, discharge grate, chrome-moly steel",OPEN,
586,288,82,3,8537.22,,"Knife Gate Valve, 100mm (4""), rubber lined",OPEN,
587,288,70,18,31224.85,,"Jaw Crusher Fixed Jaw Plate, wave-profile, manganese steel",OPEN,
588,289,206,2,40353.95,SVC-REP-01,Rep Service - contracted field technician,OPEN,
589,290,209,9,34655.12,SVC-INS-01,Ins Service - contracted field technician,OPEN,
590,290,209,5,36879.1,SVC-INS-01,Ins Service - contracted field technician,OPEN,
591,291,150,11,1590.98,,"Conveyor Belt, steel cord, 1400mm width",OPEN,
592,291,1,17,123431.75,,"Density Meter, nuclear, 200mm (8"") pipe",OPEN,
593,291,160,13,1197.43,,"Deep Groove Ball Bearing 6290-2RS, 90mm bore",OPEN,
594,292,149,20,6307.18,,"Spherical Roller Bearing 22225, 25mm bore",OPEN,
595,292,68,8,4413.47,,"Troughing Idler Set, 650mm belt width, 3-roll",OPEN,
596,293,162,16,1017.59,,items per attached list,OPEN,VAGUE_DESCRIPTION
597,293,132,4,27093.35,,"Diaphragm Dosing Pump Head Assembly, High-head",OPEN,
598,294,44,5,160311.11,,"Density Meter, nuclear, 150mm (6"") pipe",OPEN,
599,294,170,15,11910.67,,"Spherical Roller Bearing 22220, 20mm bore",OPEN,
600,294,122,17,2757.75,,"Deep Groove Ball Bearing 6240-2RS, 40mm bore",OPEN,
601,295,108,2,27960.33,,"Spherical Roller Bearing 22235, 35mm bore",OPEN,
602,295,18,8,31274.58,,"Flotation Cell Impeller, small cell, rubber coated",OPEN,
603,295,186,5,62782.16,,"SAG Mill Liner Plate, lifter bar, chrome-moly steel",OPEN,MISSING_SERVICE_CODE
604,296,132,9,26999.76,,"Diaphragm Dosing Pump Head Assembly, High-head",OPEN,
605,296,134,1,48297.05,,"Pinch Valve, 50mm (2""), slurry service",OPEN,
606,297,99,20,79975.3,,"Cone Crusher Mantle, coarse profile",OPEN,
607,297,34,11,34731.0,,"Knife Gate Valve, 40mm (1.5""), rubber lined",OPEN,
608,297,108,16,32027.57,,"Spherical Roller Bearing 22235, 35mm bore",OPEN,
609,298,44,10,177715.5,,"Density Meter, nuclear, 150mm (6"") pipe",OPEN,
610,299,37,11,60660.58,,as discussed,OPEN,VAGUE_DESCRIPTION
611,300,29,6,25707.59,,"Mechanical Seal, shaft 80mm, tungsten carbide faces",OPEN,
612,300,89,19,6670.1,,"Pillow Block Bearing Unit UCP250, 50mm shaft",OPEN,
613,300,149,13,6204.8,,"Spherical Roller Bearing 22225, 25mm bore",OPEN,
614,301,214,8,9856.63,SVC-CAL-03,Cal Service - contracted field technician,OPEN,
615,302,110,2,3007.75,,"Deep Groove Ball Bearing 6220-2RS, 20mm bore",OPEN,
616,302,78,8,42573.26,,"Flotation Cell Stator, tank cell",OPEN,
617,303,176,3,1620.22,,"Gland Packing Set, shaft 65mm, PTFE impregnated",OPEN,
618,304,210,12,40732.36,SVC-INS-02,Ins Service - contracted field technician,OPEN,
619,304,210,5,37082.16,SVC-INS-02,Ins Service - contracted field technician,OPEN,
620,305,153,5,206976.03,,"Density Meter, nuclear, 40mm (1.5"") pipe",OPEN,
621,305,78,9,45855.45,,"Flotation Cell Stator, tank cell",OPEN,
622,306,88,19,19687.06,,"Circuit Breaker, MCCB, 400A",OPEN,
623,306,9,16,307874.21,,"Cone Crusher Concave Ring, standard profile",OPEN,
624,307,57,10,1270.98,,"Conveyor Belt, steel cord, 800mm width",OPEN,
625,308,87,10,59748.72,,"Flotation Cell Impeller, tank cell, rubber coated",OPEN,
626,308,14,2,21161.81,,"Motor Drive Coupling, elastomeric, rated for 30kW",OPEN,MISSING_SERVICE_CODE
627,308,15,9,96835.26,,"Jaw Crusher Fixed Jaw Plate, standard, manganese steel",OPEN,MISSING_SERVICE_CODE
628,309,217,6,23167.82,SVC-INS-03,Ins Service - contracted field technician,OPEN,
629,310,211,6,28091.89,SVC-INS-03,Ins Service - contracted field technician,OPEN,
630,310,213,2,27789.92,SVC-CAL-02,Cal Service - contracted field technician,OPEN,
631,310,206,17,38428.14,SVC-REP-01,Rep Service - contracted field technician,OPEN,
632,310,218,5,46361.09,SVC-REF-01,Ref Service - contracted field technician,OPEN,
633,310,209,18,33983.14,SVC-INS-01,Ins Service - contracted field technician,OPEN,
634,310,215,13,31499.42,SVC-INS-01,Ins Service - contracted field technician,OPEN,
635,310,210,14,40681.21,SVC-INS-02,Ins Service - contracted field technician,OPEN,
636,310,214,20,9405.6,SVC-CAL-03,Cal Service - contracted field technician,OPEN,
637,310,208,18,45380.59,SVC-REP-03,Rep Service - contracted field technician,OPEN,
638,310,208,13,45687.8,SVC-REP-03,Rep Service - contracted field technician,OPEN,
639,310,207,6,47736.71,SVC-REP-02,Rep Service - contracted field technician,OPEN,
640,311,162,9,921.9,,"Pillow Block Bearing Unit UCP290, 90mm shaft",OPEN,
641,311,106,12,662.53,,"Deep Groove Ball Bearing 6235-2RS, 35mm bore",OPEN,
642,312,220,9,40781.86,SVC-REF-03,Ref Service - contracted field technician,OPEN,
643,312,206,20,38220.74,SVC-REP-01,Rep Service - contracted field technician,OPEN,
644,312,217,5,22452.0,SVC-INS-03,Ins Service - contracted field technician,OPEN,
645,313,212,19,30508.13,SVC-CAL-01,Cal Service - contracted field technician,OPEN,
646,314,189,10,35471.34,,"Flow Meter, magnetic, 40mm (1.5"")",OPEN,
647,314,202,16,102013.34,,"Flow Meter, magnetic, 80mm (3"")",OPEN,
648,314,162,20,963.38,,"Pillow Block Bearing Unit UCP290, 90mm shaft",OPEN,
649,315,172,11,21626.73,,"Knife Gate Valve, 200mm (8""), rubber lined",OPEN,MISSING_SERVICE_CODE
650,316,62,2,3479.6,,"Troughing Idler Set, 1400mm belt width, 3-roll",OPEN,
651,317,126,5,4460.88,,"Gland Packing Set, shaft 80mm, PTFE impregnated",OPEN,
652,317,157,7,67770.17,,"TEFC Induction Motor, 55kW, 4-pole, IE3",OPEN,
653,318,139,12,3669.26,,"Tapered Roller Bearing 32075, 75mm bore",OPEN,
654,318,95,11,6882.33,,"Tapered Roller Bearing 32050, 50mm bore",OPEN,
655,318,100,1,271277.08,,"Variable Speed Drive, 75kW",OPEN,
656,319,104,15,153304.7,,"Centrifugal Slurry Pump Impeller, High-head, hard metal",OPEN,
657,320,146,14,3014.44,,"Deep Groove Ball Bearing 6260-2RS, 60mm bore",OPEN,
658,321,104,9,175263.16,,"Centrifugal Slurry Pump Impeller, High-head, hard metal",OPEN,MISSING_SERVICE_CODE
659,321,114,13,7704.98,,"Tapered Roller Bearing 32090, 90mm bore",OPEN,
660,321,91,16,185.52,,"Power Cable, XLPE armoured, 4-core 70mm2",OPEN,
661,322,197,15,259684.35,,"Slip Ring Induction Motor, 75kW, 6-pole",OPEN,
662,322,188,14,54554.67,,"Centrifugal Slurry Pump Casing Liner, Low-flow metering",OPEN,
663,322,67,18,31126.34,,"Variable Speed Drive, 15kW",OPEN,
664,323,179,17,93070.89,,"Jaw Crusher Fixed Jaw Plate, corrugated, manganese steel",OPEN,
665,324,135,6,40798.24,,"Level Transmitter, ultrasonic, 0-20m range",OPEN,
666,324,118,17,32570.44,,"Spherical Roller Bearing 22217, 17mm bore",OPEN,
667,325,32,14,29839.69,,"Variable Speed Drive, 45kW",OPEN,
668,325,177,16,8671.02,,"Pillow Block Bearing Unit UCP225, 25mm shaft",OPEN,
669,325,1,17,121710.11,,"Density Meter, nuclear, 200mm (8"") pipe",OPEN,
670,326,150,15,1601.95,,"Conveyor Belt, steel cord, 1400mm width",OPEN,
671,326,27,1,1690.25,,"Gland Packing Set, shaft 50mm, PTFE impregnated",OPEN,
672,326,43,12,17732.27,,"Ball Valve, 150mm (6""), full bore, stainless trim",OPEN,
673,327,208,9,45044.96,SVC-REP-03,Rep Service - contracted field technician,OPEN,
674,328,215,12,31278.68,SVC-INS-01,Ins Service - contracted field technician,OPEN,
675,329,91,17,176.69,,"Power Cable, XLPE armoured, 4-core 70mm2",OPEN,
676,330,214,8,10070.29,SVC-CAL-03,Cal Service - contracted field technician,OPEN,
677,330,209,13,32070.55,SVC-INS-01,Ins Service - contracted field technician,OPEN,
678,331,211,8,29620.02,SVC-INS-03,Ins Service - contracted field technician,OPEN,
679,331,215,12,30942.17,SVC-INS-01,Ins Service - contracted field technician,OPEN,
680,331,212,18,30840.41,SVC-CAL-01,Cal Service - contracted field technician,OPEN,
681,332,26,12,230864.64,,"Cone Crusher Mantle, extra-coarse profile",OPEN,
682,333,180,20,10150.45,,"Pressure Transmitter, 0-40 bar range, 4-20mA",OPEN,
683,334,36,19,96798.5,,"SAG Mill Liner Plate, head, chrome-moly steel",OPEN,
684,335,25,19,2041.82,,"Conveyor Belt, steel cord, 1600mm width",OPEN,
685,336,37,20,57687.14,,spares as required,OPEN,VAGUE_DESCRIPTION
686,337,146,18,2929.91,,"Deep Groove Ball Bearing 6260-2RS, 60mm bore",OPEN,
687,338,99,4,82428.9,,misc parts,OPEN,VAGUE_DESCRIPTION
688,338,23,14,17412.89,,"Motor Drive Coupling, elastomeric, rated for 90kW",OPEN,
689,338,142,5,66112.19,,"Seal Support System, API Plan 32, shaft 100mm",OPEN,
690,339,74,4,63162.41,,"Seal Support System, API Plan 32, shaft 25mm",OPEN,
691,340,80,4,3423.51,,"MCC Contactor, 32A, 3-pole",OPEN,MISSING_SERVICE_CODE
692,341,41,17,255152.22,,"Variable Speed Drive, 110kW",OPEN,
693,341,67,3,32247.1,,items per attached list,OPEN,VAGUE_DESCRIPTION
694,341,161,16,18197.13,,"Pressure Transmitter, 0-100 bar range, 4-20mA",OPEN,
695,341,160,17,992.46,,"Deep Groove Ball Bearing 6290-2RS, 90mm bore",OPEN,
696,341,124,11,63541.59,,"Slip Ring Induction Motor, 15kW, 6-pole",OPEN,MISSING_SERVICE_CODE
697,341,201,15,255743.27,,"Cone Crusher Mantle, standard profile",OPEN,
698,341,84,19,121544.74,,"SAG Mill Liner Plate, shell, chrome-moly steel",OPEN,
699,341,133,15,150019.9,,"TEFC Induction Motor, 11kW, 4-pole, IE3",OPEN,
700,341,152,9,28110.06,,"Butterfly Valve, 150mm (6""), wafer type",OPEN,
701,341,57,17,1151.75,,"Conveyor Belt, steel cord, 800mm width",OPEN,
702,341,42,20,5531.71,,"MCC Contactor, 65A, 3-pole",OPEN,
703,342,123,1,20839.38,,"Motor Drive Coupling, elastomeric, rated for 15kW",OPEN,
704,343,180,15,11990.49,,"Pressure Transmitter, 0-40 bar range, 4-20mA",OPEN,
705,343,21,14,3631.28,,"Pillow Block Bearing Unit UCP240, 40mm shaft",OPEN,
706,344,158,17,19746.23,,"Motor Drive Coupling, elastomeric, rated for 45kW",OPEN,
707,345,52,16,55883.6,,"Jaw Crusher Fixed Jaw Plate, high-manganese, manganese steel",OPEN,
708,345,147,16,231770.8,,"Cone Crusher Concave Ring, extra-coarse profile",OPEN,
709,346,211,4,30097.6,SVC-INS-03,Ins Service - contracted field technician,OPEN,
710,346,220,12,44205.31,SVC-REF-03,Ref Service - contracted field technician,OPEN,
711,347,176,13,1930.95,,"Gland Packing Set, shaft 65mm, PTFE impregnated",OPEN,
712,347,74,2,59090.26,,"Seal Support System, API Plan 32, shaft 25mm",OPEN,
713,347,81,15,50656.68,,"Seal Support System, API Plan 32, shaft 50mm",OPEN,
714,348,124,3,54807.66,,"Slip Ring Induction Motor, 15kW, 6-pole",OPEN,
715,348,55,1,205.74,,"Power Cable, XLPE armoured, 4-core 16mm2",OPEN,
716,348,141,3,19203.48,,"Tapered Roller Bearing 32020, 20mm bore",OPEN,
717,349,96,8,32856.56,,"Circuit Breaker, MCCB, 100A",OPEN,
718,349,161,15,15124.86,,"Pressure Transmitter, 0-100 bar range, 4-20mA",OPEN,
719,350,184,14,33415.58,,"Diaphragm Dosing Pump Head Assembly, Medium duty",OPEN,
720,351,123,12,25424.49,,"Motor Drive Coupling, elastomeric, rated for 15kW",OPEN,
721,352,34,1,40152.3,,"Knife Gate Valve, 40mm (1.5""), rubber lined",OPEN,
722,353,145,4,31113.33,,"Vertical Sump Pump Shaft Assembly, Medium duty",OPEN,
723,353,23,1,15650.47,,"Motor Drive Coupling, elastomeric, rated for 90kW",OPEN,MISSING_SERVICE_CODE
724,353,182,20,1709.98,,"Impact Idler, 1600mm belt width, rubber disc",OPEN,
725,354,83,12,98256.09,,"SAG Mill Liner Plate, discharge grate, chrome-moly steel",OPEN,
726,354,35,16,2752.04,,"Impact Idler, 1400mm belt width, rubber disc",OPEN,
727,354,171,16,11107.58,,"Motor Drive Coupling, elastomeric, rated for 11kW",OPEN,
728,355,217,20,25337.37,SVC-INS-03,Ins Service - contracted field technician,OPEN,
729,356,213,5,30111.57,SVC-CAL-02,Cal Service - contracted field technician,OPEN,
730,357,213,5,31903.08,SVC-CAL-02,items per attached list,OPEN,VAGUE_DESCRIPTION
731,357,213,4,31716.49,SVC-CAL-02,Cal Service - contracted field technician,OPEN,
732,357,220,5,39435.98,SVC-REF-03,Ref Service - contracted field technician,OPEN,
733,358,99,18,89986.78,,"Cone Crusher Mantle, coarse profile",OPEN,
734,359,150,8,1645.19,,"Conveyor Belt, steel cord, 1400mm width",OPEN,
735,360,145,20,31905.46,,"Vertical Sump Pump Shaft Assembly, Medium duty",OPEN,
736,360,71,4,1910.6,,"Conveyor Belt, steel cord, 1000mm width",OPEN,
737,360,46,20,190428.02,,"Cone Crusher Concave Ring, fine profile",OPEN,
738,361,72,14,95180.67,,"Vertical Sump Pump Shaft Assembly, High-head",OPEN,
739,361,42,11,5918.65,,"MCC Contactor, 65A, 3-pole",OPEN,
740,361,54,2,2614.29,,"Deep Groove Ball Bearing 6275-2RS, 75mm bore",OPEN,
741,362,26,5,209956.4,,"Cone Crusher Mantle, extra-coarse profile",OPEN,
742,362,156,20,295312.66,,"Slip Ring Induction Motor, 30kW, 6-pole",OPEN,
743,362,177,18,7569.17,,"Pillow Block Bearing Unit UCP225, 25mm shaft",OPEN,
744,363,17,19,6047.61,,"Belt Scraper Blade Set, 1400mm width, tungsten tip",OPEN,
745,364,100,9,253232.96,,"Variable Speed Drive, 75kW",OPEN,
746,365,219,10,30953.09,SVC-REF-02,Ref Service - contracted field technician,OPEN,
747,366,17,4,6294.71,,"Belt Scraper Blade Set, 1400mm width, tungsten tip",OPEN,
748,367,82,10,8940.81,,"Knife Gate Valve, 100mm (4""), rubber lined",OPEN,
749,367,106,12,597.64,,"Deep Groove Ball Bearing 6235-2RS, 35mm bore",OPEN,
750,367,47,18,4401.09,,"Pillow Block Bearing Unit UCP220, 20mm shaft",OPEN,
751,368,129,13,142225.25,,"Slip Ring Induction Motor, 11kW, 6-pole",OPEN,
752,369,211,10,29226.84,SVC-INS-03,Ins Service - contracted field technician,OPEN,
753,369,217,20,24460.68,SVC-INS-03,Ins Service - contracted field technician,OPEN,
754,370,156,5,268465.8,,"Slip Ring Induction Motor, 30kW, 6-pole",OPEN,
755,370,121,2,41234.22,,"Circuit Breaker, MCCB, 250A",OPEN,MISSING_SERVICE_CODE
756,371,59,16,74351.17,,"TEFC Induction Motor, 110kW, 4-pole, IE3",OPEN,
757,372,107,7,48555.47,,"Knife Gate Valve, 150mm (6""), rubber lined",OPEN,
758,372,81,16,50653.95,,"Seal Support System, API Plan 32, shaft 50mm",OPEN,
759,373,77,8,147250.03,,"TEFC Induction Motor, 90kW, 4-pole, IE3",OPEN,
760,373,56,18,12305.7,,"MCC Contactor, 225A, 3-pole",OPEN,
761,373,49,8,78139.63,,"Vertical Sump Pump Shaft Assembly, Light duty",OPEN,
762,374,15,3,89786.6,,"Jaw Crusher Fixed Jaw Plate, standard, manganese steel",OPEN,
763,374,186,14,63910.15,,"SAG Mill Liner Plate, lifter bar, chrome-moly steel",OPEN,
764,374,36,11,99797.92,,"SAG Mill Liner Plate, head, chrome-moly steel",OPEN,
765,375,129,9,144118.93,,"Slip Ring Induction Motor, 11kW, 6-pole",OPEN,
766,375,69,17,1488.32,,"Deep Groove Ball Bearing 6230-2RS, 30mm bore",OPEN,MISSING_SERVICE_CODE
767,376,212,17,30284.08,SVC-CAL-01,Cal Service - contracted field technician,OPEN,
768,377,206,18,37328.76,,Rep Service - contracted field technician,OPEN,MISSING_SERVICE_CODE
769,377,209,12,37404.31,SVC-INS-01,Ins Service - contracted field technician,OPEN,
770,377,207,16,42806.46,SVC-REP-02,Rep Service - contracted field technician,OPEN,
771,378,6,18,14496.91,,items per attached list,OPEN,VAGUE_DESCRIPTION
772,378,118,19,31408.94,,"Spherical Roller Bearing 22217, 17mm bore",OPEN,
773,379,145,12,36538.91,,"Vertical Sump Pump Shaft Assembly, Medium duty",OPEN,
774,380,160,2,1050.89,,"Deep Groove Ball Bearing 6290-2RS, 90mm bore",OPEN,
775,381,189,17,34671.68,,"Flow Meter, magnetic, 40mm (1.5"")",OPEN,
776,382,172,9,22920.86,,"Knife Gate Valve, 200mm (8""), rubber lined",OPEN,
777,382,29,15,24671.15,,"Mechanical Seal, shaft 80mm, tungsten carbide faces",OPEN,
778,383,212,15,30482.85,SVC-CAL-01,Cal Service - contracted field technician,OPEN,
779,384,218,1,49470.02,SVC-REF-01,Ref Service - contracted field technician,OPEN,
780,384,211,13,27389.88,SVC-INS-03,Ins Service - contracted field technician,OPEN,
781,384,218,11,44094.45,SVC-REF-01,Ref Service - contracted field technician,OPEN,
782,384,212,18,34064.22,SVC-CAL-01,Cal Service - contracted field technician,OPEN,
783,384,215,18,33510.71,SVC-INS-01,Ins Service - contracted field technician,OPEN,
784,384,210,2,40657.83,SVC-INS-02,Ins Service - contracted field technician,OPEN,
785,385,127,5,55926.41,,"Crusher Toggle Plate, standard rating",OPEN,
786,385,85,6,453915.38,,as discussed,OPEN,VAGUE_DESCRIPTION
787,386,142,9,66301.09,,"Seal Support System, API Plan 32, shaft 100mm",OPEN,
788,386,72,3,88610.6,,"Vertical Sump Pump Shaft Assembly, High-head",OPEN,
789,387,80,14,3141.03,,"MCC Contactor, 32A, 3-pole",OPEN,
790,388,197,6,234865.35,,"Slip Ring Induction Motor, 75kW, 6-pole",OPEN,MISSING_SERVICE_CODE
791,388,194,11,87084.76,,"Flow Meter, magnetic, 25mm (1"")",OPEN,
792,388,91,4,213.69,,"Power Cable, XLPE armoured, 4-core 70mm2",OPEN,
793,389,200,8,15435.49,,"Froth Paddle Assembly, small cell",OPEN,
794,389,72,7,80698.2,,"Vertical Sump Pump Shaft Assembly, High-head",OPEN,
795,389,104,12,172535.67,,"Centrifugal Slurry Pump Impeller, High-head, hard metal",OPEN,
796,390,183,19,8377.71,,"Pillow Block Bearing Unit UCP235, 35mm shaft",OPEN,
797,390,22,11,22805.07,,"Ball Mill Grinding Media, 80mm, forged steel balls",OPEN,
798,390,139,9,3704.18,,"Tapered Roller Bearing 32075, 75mm bore",OPEN,
799,391,96,20,34331.18,,"Circuit Breaker, MCCB, 100A",OPEN,
800,392,5,7,96202.6,,"Flow Meter, magnetic, 150mm (6"")",OPEN,
801,392,58,9,75561.34,,"Pinch Valve, 100mm (4""), slurry service",OPEN,
802,392,59,11,73367.24,,"TEFC Induction Motor, 110kW, 4-pole, IE3",OPEN,
803,393,8,3,15130.7,,"Ball Valve, 40mm (1.5""), full bore, stainless trim",OPEN,
804,394,72,3,86420.37,,"Vertical Sump Pump Shaft Assembly, High-head",OPEN,
805,394,139,17,3860.12,,"Tapered Roller Bearing 32075, 75mm bore",OPEN,
806,394,12,17,12354.12,,"Belt Scraper Blade Set, 1600mm width, tungsten tip",OPEN,
807,395,136,2,5609.72,,"Troughing Idler Set, 800mm belt width, 3-roll",OPEN,
808,395,201,18,221228.43,,"Cone Crusher Mantle, standard profile",OPEN,
809,395,104,13,158989.43,,"Centrifugal Slurry Pump Impeller, High-head, hard metal",OPEN,
810,395,141,4,19200.11,,"Tapered Roller Bearing 32020, 20mm bore",OPEN,
811,395,138,16,27714.59,,"Centrifugal Slurry Pump Casing Liner, High-head",OPEN,
812,395,2,9,41000.44,,"Flow Meter, magnetic, 100mm (4"")",OPEN,
813,396,35,7,2716.67,,"Impact Idler, 1400mm belt width, rubber disc",OPEN,
814,397,170,8,13062.12,,"Spherical Roller Bearing 22220, 20mm bore",OPEN,
815,397,53,7,2889.44,,"Gland Packing Set, shaft 38mm, PTFE impregnated",OPEN,
816,397,169,10,135940.44,,"TEFC Induction Motor, 45kW, 4-pole, IE3",OPEN,
817,398,32,8,27955.77,,"Variable Speed Drive, 45kW",OPEN,
818,398,177,3,8959.24,,"Pillow Block Bearing Unit UCP225, 25mm shaft",OPEN,
819,398,155,3,17410.58,,"Butterfly Valve, 100mm (4""), wafer type",OPEN,
820,399,162,10,986.08,,"Pillow Block Bearing Unit UCP290, 90mm shaft",OPEN,
821,400,123,16,22786.04,,as discussed,OPEN,VAGUE_DESCRIPTION
822,400,134,14,46317.35,,"Pinch Valve, 50mm (2""), slurry service",OPEN,
823,401,109,13,5966.66,,"Troughing Idler Set, 1200mm belt width, 3-roll",OPEN,
824,401,151,10,48103.69,,"Mechanical Seal, shaft 38mm, tungsten carbide faces",OPEN,
825,401,155,18,17381.74,,"Butterfly Valve, 100mm (4""), wafer type",OPEN,
826,402,201,14,265417.72,,"Cone Crusher Mantle, standard profile",OPEN,
827,403,58,7,64376.9,,"Pinch Valve, 100mm (4""), slurry service",OPEN,
828,403,38,12,57851.88,,"Mechanical Seal, shaft 50mm, tungsten carbide faces",OPEN,
829,403,159,10,25316.33,,"Pinch Valve, 80mm (3""), slurry service",OPEN,
830,404,33,8,10117.74,,"Motor Drive Coupling, elastomeric, rated for 75kW",OPEN,
831,404,14,5,17527.8,,spares as required,OPEN,VAGUE_DESCRIPTION
832,405,218,7,43037.18,SVC-REF-01,Ref Service - contracted field technician,OPEN,
833,406,182,11,1901.58,,"Impact Idler, 1600mm belt width, rubber disc",OPEN,
834,406,186,7,71360.17,,spares as required,OPEN,VAGUE_DESCRIPTION
835,406,10,7,15922.75,,"Froth Paddle Assembly, large cell",OPEN,
836,407,206,3,38127.98,SVC-REP-01,Rep Service - contracted field technician,OPEN,
837,407,220,12,43448.72,SVC-REF-03,Ref Service - contracted field technician,OPEN,
838,407,214,3,11253.94,SVC-CAL-03,Cal Service - contracted field technician,OPEN,
839,408,179,11,107139.84,,"Jaw Crusher Fixed Jaw Plate, corrugated, manganese steel",OPEN,
840,408,120,16,136466.44,,"Density Meter, nuclear, 50mm (2"") pipe",OPEN,
841,408,181,18,36457.7,,"Seal Support System, API Plan 32, shaft 65mm",OPEN,
842,409,143,17,14524.59,,"MCC Contactor, 150A, 3-pole",OPEN,
843,410,185,14,588.77,,"Power Cable, XLPE armoured, 4-core 35mm2",OPEN,
844,411,83,16,88503.04,,"SAG Mill Liner Plate, discharge grate, chrome-moly steel",OPEN,
845,411,2,17,41332.44,,"Flow Meter, magnetic, 100mm (4"")",OPEN,
846,411,138,4,25768.33,,"Centrifugal Slurry Pump Casing Liner, High-head",OPEN,
847,412,133,15,146127.09,,"TEFC Induction Motor, 11kW, 4-pole, IE3",OPEN,
848,412,76,4,17781.86,,"Butterfly Valve, 40mm (1.5""), wafer type",OPEN,
849,412,53,16,2691.51,,items per attached list,OPEN,VAGUE_DESCRIPTION
850,412,17,4,5942.19,,"Belt Scraper Blade Set, 1400mm width, tungsten tip",OPEN,
851,412,103,10,54773.67,,"Diaphragm Dosing Pump Head Assembly, Light duty",OPEN,
852,412,137,16,31871.58,,"Pressure Transmitter, 0-10 bar range, 4-20mA",OPEN,
853,412,45,18,20280.46,,"Level Transmitter, ultrasonic, 0-5m range",OPEN,
854,412,159,12,21916.93,,"Pinch Valve, 80mm (3""), slurry service",OPEN,
855,412,59,7,87015.15,,"TEFC Induction Motor, 110kW, 4-pole, IE3",OPEN,
856,412,62,4,3202.6,,"Troughing Idler Set, 1400mm belt width, 3-roll",OPEN,
857,413,30,10,69548.75,,"Knife Gate Valve, 25mm (1""), rubber lined",OPEN,MISSING_SERVICE_CODE
858,414,181,11,39115.64,,"Seal Support System, API Plan 32, shaft 65mm",OPEN,
859,414,6,4,14995.89,,"MCC Contactor, 95A, 3-pole",OPEN,
860,415,210,20,40548.57,SVC-INS-02,Ins Service - contracted field technician,OPEN,
861,415,220,1,42412.13,SVC-REF-03,Ref Service - contracted field technician,OPEN,
862,415,216,4,10381.57,SVC-INS-02,Ins Service - contracted field technician,OPEN,
863,416,14,20,20697.81,,"Motor Drive Coupling, elastomeric, rated for 30kW",OPEN,
864,417,59,19,81022.51,,"TEFC Induction Motor, 110kW, 4-pole, IE3",OPEN,
865,417,82,8,9888.08,,"Knife Gate Valve, 100mm (4""), rubber lined",OPEN,
866,418,86,1,315868.54,,"Slip Ring Induction Motor, 7.5kW, 6-pole",OPEN,
867,418,15,6,107800.53,,"Jaw Crusher Fixed Jaw Plate, standard, manganese steel",OPEN,
868,418,197,3,218240.51,,"Slip Ring Induction Motor, 75kW, 6-pole",OPEN,
869,419,48,19,16448.64,,"Belt Scraper Blade Set, 1200mm width, tungsten tip",OPEN,
870,420,120,20,141307.03,,"Density Meter, nuclear, 50mm (2"") pipe",OPEN,
871,420,124,4,65517.65,,"Slip Ring Induction Motor, 15kW, 6-pole",OPEN,
872,420,85,7,432172.6,,"Cone Crusher Mantle, fine profile",OPEN,
873,421,141,14,20439.5,,"Tapered Roller Bearing 32020, 20mm bore",OPEN,
874,421,155,10,17174.63,,misc parts,OPEN,VAGUE_DESCRIPTION
875,421,201,7,221501.18,,"Cone Crusher Mantle, standard profile",OPEN,
876,422,52,18,50199.25,,"Jaw Crusher Fixed Jaw Plate, high-manganese, manganese steel",OPEN,
877,423,64,6,1559.61,,"Deep Groove Ball Bearing 6225-2RS, 25mm bore",OPEN,
878,424,154,16,2491.77,,"Motor Drive Coupling, elastomeric, rated for 55kW",OPEN,
879,424,101,11,2250.18,,"Conveyor Belt, steel cord, 1200mm width",OPEN,
880,424,142,12,62404.4,,"Seal Support System, API Plan 32, shaft 100mm",OPEN,
881,424,165,17,13916.36,,"Tapered Roller Bearing 32060, 60mm bore",OPEN,
882,424,98,13,34371.82,,"Level Transmitter, ultrasonic, 0-15m range",OPEN,
883,424,188,9,59472.45,,"Centrifugal Slurry Pump Casing Liner, Low-flow metering",OPEN,
884,425,114,16,9051.84,,"Tapered Roller Bearing 32090, 90mm bore",OPEN,
885,426,171,5,11229.18,,"Motor Drive Coupling, elastomeric, rated for 11kW",OPEN,
886,426,88,19,19165.8,,"Circuit Breaker, MCCB, 400A",OPEN,
887,427,56,6,11442.15,,"MCC Contactor, 225A, 3-pole",OPEN,
888,427,112,5,41458.01,,"Diaphragm Dosing Pump Head Assembly, Low-flow metering",OPEN,
889,428,76,12,20325.14,,"Butterfly Valve, 40mm (1.5""), wafer type",OPEN,
890,428,143,2,12710.89,,"MCC Contactor, 150A, 3-pole",OPEN,
891,428,9,1,307492.06,,"Cone Crusher Concave Ring, standard profile",OPEN,
892,429,161,5,15838.55,,"Pressure Transmitter, 0-100 bar range, 4-20mA",OPEN,
893,429,108,14,29286.93,,"Spherical Roller Bearing 22235, 35mm bore",OPEN,
894,429,149,1,6696.46,,"Spherical Roller Bearing 22225, 25mm bore",OPEN,
895,430,146,14,3034.08,,"Deep Groove Ball Bearing 6260-2RS, 60mm bore",OPEN,
896,430,96,8,32181.83,,"Circuit Breaker, MCCB, 100A",OPEN,
897,431,214,16,10418.88,SVC-CAL-03,Cal Service - contracted field technician,OPEN,
898,431,207,2,44535.78,SVC-REP-02,Rep Service - contracted field technician,OPEN,
899,431,212,4,31526.85,SVC-CAL-01,Cal Service - contracted field technician,OPEN,
900,432,129,20,131913.06,,"Slip Ring Induction Motor, 11kW, 6-pole",OPEN,
901,432,98,12,32289.39,,"Level Transmitter, ultrasonic, 0-15m range",OPEN,
902,432,186,20,72880.46,,"SAG Mill Liner Plate, lifter bar, chrome-moly steel",OPEN,
903,433,180,4,12140.76,,"Pressure Transmitter, 0-40 bar range, 4-20mA",OPEN,
904,433,118,11,28810.24,,"Spherical Roller Bearing 22217, 17mm bore",OPEN,
905,434,206,17,40486.74,SVC-REP-01,Rep Service - contracted field technician,OPEN,
906,435,151,7,43500.23,,misc parts,OPEN,VAGUE_DESCRIPTION
907,435,79,19,66590.89,,"Flotation Cell Stator, small cell",OPEN,
908,436,211,5,24534.0,SVC-INS-03,Ins Service - contracted field technician,OPEN,
909,436,208,2,44685.93,SVC-REP-03,Rep Service - contracted field technician,OPEN,
910,436,220,11,39225.66,SVC-REF-03,Ref Service - contracted field technician,OPEN,
911,436,206,20,35514.42,SVC-REP-01,Rep Service - contracted field technician,OPEN,
912,436,210,15,41617.05,SVC-INS-02,Ins Service - contracted field technician,OPEN,
913,436,220,17,40026.13,SVC-REF-03,Ref Service - contracted field technician,OPEN,
914,437,19,19,100921.08,,"Density Meter, nuclear, 25mm (1"") pipe",OPEN,
915,438,50,5,8357.23,,misc parts,OPEN,VAGUE_DESCRIPTION
916,438,95,6,7323.08,,"Tapered Roller Bearing 32050, 50mm bore",OPEN,
917,438,197,11,259922.64,,"Slip Ring Induction Motor, 75kW, 6-pole",OPEN,
918,439,175,1,4399.52,,"Impact Idler, 650mm belt width, rubber disc",OPEN,
919,439,13,4,85942.97,,"Vertical Sump Pump Shaft Assembly, Heavy duty slurry",OPEN,
920,439,204,14,180045.08,,"Slip Ring Induction Motor, 22kW, 6-pole",OPEN,
921,440,214,10,10046.83,SVC-CAL-03,Cal Service - contracted field technician,OPEN,
922,441,98,2,32322.23,,"Level Transmitter, ultrasonic, 0-15m range",OPEN,
923,442,198,16,7804.11,,"Knife Gate Valve, 80mm (3""), rubber lined",OPEN,
924,442,25,14,1843.42,,as discussed,OPEN,VAGUE_DESCRIPTION
925,443,89,10,7886.73,,"Pillow Block Bearing Unit UCP250, 50mm shaft",OPEN,
926,444,167,1,31881.89,,"Froth Paddle Assembly, medium cell",OPEN,
927,444,44,13,165718.68,,"Density Meter, nuclear, 150mm (6"") pipe",OPEN,
928,445,101,2,2316.29,,"Conveyor Belt, steel cord, 1200mm width",OPEN,
929,445,63,20,119480.58,,"TEFC Induction Motor, 30kW, 4-pole, IE3",OPEN,
930,446,217,5,21469.41,SVC-INS-03,Ins Service - contracted field technician,OPEN,
931,446,218,4,50041.37,SVC-REF-01,Ref Service - contracted field technician,OPEN,
932,446,210,15,37942.64,,Ins Service - contracted field technician,OPEN,MISSING_SERVICE_CODE
933,447,108,10,32876.51,,"Spherical Roller Bearing 22235, 35mm bore",OPEN,
934,447,196,13,2927.03,,"Impact Idler, 800mm belt width, rubber disc",OPEN,
935,447,38,5,50488.36,,"Mechanical Seal, shaft 50mm, tungsten carbide faces",OPEN,MISSING_SERVICE_CODE
936,448,103,15,56517.39,,"Diaphragm Dosing Pump Head Assembly, Light duty",OPEN,MISSING_SERVICE_CODE
937,448,109,18,5664.0,,"Troughing Idler Set, 1200mm belt width, 3-roll",OPEN,
938,448,28,7,47986.1,,"Variable Speed Drive, 30kW",OPEN,
939,449,68,17,4907.77,,"Troughing Idler Set, 650mm belt width, 3-roll",OPEN,
940,449,155,10,16982.25,,"Butterfly Valve, 100mm (4""), wafer type",OPEN,
941,449,10,14,13598.4,,"Froth Paddle Assembly, large cell",OPEN,
942,450,212,8,34015.94,SVC-CAL-01,Cal Service - contracted field technician,OPEN,
943,450,219,14,37820.65,SVC-REF-02,Ref Service - contracted field technician,OPEN,
944,451,180,20,10442.46,,"Pressure Transmitter, 0-40 bar range, 4-20mA",OPEN,
945,452,96,12,33360.38,,"Circuit Breaker, MCCB, 100A",OPEN,
946,453,128,17,25419.99,,"Spherical Roller Bearing 22290, 90mm bore",OPEN,
947,453,31,14,13497.68,,"Ball Valve, 25mm (1""), full bore, stainless trim",OPEN,
948,453,191,19,12664.78,,"Spherical Roller Bearing 22260, 60mm bore",OPEN,
949,454,42,2,5341.72,,"MCC Contactor, 65A, 3-pole",OPEN,
950,454,36,20,96774.23,,"SAG Mill Liner Plate, head, chrome-moly steel",OPEN,
951,454,13,10,89967.42,,"Vertical Sump Pump Shaft Assembly, Heavy duty slurry",OPEN,
952,454,92,17,25556.71,,"Pinch Valve, 40mm (1.5""), slurry service",OPEN,
953,454,58,7,77073.22,,"Pinch Valve, 100mm (4""), slurry service",OPEN,
954,454,9,10,330559.78,,"Cone Crusher Concave Ring, standard profile",OPEN,
955,454,179,18,110992.49,,"Jaw Crusher Fixed Jaw Plate, corrugated, manganese steel",OPEN,
956,454,128,17,27663.72,,"Spherical Roller Bearing 22290, 90mm bore",OPEN,
957,454,78,10,48662.04,,"Flotation Cell Stator, tank cell",OPEN,
958,454,53,15,2944.47,,"Gland Packing Set, shaft 38mm, PTFE impregnated",OPEN,
959,454,65,9,131402.31,,misc parts,OPEN,VAGUE_DESCRIPTION
960,454,106,7,649.84,,"Deep Groove Ball Bearing 6235-2RS, 35mm bore",OPEN,
961,455,207,20,43014.45,SVC-REP-02,Rep Service - contracted field technician,OPEN,
962,455,207,6,47255.32,SVC-REP-02,Rep Service - contracted field technician,OPEN,
963,456,208,13,43481.32,SVC-REP-03,Rep Service - contracted field technician,OPEN,
964,457,44,10,165489.89,,"Density Meter, nuclear, 150mm (6"") pipe",OPEN,
965,458,82,4,8534.95,,"Knife Gate Valve, 100mm (4""), rubber lined",OPEN,
966,459,202,4,100890.95,,"Flow Meter, magnetic, 80mm (3"")",OPEN,
967,459,79,10,67135.61,,"Flotation Cell Stator, small cell",OPEN,
968,459,54,10,2354.16,,"Deep Groove Ball Bearing 6275-2RS, 75mm bore",OPEN,
969,459,198,18,8163.1,,"Knife Gate Valve, 80mm (3""), rubber lined",OPEN,
970,459,112,16,38959.2,,"Diaphragm Dosing Pump Head Assembly, Low-flow metering",OPEN,
971,459,151,6,48443.24,,"Mechanical Seal, shaft 38mm, tungsten carbide faces",OPEN,
972,459,49,6,79090.54,,"Vertical Sump Pump Shaft Assembly, Light duty",OPEN,
973,459,106,15,549.28,,"Deep Groove Ball Bearing 6235-2RS, 35mm bore",OPEN,
974,459,33,20,11631.05,,"Motor Drive Coupling, elastomeric, rated for 75kW",OPEN,
975,459,105,5,13504.96,,"Belt Scraper Blade Set, 650mm width, tungsten tip",OPEN,
976,459,95,15,6277.89,,misc parts,OPEN,VAGUE_DESCRIPTION
977,459,10,19,13331.29,,"Froth Paddle Assembly, large cell",OPEN,
978,460,90,7,1475.65,,"Conveyor Belt, steel cord, 650mm width",OPEN,
979,460,132,18,25718.07,,"Diaphragm Dosing Pump Head Assembly, High-head",OPEN,
980,461,28,13,43717.83,,"Variable Speed Drive, 30kW",OPEN,
981,462,181,18,38739.95,,"Seal Support System, API Plan 32, shaft 65mm",OPEN,
982,463,146,20,3234.57,,"Deep Groove Ball Bearing 6260-2RS, 60mm bore",OPEN,
983,464,106,1,550.58,,"Deep Groove Ball Bearing 6235-2RS, 35mm bore",OPEN,
984,464,79,6,65407.45,,"Flotation Cell Stator, small cell",OPEN,
985,464,177,6,8560.86,,"Pillow Block Bearing Unit UCP225, 25mm shaft",OPEN,
986,465,206,7,38523.71,,Rep Service - contracted field technician,OPEN,MISSING_SERVICE_CODE
987,465,217,18,24162.46,SVC-INS-03,Ins Service - contracted field technician,OPEN,
988,466,137,3,26086.3,,misc parts,OPEN,VAGUE_DESCRIPTION
989,466,98,3,29552.51,,"Level Transmitter, ultrasonic, 0-15m range",OPEN,
990,467,5,11,95979.56,,"Flow Meter, magnetic, 150mm (6"")",OPEN,MISSING_SERVICE_CODE
991,468,11,7,157325.32,,"Slip Ring Induction Motor, 110kW, 6-pole",OPEN,
992,468,131,3,16179.54,,"Butterfly Valve, 50mm (2""), wafer type",OPEN,MISSING_SERVICE_CODE
993,469,208,16,40788.17,SVC-REP-03,Rep Service - contracted field technician,OPEN,
994,470,190,11,108959.38,,"Mill Trunnion Bearing Liner, feed end",OPEN,
995,470,35,15,3085.81,,"Impact Idler, 1400mm belt width, rubber disc",OPEN,
996,470,100,14,270969.75,,"Variable Speed Drive, 75kW",OPEN,
997,471,57,15,1226.41,,"Conveyor Belt, steel cord, 800mm width",OPEN,
998,471,188,18,52001.41,,"Centrifugal Slurry Pump Casing Liner, Low-flow metering",OPEN,
999,471,87,19,61118.08,,"Flotation Cell Impeller, tank cell, rubber coated",OPEN,
1000,472,1,18,117214.13,,"Density Meter, nuclear, 200mm (8"") pipe",OPEN,
1001,472,92,4,28689.87,,"Pinch Valve, 40mm (1.5""), slurry service",OPEN,
1002,472,158,14,21544.95,,"Motor Drive Coupling, elastomeric, rated for 45kW",OPEN,
1003,473,121,1,35298.1,,"Circuit Breaker, MCCB, 250A",OPEN,
1004,473,3,20,219746.34,,"Variable Speed Drive, 11kW",OPEN,
1005,474,208,14,39421.77,SVC-REP-03,Rep Service - contracted field technician,OPEN,
1006,474,209,20,34510.04,,Ins Service - contracted field technician,OPEN,MISSING_SERVICE_CODE
1007,474,218,8,41656.43,SVC-REF-01,Ref Service - contracted field technician,OPEN,
1008,475,206,4,34482.79,SVC-REP-01,Rep Service - contracted field technician,OPEN,
1009,476,157,4,73931.06,,"TEFC Induction Motor, 55kW, 4-pole, IE3",OPEN,
1010,476,143,9,14814.18,,"MCC Contactor, 150A, 3-pole",OPEN,
1011,476,100,2,252899.84,,"Variable Speed Drive, 75kW",OPEN,
1012,477,2,8,41473.99,,"Flow Meter, magnetic, 100mm (4"")",OPEN,
1013,477,148,3,253677.34,,"Cone Crusher Concave Ring, coarse profile",OPEN,MISSING_SERVICE_CODE
1014,478,208,3,44038.86,SVC-REP-03,Rep Service - contracted field technician,OPEN,
1015,478,216,14,9047.49,SVC-INS-02,Ins Service - contracted field technician,OPEN,
1016,478,215,6,36746.09,SVC-INS-01,spares as required,OPEN,VAGUE_DESCRIPTION
1017,479,202,19,88820.65,,"Flow Meter, magnetic, 80mm (3"")",OPEN,
1018,479,41,1,292801.93,,"Variable Speed Drive, 110kW",OPEN,
1019,480,9,3,281670.25,,"Cone Crusher Concave Ring, standard profile",OPEN,
1020,481,64,11,1483.15,,"Deep Groove Ball Bearing 6225-2RS, 25mm bore",OPEN,
1021,481,16,13,4965.12,,"Tapered Roller Bearing 32025, 25mm bore",OPEN,
1022,482,157,12,63654.81,,items per attached list,OPEN,VAGUE_DESCRIPTION
1023,483,16,19,5261.35,,"Tapered Roller Bearing 32025, 25mm bore",OPEN,
1024,484,35,1,2606.2,,"Impact Idler, 1400mm belt width, rubber disc",OPEN,
1025,484,14,15,18202.39,,"Motor Drive Coupling, elastomeric, rated for 30kW",OPEN,MISSING_SERVICE_CODE
1026,485,204,8,195965.41,,"Slip Ring Induction Motor, 22kW, 6-pole",OPEN,
1027,486,211,6,26572.91,SVC-INS-03,Ins Service - contracted field technician,OPEN,
1028,487,155,18,18530.59,,"Butterfly Valve, 100mm (4""), wafer type",OPEN,
1029,487,168,2,8548.13,,"Circuit Breaker, MCCB, 1000A",OPEN,
1030,487,92,1,27861.82,,"Pinch Valve, 40mm (1.5""), slurry service",OPEN,
1031,488,172,17,22168.44,,"Knife Gate Valve, 200mm (8""), rubber lined",OPEN,
1032,488,40,18,16168.93,,"Motor Drive Coupling, elastomeric, rated for 22kW",OPEN,
1033,488,184,7,35881.89,,"Diaphragm Dosing Pump Head Assembly, Medium duty",OPEN,
1034,489,24,12,78993.71,,"Seal Support System, API Plan 32, shaft 80mm",OPEN,
1035,489,191,5,14073.55,,"Spherical Roller Bearing 22260, 60mm bore",OPEN,
1036,490,56,5,12028.43,,"MCC Contactor, 225A, 3-pole",OPEN,
1037,491,20,16,38472.44,,"Flotation Cell Stator, large cell",OPEN,MISSING_SERVICE_CODE
1038,491,16,1,4805.77,,"Tapered Roller Bearing 32025, 25mm bore",OPEN,
1039,492,56,12,11400.76,,"MCC Contactor, 225A, 3-pole",OPEN,
1040,492,59,9,76257.37,,"TEFC Induction Motor, 110kW, 4-pole, IE3",OPEN,
1041,492,114,15,8480.19,,"Tapered Roller Bearing 32090, 90mm bore",OPEN,
1042,493,212,10,29541.35,SVC-CAL-01,Cal Service - contracted field technician,OPEN,
1043,493,216,4,9787.42,SVC-INS-02,Ins Service - contracted field technician,OPEN,
1044,493,212,7,34128.65,SVC-CAL-01,Cal Service - contracted field technician,OPEN,
1045,493,212,20,34543.35,,Cal Service - contracted field technician,OPEN,MISSING_SERVICE_CODE
1046,493,217,6,23315.45,SVC-INS-03,Ins Service - contracted field technician,OPEN,
1047,493,216,9,9931.44,,Ins Service - contracted field technician,OPEN,MISSING_SERVICE_CODE
1048,494,156,20,302520.9,,"Slip Ring Induction Motor, 30kW, 6-pole",OPEN,
1049,494,191,1,12605.84,,"Spherical Roller Bearing 22260, 60mm bore",OPEN,
1050,494,54,18,2429.12,,"Deep Groove Ball Bearing 6275-2RS, 75mm bore",OPEN,
1051,495,14,11,21364.28,,"Motor Drive Coupling, elastomeric, rated for 30kW",OPEN,
1052,496,202,20,87276.59,,"Flow Meter, magnetic, 80mm (3"")",OPEN,
1053,496,175,18,3999.62,,"Impact Idler, 650mm belt width, rubber disc",OPEN,
1054,497,91,18,172.6,,"Power Cable, XLPE armoured, 4-core 70mm2",OPEN,
1055,497,183,19,9552.26,,"Pillow Block Bearing Unit UCP235, 35mm shaft",OPEN,MISSING_SERVICE_CODE
1056,498,105,10,13143.64,,"Belt Scraper Blade Set, 650mm width, tungsten tip",OPEN,
1057,498,130,6,26083.36,,"Butterfly Valve, 200mm (8""), wafer type",OPEN,
1058,498,1,14,138944.02,,spares as required,OPEN,VAGUE_DESCRIPTION
1059,499,217,5,22986.14,SVC-INS-03,Ins Service - contracted field technician,OPEN,
1060,499,212,1,35409.57,,Cal Service - contracted field technician,OPEN,MISSING_SERVICE_CODE
1061,499,206,17,38017.37,SVC-REP-01,Rep Service - contracted field technician,OPEN,
1062,500,142,11,72403.21,,"Seal Support System, API Plan 32, shaft 100mm",OPEN,
1063,501,197,11,242735.28,,"Slip Ring Induction Motor, 75kW, 6-pole",OPEN,
1064,502,206,18,41105.18,SVC-REP-01,Rep Service - contracted field technician,OPEN,
1065,503,141,4,18012.43,,"Tapered Roller Bearing 32020, 20mm bore",OPEN,MISSING_SERVICE_CODE
1066,504,51,18,151246.7,,"Mill Trunnion Bearing Liner, discharge end",OPEN,
1067,504,65,18,133542.5,,"TEFC Induction Motor, 15kW, 4-pole, IE3",OPEN,
1068,505,35,2,2959.78,,"Impact Idler, 1400mm belt width, rubber disc",OPEN,
1069,506,130,20,24480.48,,"Butterfly Valve, 200mm (8""), wafer type",OPEN,
1070,506,178,2,5432.72,,"Butterfly Valve, 25mm (1""), wafer type",OPEN,
1071,506,90,11,1361.3,,"Conveyor Belt, steel cord, 650mm width",OPEN,
1072,507,209,13,31046.05,SVC-INS-01,Ins Service - contracted field technician,OPEN,
1073,507,210,11,42661.03,SVC-INS-02,Ins Service - contracted field technician,OPEN,
1074,507,214,2,10734.23,SVC-CAL-03,Cal Service - contracted field technician,OPEN,
1075,508,95,19,6098.25,,"Tapered Roller Bearing 32050, 50mm bore",OPEN,
1076,509,126,9,5091.25,,"Gland Packing Set, shaft 80mm, PTFE impregnated",OPEN,
1077,509,117,12,35397.74,,"Spherical Roller Bearing 22275, 75mm bore",OPEN,
1078,509,24,3,90831.23,,"Seal Support System, API Plan 32, shaft 80mm",OPEN,MISSING_SERVICE_CODE
1079,510,127,4,49505.13,,"Crusher Toggle Plate, standard rating",OPEN,
1080,510,178,17,4820.12,,"Butterfly Valve, 25mm (1""), wafer type",OPEN,
1081,510,18,9,28227.61,,"Flotation Cell Impeller, small cell, rubber coated",OPEN,
1082,511,203,16,138232.31,,"Density Meter, nuclear, 100mm (4"") pipe",OPEN,
1083,511,32,18,30148.15,,"Variable Speed Drive, 45kW",OPEN,
1084,511,163,15,94910.67,,"Variable Speed Drive, 55kW",OPEN,
1085,512,153,16,193681.2,,"Density Meter, nuclear, 40mm (1.5"") pipe",OPEN,
1086,512,137,18,27776.66,,as discussed,OPEN,VAGUE_DESCRIPTION
1087,512,160,3,1149.34,,"Deep Groove Ball Bearing 6290-2RS, 90mm bore",OPEN,
1088,513,173,14,19897.33,,"Spherical Roller Bearing 22240, 40mm bore",OPEN,
1089,514,173,3,21287.24,,"Spherical Roller Bearing 22240, 40mm bore",OPEN,
1090,514,153,16,210262.5,,"Density Meter, nuclear, 40mm (1.5"") pipe",OPEN,
1091,515,209,6,30910.58,SVC-INS-01,Ins Service - contracted field technician,OPEN,
1092,516,135,15,39088.39,,"Level Transmitter, ultrasonic, 0-20m range",OPEN,
1093,516,174,13,100022.33,,"Flotation Cell Stator, medium cell",OPEN,
1094,516,133,3,124379.09,,"TEFC Induction Motor, 11kW, 4-pole, IE3",OPEN,
1095,517,207,14,41423.61,SVC-REP-02,Rep Service - contracted field technician,OPEN,
1096,517,213,16,27842.21,SVC-CAL-02,Cal Service - contracted field technician,OPEN,
1097,518,55,6,229.63,,"Power Cable, XLPE armoured, 4-core 16mm2",OPEN,
1098,518,56,18,13188.07,,"MCC Contactor, 225A, 3-pole",OPEN,
1099,518,69,7,1544.64,,"Deep Groove Ball Bearing 6230-2RS, 30mm bore",OPEN,
1100,518,78,17,49569.15,,"Flotation Cell Stator, tank cell",OPEN,
1101,518,158,18,20316.63,,"Motor Drive Coupling, elastomeric, rated for 45kW",OPEN,
1102,518,96,2,34380.02,,"Circuit Breaker, MCCB, 100A",OPEN,
1103,518,91,3,174.04,,"Power Cable, XLPE armoured, 4-core 70mm2",OPEN,
1104,519,38,10,60257.29,,"Mechanical Seal, shaft 50mm, tungsten carbide faces",OPEN,
1105,519,60,8,15170.78,,"Circuit Breaker, MCCB, 630A",OPEN,
1106,519,187,13,20637.84,,"Ball Mill Grinding Media, 40mm, forged steel balls",OPEN,
1107,520,19,7,103137.39,,"Density Meter, nuclear, 25mm (1"") pipe",OPEN,MISSING_SERVICE_CODE
1108,520,114,2,9253.02,,"Tapered Roller Bearing 32090, 90mm bore",OPEN,
1109,521,207,3,46674.17,SVC-REP-02,Rep Service - contracted field technician,OPEN,
1110,522,175,13,4314.77,,as discussed,OPEN,VAGUE_DESCRIPTION
1111,523,140,2,3495.37,,"Gland Packing Set, shaft 25mm, PTFE impregnated",OPEN,
1112,524,210,15,42738.04,,Ins Service - contracted field technician,OPEN,MISSING_SERVICE_CODE
1113,524,220,20,43381.34,SVC-REF-03,Ref Service - contracted field technician,OPEN,
1114,524,215,5,34113.84,SVC-INS-01,spares as required,OPEN,VAGUE_DESCRIPTION
1115,525,154,16,2510.93,,"Motor Drive Coupling, elastomeric, rated for 55kW",OPEN,
1116,525,130,7,24136.12,,"Butterfly Valve, 200mm (8""), wafer type",OPEN,MISSING_SERVICE_CODE
1117,525,90,13,1393.43,,"Conveyor Belt, steel cord, 650mm width",OPEN,MISSING_SERVICE_CODE
1118,526,14,3,19116.73,,"Motor Drive Coupling, elastomeric, rated for 30kW",OPEN,
1119,526,88,15,23413.59,,"Circuit Breaker, MCCB, 400A",OPEN,
1120,527,209,5,36485.9,SVC-INS-01,Ins Service - contracted field technician,OPEN,
1121,528,44,14,170302.2,,"Density Meter, nuclear, 150mm (6"") pipe",OPEN,
1122,528,163,20,109817.51,,"Variable Speed Drive, 55kW",OPEN,
1123,528,156,18,281299.23,,"Slip Ring Induction Motor, 30kW, 6-pole",OPEN,MISSING_SERVICE_CODE
1124,529,219,19,32152.16,SVC-REF-02,Ref Service - contracted field technician,OPEN,
1125,530,217,3,21648.33,SVC-INS-03,Ins Service - contracted field technician,OPEN,
1126,530,214,19,9795.03,SVC-CAL-03,Cal Service - contracted field technician,OPEN,
1127,530,206,13,36140.15,SVC-REP-01,Rep Service - contracted field technician,OPEN,
1128,530,208,5,38403.94,SVC-REP-03,as discussed,OPEN,VAGUE_DESCRIPTION
1129,530,218,5,49758.56,SVC-REF-01,Ref Service - contracted field technician,OPEN,
1130,530,207,1,46762.53,SVC-REP-02,Rep Service - contracted field technician,OPEN,
1131,530,216,6,9964.13,SVC-INS-02,Ins Service - contracted field technician,OPEN,
1132,530,212,15,31515.44,SVC-CAL-01,Cal Service - contracted field technician,OPEN,
1133,530,214,19,9914.85,SVC-CAL-03,Cal Service - contracted field technician,OPEN,
1134,530,214,4,9915.58,SVC-CAL-03,Cal Service - contracted field technician,OPEN,
1135,530,220,8,39707.27,SVC-REF-03,Ref Service - contracted field technician,OPEN,
1136,530,209,10,31152.14,SVC-INS-01,Ins Service - contracted field technician,OPEN,
1137,531,50,8,8730.86,,"Butterfly Valve, 80mm (3""), wafer type",OPEN,
1138,531,33,12,9687.98,,"Motor Drive Coupling, elastomeric, rated for 75kW",OPEN,
1139,531,53,7,2675.11,,"Gland Packing Set, shaft 38mm, PTFE impregnated",OPEN,
1140,532,126,20,4557.76,,"Gland Packing Set, shaft 80mm, PTFE impregnated",OPEN,
1141,532,166,19,100130.3,,spares as required,OPEN,VAGUE_DESCRIPTION
1142,533,201,6,274281.15,,"Cone Crusher Mantle, standard profile",OPEN,
1143,533,120,5,138980.88,,"Density Meter, nuclear, 50mm (2"") pipe",OPEN,
1144,533,147,15,227662.05,,"Cone Crusher Concave Ring, extra-coarse profile",OPEN,
1145,534,113,17,58563.25,,"Centrifugal Slurry Pump Impeller, Heavy duty slurry, hard metal",OPEN,
1146,535,2,8,41197.11,,"Flow Meter, magnetic, 100mm (4"")",OPEN,
1147,535,10,2,15184.81,,"Froth Paddle Assembly, large cell",OPEN,
1148,535,98,15,29702.57,,"Level Transmitter, ultrasonic, 0-15m range",OPEN,
1149,536,219,1,35831.79,SVC-REF-02,Ref Service - contracted field technician,OPEN,
1150,537,78,6,50104.55,,"Flotation Cell Stator, tank cell",OPEN,
1151,538,193,16,21664.49,,"Ball Valve, 50mm (2""), full bore, stainless trim",OPEN,
1152,538,84,5,115382.14,,"SAG Mill Liner Plate, shell, chrome-moly steel",OPEN,
1153,538,36,1,95356.95,,"SAG Mill Liner Plate, head, chrome-moly steel",OPEN,
1154,539,175,14,3933.91,,"Impact Idler, 650mm belt width, rubber disc",OPEN,
1155,539,54,3,2634.47,,"Deep Groove Ball Bearing 6275-2RS, 75mm bore",OPEN,
1156,539,120,10,153025.55,,"Density Meter, nuclear, 50mm (2"") pipe",OPEN,
1157,540,15,9,108151.02,,"Jaw Crusher Fixed Jaw Plate, standard, manganese steel",OPEN,
1158,540,57,5,1101.43,,"Conveyor Belt, steel cord, 800mm width",OPEN,
1159,540,107,8,53109.05,,"Knife Gate Valve, 150mm (6""), rubber lined",OPEN,
1160,541,148,20,265440.35,,"Cone Crusher Concave Ring, coarse profile",OPEN,
1161,541,121,13,37416.6,,"Circuit Breaker, MCCB, 250A",OPEN,
1162,542,156,16,292513.86,,as discussed,OPEN,VAGUE_DESCRIPTION
1163,542,149,17,6625.15,,"Spherical Roller Bearing 22225, 25mm bore",OPEN,
1164,542,158,18,19094.98,,"Motor Drive Coupling, elastomeric, rated for 45kW",OPEN,
1165,543,17,10,6413.9,,spares as required,OPEN,VAGUE_DESCRIPTION
1166,543,50,1,8224.79,,"Butterfly Valve, 80mm (3""), wafer type",OPEN,
1167,544,182,19,1891.39,,"Impact Idler, 1600mm belt width, rubber disc",OPEN,
1168,544,27,5,1621.46,,"Gland Packing Set, shaft 50mm, PTFE impregnated",OPEN,
1169,544,175,6,4062.36,,"Impact Idler, 650mm belt width, rubber disc",OPEN,
1170,545,100,2,307081.75,,"Variable Speed Drive, 75kW",OPEN,
1171,545,12,20,10865.36,,"Belt Scraper Blade Set, 1600mm width, tungsten tip",OPEN,
1172,546,203,3,119987.43,,"Density Meter, nuclear, 100mm (4"") pipe",OPEN,
1173,546,123,20,24623.17,,"Motor Drive Coupling, elastomeric, rated for 15kW",OPEN,
1174,546,144,12,19364.22,,misc parts,OPEN,VAGUE_DESCRIPTION
1175,547,218,3,46109.38,SVC-REF-01,Ref Service - contracted field technician,OPEN,
1176,547,209,8,32117.08,SVC-INS-01,Ins Service - contracted field technician,OPEN,
1177,547,218,5,46391.95,SVC-REF-01,Ref Service - contracted field technician,OPEN,
1178,547,219,8,36764.21,SVC-REF-02,Ref Service - contracted field technician,OPEN,
1179,547,213,6,27845.18,SVC-CAL-02,Cal Service - contracted field technician,OPEN,
1180,547,207,14,44285.54,SVC-REP-02,Rep Service - contracted field technician,OPEN,
1181,547,211,2,29285.49,SVC-INS-03,Ins Service - contracted field technician,OPEN,
1182,547,213,14,27156.62,SVC-CAL-02,Cal Service - contracted field technician,OPEN,
1183,547,214,1,11357.96,SVC-CAL-03,Cal Service - contracted field technician,OPEN,
1184,547,215,3,32414.5,SVC-INS-01,Ins Service - contracted field technician,OPEN,
1185,548,101,3,2233.85,,"Conveyor Belt, steel cord, 1200mm width",OPEN,
1186,549,219,5,36282.7,SVC-REF-02,Ref Service - contracted field technician,OPEN,
1187,550,135,13,40922.68,,"Level Transmitter, ultrasonic, 0-20m range",OPEN,
1188,550,153,19,209604.18,,"Density Meter, nuclear, 40mm (1.5"") pipe",OPEN,
1189,550,186,12,71549.85,,"SAG Mill Liner Plate, lifter bar, chrome-moly steel",OPEN,
1190,551,217,1,22288.72,SVC-INS-03,Ins Service - contracted field technician,OPEN,
1191,552,11,8,144956.68,,"Slip Ring Induction Motor, 110kW, 6-pole",OPEN,
1192,552,70,4,27530.9,,"Jaw Crusher Fixed Jaw Plate, wave-profile, manganese steel",OPEN,
1193,553,121,1,38729.45,,"Circuit Breaker, MCCB, 250A",OPEN,
1194,554,178,12,5096.56,,"Butterfly Valve, 25mm (1""), wafer type",OPEN,
1195,554,202,17,104109.56,,"Flow Meter, magnetic, 80mm (3"")",OPEN,
1196,555,183,3,7969.61,,"Pillow Block Bearing Unit UCP235, 35mm shaft",OPEN,
1197,555,83,13,96572.73,,"SAG Mill Liner Plate, discharge grate, chrome-moly steel",OPEN,
1198,556,214,5,9506.24,SVC-CAL-03,Cal Service - contracted field technician,OPEN,
1199,556,216,17,9406.31,SVC-INS-02,Ins Service - contracted field technician,OPEN,
1200,556,211,8,27091.01,SVC-INS-03,Ins Service - contracted field technician,OPEN,
1201,557,116,20,158023.73,,"Slip Ring Induction Motor, 55kW, 6-pole",OPEN,
1202,558,53,12,2638.33,,"Gland Packing Set, shaft 38mm, PTFE impregnated",OPEN,
1203,558,112,6,42868.83,,"Diaphragm Dosing Pump Head Assembly, Low-flow metering",OPEN,
1204,558,91,14,209.84,,"Power Cable, XLPE armoured, 4-core 70mm2",OPEN,
1205,559,75,14,75201.84,,"TEFC Induction Motor, 22kW, 4-pole, IE3",OPEN,
1206,559,184,20,35359.97,,"Diaphragm Dosing Pump Head Assembly, Medium duty",OPEN,
1207,559,10,2,13613.55,,"Froth Paddle Assembly, large cell",OPEN,
1208,560,51,13,144946.17,,"Mill Trunnion Bearing Liner, discharge end",OPEN,
1209,561,161,16,18160.49,,"Pressure Transmitter, 0-100 bar range, 4-20mA",OPEN,
1210,562,80,5,3131.77,,"MCC Contactor, 32A, 3-pole",OPEN,
1211,563,132,10,28726.7,,"Diaphragm Dosing Pump Head Assembly, High-head",OPEN,
1212,563,89,5,7866.11,,"Pillow Block Bearing Unit UCP250, 50mm shaft",OPEN,
1213,563,198,9,8060.53,,"Knife Gate Valve, 80mm (3""), rubber lined",OPEN,
1214,564,217,15,20560.87,SVC-INS-03,items per attached list,OPEN,VAGUE_DESCRIPTION
1215,564,211,12,29608.51,SVC-INS-03,Ins Service - contracted field technician,OPEN,
1216,565,88,17,22161.07,,"Circuit Breaker, MCCB, 400A",OPEN,
1217,565,81,12,51946.33,,"Seal Support System, API Plan 32, shaft 50mm",OPEN,
1218,565,184,13,33548.69,,misc parts,OPEN,VAGUE_DESCRIPTION
1219,565,195,18,19620.82,,misc parts,OPEN,VAGUE_DESCRIPTION
1220,565,141,19,20875.68,,items per attached list,OPEN,VAGUE_DESCRIPTION
1221,566,51,7,149773.67,,"Mill Trunnion Bearing Liner, discharge end",OPEN,
1222,567,98,9,29302.44,,"Level Transmitter, ultrasonic, 0-15m range",OPEN,
1223,568,166,15,120853.28,,"Variable Speed Drive, 7.5kW",OPEN,
1224,568,19,1,99483.2,,"Density Meter, nuclear, 25mm (1"") pipe",OPEN,
1225,569,27,13,1645.71,,"Gland Packing Set, shaft 50mm, PTFE impregnated",OPEN,
1226,569,72,18,93279.64,,"Vertical Sump Pump Shaft Assembly, High-head",OPEN,
1227,569,129,3,129995.1,,"Slip Ring Induction Motor, 11kW, 6-pole",OPEN,
1228,570,120,13,157050.36,,"Density Meter, nuclear, 50mm (2"") pipe",OPEN,
1229,570,125,8,10488.42,,"Level Transmitter, ultrasonic, 0-10m range",OPEN,
1230,570,1,14,116607.86,,"Density Meter, nuclear, 200mm (8"") pipe",OPEN,MISSING_SERVICE_CODE
1231,571,212,13,32724.83,SVC-CAL-01,Cal Service - contracted field technician,OPEN,
1232,571,214,14,9870.44,SVC-CAL-03,Cal Service - contracted field technician,OPEN,
1233,571,208,7,42502.95,SVC-REP-03,Rep Service - contracted field technician,OPEN,
1234,572,161,2,18372.57,,"Pressure Transmitter, 0-100 bar range, 4-20mA",OPEN,
1235,572,94,15,7687.79,,"Pillow Block Bearing Unit UCP230, 30mm shaft",OPEN,
1236,573,60,17,15355.34,,"Circuit Breaker, MCCB, 630A",OPEN,
1237,573,200,14,16236.8,,"Froth Paddle Assembly, small cell",OPEN,
1238,574,158,13,21298.97,,"Motor Drive Coupling, elastomeric, rated for 45kW",OPEN,
1239,574,107,9,49847.87,,"Knife Gate Valve, 150mm (6""), rubber lined",OPEN,
1240,574,203,16,112424.74,,"Density Meter, nuclear, 100mm (4"") pipe",OPEN,
1241,575,194,15,84170.51,,"Flow Meter, magnetic, 25mm (1"")",OPEN,
1242,576,74,2,51421.43,,"Seal Support System, API Plan 32, shaft 25mm",OPEN,
1243,577,46,13,197376.11,,"Cone Crusher Concave Ring, fine profile",OPEN,
1244,577,181,11,35655.13,,"Seal Support System, API Plan 32, shaft 65mm",OPEN,
1245,578,98,17,36473.95,,"Level Transmitter, ultrasonic, 0-15m range",OPEN,MISSING_SERVICE_CODE
1246,578,48,11,14074.23,,"Belt Scraper Blade Set, 1200mm width, tungsten tip",OPEN,
1247,578,145,18,31835.62,,"Vertical Sump Pump Shaft Assembly, Medium duty",OPEN,
1248,578,135,16,35609.46,,as discussed,OPEN,VAGUE_DESCRIPTION
1249,578,1,12,115502.4,,"Density Meter, nuclear, 200mm (8"") pipe",OPEN,
1250,578,167,13,31608.46,,"Froth Paddle Assembly, medium cell",OPEN,
1251,578,185,18,517.16,,"Power Cable, XLPE armoured, 4-core 35mm2",OPEN,
1252,578,119,4,17846.37,,"Tapered Roller Bearing 32017, 17mm bore",OPEN,
1253,579,92,3,25265.13,,"Pinch Valve, 40mm (1.5""), slurry service",OPEN,
1254,580,160,18,1111.41,,"Deep Groove Ball Bearing 6290-2RS, 90mm bore",OPEN,
1255,581,216,20,10188.13,SVC-INS-02,Ins Service - contracted field technician,OPEN,
1256,581,212,1,30490.42,SVC-CAL-01,Cal Service - contracted field technician,OPEN,
1257,581,213,1,30594.97,SVC-CAL-02,Cal Service - contracted field technician,OPEN,
1258,582,123,17,24718.48,,"Motor Drive Coupling, elastomeric, rated for 15kW",OPEN,
1259,582,139,7,3888.11,,"Tapered Roller Bearing 32075, 75mm bore",OPEN,
1260,582,169,17,128075.48,,"TEFC Induction Motor, 45kW, 4-pole, IE3",OPEN,
1261,583,138,10,27715.05,,"Centrifugal Slurry Pump Casing Liner, High-head",OPEN,
1262,584,141,7,19769.72,,"Tapered Roller Bearing 32020, 20mm bore",OPEN,
1263,584,153,4,212575.84,,"Density Meter, nuclear, 40mm (1.5"") pipe",OPEN,
1264,585,211,18,25402.44,SVC-INS-03,Ins Service - contracted field technician,OPEN,
1265,585,217,19,22384.08,SVC-INS-03,Ins Service - contracted field technician,OPEN,
1266,585,220,5,43737.73,SVC-REF-03,Ref Service - contracted field technician,OPEN,
1267,586,185,15,583.09,,"Power Cable, XLPE armoured, 4-core 35mm2",OPEN,
1268,586,141,6,17084.35,,"Tapered Roller Bearing 32020, 20mm bore",OPEN,
1269,586,46,3,197344.67,,"Cone Crusher Concave Ring, fine profile",OPEN,
1270,587,2,8,48762.45,,"Flow Meter, magnetic, 100mm (4"")",OPEN,
1271,588,192,12,9575.22,,"Pillow Block Bearing Unit UCP217, 17mm shaft",OPEN,
1272,588,186,11,72194.59,,"SAG Mill Liner Plate, lifter bar, chrome-moly steel",OPEN,
1273,589,32,18,28800.65,,"Variable Speed Drive, 45kW",OPEN,
1274,590,133,8,145709.11,,"TEFC Induction Motor, 11kW, 4-pole, IE3",OPEN,
1275,590,88,14,23367.3,,"Circuit Breaker, MCCB, 400A",OPEN,
1276,590,126,9,5458.49,,"Gland Packing Set, shaft 80mm, PTFE impregnated",OPEN,
1277,591,153,2,191367.42,,"Density Meter, nuclear, 40mm (1.5"") pipe",OPEN,
1278,591,10,6,13806.11,,"Froth Paddle Assembly, large cell",OPEN,
1279,592,207,9,42080.31,SVC-REP-02,Rep Service - contracted field technician,OPEN,
1280,592,208,6,46764.72,SVC-REP-03,Rep Service - contracted field technician,OPEN,
1281,592,215,12,34926.37,SVC-INS-01,items per attached list,OPEN,VAGUE_DESCRIPTION
1282,593,118,6,33012.95,,"Spherical Roller Bearing 22217, 17mm bore",OPEN,
1283,594,60,3,13873.36,,misc parts,OPEN,VAGUE_DESCRIPTION
1284,594,75,12,71355.13,,"TEFC Induction Motor, 22kW, 4-pole, IE3",OPEN,
