exception_id,exception_type,Matnr,Werks,object_reference,detected_on,owner,status,detail
EXC-000001,OVERDUE_USE,000000000030000000,1000,Rsnum 1000000001,2026-09-06,VZIINV01,OPEN,Received on 2025-11-10 against a planned use date of 2026-06-03; no goods issue after 14 days grace.
EXC-000002,OVERDUE_USE,000000000030000001,2000,Rsnum 1000000002,2026-09-05,VZIINV02,AWAITING_REQUESTER,Received on 2026-01-02 against a planned use date of 2026-06-24; no goods issue after 14 days grace.
EXC-000003,OVERDUE_USE,000000000030000004,4000,Rsnum 1000000010,2026-09-04,VZIINV01,OPEN,Received on 2026-02-02 against a planned use date of 2026-06-03; no goods issue after 14 days grace.
EXC-000004,OVERDUE_USE,000000000030000005,2000,Rsnum 1000000011,2026-08-31,VZIINV01,OPEN,Received on 2026-06-08 against a planned use date of 2026-05-02; no goods issue after 14 days grace.
EXC-000005,OVERDUE_USE,000000000030000006,3000,Rsnum 1000000013,2026-09-03,VZIINV01,OPEN,Received on 2026-04-11 against a planned use date of 2026-08-11; no goods issue after 14 days grace.
EXC-000006,OVERDUE_USE,000000000030000006,3000,Rsnum 1000000015,2026-09-02,VZIINV02,AWAITING_REQUESTER,Received on 2026-03-13 against a planned use date of 2026-04-28; no goods issue after 14 days grace.
EXC-000007,OVERDUE_USE,000000000030000010,1000,Rsnum 1000000021,2026-09-04,VZIINV02,OPEN,Received on 2025-12-03 against a planned use date of 2026-06-17; no goods issue after 14 days grace.
EXC-000008,OVERDUE_USE,000000000030000013,3000,Rsnum 1000000027,2026-09-07,VZIINV02,OPEN,Received on 2026-06-30 against a planned use date of 2026-06-06; no goods issue after 14 days grace.
EXC-000009,OVERDUE_USE,000000000030000014,3000,Rsnum 1000000030,2026-09-05,VZIINV02,AWAITING_REQUESTER,Received on 2026-08-10 against a planned use date of 2026-06-02; no goods issue after 14 days grace.
EXC-000010,OVERDUE_USE,000000000030000015,1000,Rsnum 1000000034,2026-09-05,VZIINV01,OPEN,Received on 2026-01-02 against a planned use date of 2026-05-24; no goods issue after 14 days grace.
EXC-000011,OVERDUE_USE,000000000030000017,1000,Rsnum 1000000039,2026-08-30,VZIINV01,OPEN,Received on 2026-04-04 against a planned use date of 2026-07-23; no goods issue after 14 days grace.
EXC-000012,OVERDUE_USE,000000000030000018,3000,Rsnum 1000000041,2026-09-06,VZIINV02,OPEN,Received on 2026-01-14 against a planned use date of 2026-06-16; no goods issue after 14 days grace.
EXC-000013,NO_CONSUMPTION_PLAN,000000000030000019,3000,Rsnum 1000000044,2026-08-28,VZIINV02,CLOSED,"OAR reservation carries no assistant session identifier, so no consumption plan was captured."
EXC-000014,OVERDUE_USE,000000000030000022,4000,Rsnum 1000000052,2026-08-31,VZIINV01,CLOSED,Received on 2026-01-02 against a planned use date of 2026-06-19; no goods issue after 14 days grace.
EXC-000015,OVERDUE_USE,000000000030000022,3000,Rsnum 1000000054,2026-09-04,VZIINV01,OPEN,Received on 2026-02-01 against a planned use date of 2026-07-29; no goods issue after 14 days grace.
EXC-000016,OVERDUE_USE,000000000030000024,4000,Rsnum 1000000060,2026-08-30,VZIINV02,OPEN,Received on 2026-05-02 against a planned use date of 2026-05-29; no goods issue after 14 days grace.
EXC-000017,OVERDUE_USE,000000000030000026,1000,Rsnum 1000000068,2026-08-28,VZIINV01,CLOSED,Received on 2026-07-22 against a planned use date of 2026-06-29; no goods issue after 14 days grace.
EXC-000018,OVERDUE_USE,000000000030000027,3000,Rsnum 1000000069,2026-09-07,VZIINV01,CLOSED,Received on 2026-06-27 against a planned use date of 2026-05-14; no goods issue after 14 days grace.
EXC-000019,OVERDUE_USE,000000000030000030,1000,Rsnum 1000000078,2026-08-29,VZIINV02,OPEN,Received on 2026-05-14 against a planned use date of 2026-08-10; no goods issue after 14 days grace.
EXC-000020,NO_CONSUMPTION_PLAN,000000000030000032,1000,Rsnum 1000000081,2026-09-04,VZIINV01,AWAITING_REQUESTER,"OAR reservation carries no assistant session identifier, so no consumption plan was captured."
EXC-000021,OVERDUE_USE,000000000030000033,2000,Rsnum 1000000085,2026-09-03,VZIINV02,CLOSED,Received on 2026-06-15 against a planned use date of 2026-08-07; no goods issue after 14 days grace.
EXC-000022,OVERDUE_USE,000000000030000033,2000,Rsnum 1000000086,2026-09-06,VZIINV01,OPEN,Received on 2026-05-21 against a planned use date of 2026-06-03; no goods issue after 14 days grace.
EXC-000023,NO_CONSUMPTION_PLAN,000000000030000039,1000,Rsnum 1000000101,2026-09-03,VZIINV02,OPEN,"OAR reservation carries no assistant session identifier, so no consumption plan was captured."
EXC-000024,NO_CONSUMPTION_PLAN,000000000030000041,4000,Rsnum 1000000104,2026-09-01,VZIINV01,OPEN,"OAR reservation carries no assistant session identifier, so no consumption plan was captured."
EXC-000025,OVERDUE_USE,000000000030000043,3000,Rsnum 1000000108,2026-08-28,VZIINV01,CLOSED,Received on 2026-03-14 against a planned use date of 2026-05-01; no goods issue after 14 days grace.
EXC-000026,OVERDUE_USE,000000000030000045,1000,Rsnum 1000000110,2026-09-04,VZIINV02,CLOSED,Received on 2026-04-15 against a planned use date of 2026-05-30; no goods issue after 14 days grace.
EXC-000027,OVERDUE_USE,000000000030000051,4000,Rsnum 1000000122,2026-08-30,VZIINV01,CLOSED,Received on 2026-01-04 against a planned use date of 2026-07-03; no goods issue after 14 days grace.
EXC-000028,NO_CONSUMPTION_PLAN,000000000030000053,3000,Rsnum 1000000126,2026-09-04,VZIINV01,OPEN,"OAR reservation carries no assistant session identifier, so no consumption plan was captured."
EXC-000029,NO_CONSUMPTION_PLAN,000000000030000054,4000,Rsnum 1000000132,2026-08-29,VZIINV02,AWAITING_REQUESTER,"OAR reservation carries no assistant session identifier, so no consumption plan was captured."
EXC-000030,OVERDUE_USE,000000000030000056,4000,Rsnum 1000000135,2026-08-29,VZIINV02,OPEN,Received on 2025-12-16 against a planned use date of 2026-07-24; no goods issue after 14 days grace.
EXC-000031,OVERDUE_USE,000000000030000056,4000,Rsnum 1000000137,2026-08-28,VZIINV02,AWAITING_REQUESTER,Received on 2026-01-01 against a planned use date of 2026-05-13; no goods issue after 14 days grace.
EXC-000032,OVERDUE_USE,000000000030000057,2000,Rsnum 1000000138,2026-08-30,VZIINV01,AWAITING_REQUESTER,Received on 2026-07-01 against a planned use date of 2026-07-05; no goods issue after 14 days grace.
EXC-000033,OVERDUE_USE,000000000030000058,2000,Rsnum 1000000141,2026-08-30,VZIINV01,OPEN,Received on 2025-12-15 against a planned use date of 2026-07-07; no goods issue after 14 days grace.
EXC-000034,OVERDUE_USE,000000000030000061,3000,Rsnum 1000000146,2026-09-04,VZIINV01,AWAITING_REQUESTER,Received on 2026-07-13 against a planned use date of 2026-07-06; no goods issue after 14 days grace.
EXC-000035,NO_CONSUMPTION_PLAN,000000000030000067,1000,Rsnum 1000000154,2026-09-01,VZIINV02,CLOSED,"OAR reservation carries no assistant session identifier, so no consumption plan was captured."
EXC-000036,OVERDUE_USE,000000000030000069,2000,Rsnum 1000000157,2026-09-03,VZIINV02,OPEN,Received on 2026-06-19 against a planned use date of 2026-05-02; no goods issue after 14 days grace.
EXC-000037,OVERDUE_USE,000000000030000069,2000,Rsnum 1000000158,2026-09-03,VZIINV01,OPEN,Received on 2026-06-29 against a planned use date of 2026-05-10; no goods issue after 14 days grace.
EXC-000038,OVERDUE_USE,000000000030000071,3000,Rsnum 1000000161,2026-09-01,VZIINV02,AWAITING_REQUESTER,Received on 2026-01-06 against a planned use date of 2026-06-16; no goods issue after 14 days grace.
EXC-000039,OVERDUE_USE,000000000030000071,3000,Rsnum 1000000162,2026-09-07,VZIINV01,CLOSED,Received on 2026-04-13 against a planned use date of 2026-08-13; no goods issue after 14 days grace.
EXC-000040,NO_CONSUMPTION_PLAN,000000000030000073,3000,Rsnum 1000000168,2026-09-02,VZIINV02,OPEN,"OAR reservation carries no assistant session identifier, so no consumption plan was captured."
EXC-000041,OVERDUE_USE,000000000030000075,3000,Rsnum 1000000172,2026-09-02,VZIINV02,OPEN,Received on 2026-03-12 against a planned use date of 2026-05-29; no goods issue after 14 days grace.
EXC-000042,NO_CONSUMPTION_PLAN,000000000030000077,1000,Rsnum 1000000175,2026-09-02,VZIINV01,OPEN,"OAR reservation carries no assistant session identifier, so no consumption plan was captured."
EXC-000043,OVERDUE_USE,000000000030000083,3000,Rsnum 1000000187,2026-08-29,VZIINV02,OPEN,Received on 2026-03-04 against a planned use date of 2026-07-17; no goods issue after 14 days grace.
EXC-000044,NO_CONSUMPTION_PLAN,000000000030000086,1000,Rsnum 1000000193,2026-09-06,VZIINV02,OPEN,"OAR reservation carries no assistant session identifier, so no consumption plan was captured."
EXC-000045,NO_CONSUMPTION_PLAN,000000000030000086,1000,Rsnum 1000000195,2026-09-05,VZIINV02,CLOSED,"OAR reservation carries no assistant session identifier, so no consumption plan was captured."
EXC-000046,OVERDUE_USE,000000000030000088,1000,Rsnum 1000000200,2026-09-07,VZIINV01,AWAITING_REQUESTER,Received on 2026-02-24 against a planned use date of 2026-07-13; no goods issue after 14 days grace.
EXC-000047,OVERDUE_USE,000000000030000088,1000,Rsnum 1000000201,2026-08-30,VZIINV01,CLOSED,Received on 2026-01-15 against a planned use date of 2026-07-14; no goods issue after 14 days grace.
EXC-000048,NO_CONSUMPTION_PLAN,000000000030000089,2000,Rsnum 1000000202,2026-08-30,VZIINV02,AWAITING_REQUESTER,"OAR reservation carries no assistant session identifier, so no consumption plan was captured."
EXC-000049,OVERDUE_USE,000000000030000089,2000,Rsnum 1000000203,2026-08-29,VZIINV01,OPEN,Received on 2026-03-22 against a planned use date of 2026-06-01; no goods issue after 14 days grace.
EXC-000050,OVERDUE_USE,000000000030000090,2000,Rsnum 1000000205,2026-09-04,VZIINV02,OPEN,Received on 2026-03-26 against a planned use date of 2026-06-24; no goods issue after 14 days grace.
EXC-000051,OVERDUE_USE,000000000030000092,3000,Rsnum 1000000208,2026-09-01,VZIINV02,OPEN,Received on 2026-01-30 against a planned use date of 2026-05-20; no goods issue after 14 days grace.
EXC-000052,OVERDUE_USE,000000000030000092,3000,Rsnum 1000000209,2026-09-01,VZIINV01,OPEN,Received on 2026-03-06 against a planned use date of 2026-05-16; no goods issue after 14 days grace.
EXC-000053,OVERDUE_USE,000000000030000094,2000,Rsnum 1000000211,2026-08-28,VZIINV01,OPEN,Received on 2026-08-14 against a planned use date of 2026-06-05; no goods issue after 14 days grace.
EXC-000054,OVERDUE_USE,000000000030000094,2000,Rsnum 1000000213,2026-09-02,VZIINV02,AWAITING_REQUESTER,Received on 2026-04-06 against a planned use date of 2026-06-17; no goods issue after 14 days grace.
EXC-000055,NO_CONSUMPTION_PLAN,000000000030000097,3000,Rsnum 1000000219,2026-08-30,VZIINV02,OPEN,"OAR reservation carries no assistant session identifier, so no consumption plan was captured."
EXC-000056,OVERDUE_USE,000000000030000099,3000,Rsnum 1000000226,2026-09-01,VZIINV02,OPEN,Received on 2026-06-12 against a planned use date of 2026-07-04; no goods issue after 14 days grace.
EXC-000057,OVERDUE_USE,000000000030000099,2000,Rsnum 1000000227,2026-08-30,VZIINV02,OPEN,Received on 2026-08-25 against a planned use date of 2026-06-15; no goods issue after 14 days grace.
EXC-000058,OVERDUE_USE,000000000030000099,2000,Rsnum 1000000228,2026-08-30,VZIINV01,OPEN,Received on 2025-12-04 against a planned use date of 2026-06-29; no goods issue after 14 days grace.
EXC-000059,NO_CONSUMPTION_PLAN,000000000030000100,1000,Rsnum 1000000230,2026-09-04,VZIINV02,CLOSED,"OAR reservation carries no assistant session identifier, so no consumption plan was captured."
EXC-000060,NO_CONSUMPTION_PLAN,000000000030000107,3000,Rsnum 1000000246,2026-09-03,VZIINV01,OPEN,"OAR reservation carries no assistant session identifier, so no consumption plan was captured."
EXC-000061,OVERDUE_USE,000000000030000108,4000,Rsnum 1000000249,2026-09-07,VZIINV02,OPEN,Received on 2025-12-05 against a planned use date of 2026-07-10; no goods issue after 14 days grace.
EXC-000062,OVERDUE_USE,000000000030000111,1000,Rsnum 1000000257,2026-09-03,VZIINV02,CLOSED,Received on 2026-04-11 against a planned use date of 2026-07-09; no goods issue after 14 days grace.
EXC-000063,OVERDUE_USE,000000000030000111,1000,Rsnum 1000000258,2026-08-29,VZIINV02,AWAITING_REQUESTER,Received on 2026-08-13 against a planned use date of 2026-06-14; no goods issue after 14 days grace.
EXC-000064,OVERDUE_USE,000000000030000113,3000,Rsnum 1000000263,2026-09-03,VZIINV01,OPEN,Received on 2026-06-21 against a planned use date of 2026-06-24; no goods issue after 14 days grace.
EXC-000065,OVERDUE_USE,000000000030000114,2000,Rsnum 1000000265,2026-09-02,VZIINV01,AWAITING_REQUESTER,Received on 2026-06-29 against a planned use date of 2026-08-07; no goods issue after 14 days grace.
EXC-000066,OVERDUE_USE,000000000030000121,3000,Rsnum 1000000282,2026-09-06,VZIINV02,OPEN,Received on 2026-08-08 against a planned use date of 2026-05-01; no goods issue after 14 days grace.
EXC-000067,OVERDUE_USE,000000000030000121,3000,Rsnum 1000000283,2026-08-30,VZIINV02,CLOSED,Received on 2026-02-28 against a planned use date of 2026-05-25; no goods issue after 14 days grace.
EXC-000068,NO_CONSUMPTION_PLAN,000000000030000122,3000,Rsnum 1000000284,2026-09-01,VZIINV01,OPEN,"OAR reservation carries no assistant session identifier, so no consumption plan was captured."
EXC-000069,OVERDUE_USE,000000000030000126,4000,Rsnum 1000000294,2026-09-01,VZIINV02,OPEN,Received on 2026-04-18 against a planned use date of 2026-07-16; no goods issue after 14 days grace.
EXC-000070,OVERDUE_USE,000000000030000126,4000,Rsnum 1000000295,2026-08-31,VZIINV02,OPEN,Received on 2026-02-14 against a planned use date of 2026-05-18; no goods issue after 14 days grace.
EXC-000071,NO_CONSUMPTION_PLAN,000000000030000127,2000,Rsnum 1000000296,2026-09-03,VZIINV02,CLOSED,"OAR reservation carries no assistant session identifier, so no consumption plan was captured."
EXC-000072,OVERDUE_USE,000000000030000128,3000,Rsnum 1000000297,2026-08-30,VZIINV02,OPEN,Received on 2025-12-11 against a planned use date of 2026-05-01; no goods issue after 14 days grace.
EXC-000073,NO_CONSUMPTION_PLAN,000000000030000132,4000,Rsnum 1000000308,2026-09-02,VZIINV02,OPEN,"OAR reservation carries no assistant session identifier, so no consumption plan was captured."
EXC-000074,OVERDUE_USE,000000000030000137,2000,Rsnum 1000000317,2026-08-28,VZIINV02,OPEN,Received on 2026-02-21 against a planned use date of 2026-05-03; no goods issue after 14 days grace.
EXC-000075,OVERDUE_USE,000000000030000139,1000,Rsnum 1000000322,2026-09-01,VZIINV02,OPEN,Received on 2026-08-17 against a planned use date of 2026-08-11; no goods issue after 14 days grace.
EXC-000076,OVERDUE_USE,000000000030000144,1000,Rsnum 1000000335,2026-09-04,VZIINV02,OPEN,Received on 2026-05-11 against a planned use date of 2026-05-21; no goods issue after 14 days grace.
EXC-000077,OVERDUE_USE,000000000030000144,1000,Rsnum 1000000337,2026-09-06,VZIINV02,CLOSED,Received on 2026-02-04 against a planned use date of 2026-06-25; no goods issue after 14 days grace.
EXC-000078,OVERDUE_USE,000000000030000146,2000,Rsnum 1000000341,2026-08-30,VZIINV02,CLOSED,Received on 2026-06-24 against a planned use date of 2026-07-15; no goods issue after 14 days grace.
EXC-000079,OVERDUE_USE,000000000030000146,2000,Rsnum 1000000342,2026-08-30,VZIINV02,OPEN,Received on 2026-05-22 against a planned use date of 2026-05-22; no goods issue after 14 days grace.
EXC-000080,OVERDUE_USE,000000000030000147,2000,Rsnum 1000000344,2026-09-03,VZIINV02,AWAITING_REQUESTER,Received on 2026-02-11 against a planned use date of 2026-05-04; no goods issue after 14 days grace.
EXC-000081,OVERDUE_USE,000000000030000150,2000,Rsnum 1000000350,2026-09-07,VZIINV01,AWAITING_REQUESTER,Received on 2026-04-30 against a planned use date of 2026-05-08; no goods issue after 14 days grace.
EXC-000082,OVERDUE_USE,000000000030000151,2000,Rsnum 1000000351,2026-09-01,VZIINV02,OPEN,Received on 2026-04-28 against a planned use date of 2026-08-03; no goods issue after 14 days grace.
EXC-000083,OVERDUE_USE,000000000030000152,4000,Rsnum 1000000355,2026-09-04,VZIINV02,OPEN,Received on 2026-01-29 against a planned use date of 2026-07-18; no goods issue after 14 days grace.
EXC-000084,NO_CONSUMPTION_PLAN,000000000030000153,3000,Rsnum 1000000359,2026-09-03,VZIINV02,AWAITING_REQUESTER,"OAR reservation carries no assistant session identifier, so no consumption plan was captured."
EXC-000085,OVERDUE_USE,000000000030000154,3000,Rsnum 1000000360,2026-09-07,VZIINV02,AWAITING_REQUESTER,Received on 2025-12-07 against a planned use date of 2026-07-16; no goods issue after 14 days grace.
EXC-000086,OVERDUE_USE,000000000030000156,4000,Rsnum 1000000367,2026-08-28,VZIINV01,OPEN,Received on 2025-12-31 against a planned use date of 2026-05-03; no goods issue after 14 days grace.
EXC-000087,OVERDUE_USE,000000000030000157,4000,Rsnum 1000000369,2026-09-06,VZIINV01,OPEN,Received on 2026-05-26 against a planned use date of 2026-08-14; no goods issue after 14 days grace.
EXC-000088,NO_CONSUMPTION_PLAN,000000000030000158,1000,Rsnum 1000000372,2026-08-29,VZIINV01,CLOSED,"OAR reservation carries no assistant session identifier, so no consumption plan was captured."
EXC-000089,NO_CONSUMPTION_PLAN,000000000030000160,4000,Rsnum 1000000375,2026-08-29,VZIINV01,AWAITING_REQUESTER,"OAR reservation carries no assistant session identifier, so no consumption plan was captured."
EXC-000090,OVERDUE_USE,000000000030000160,4000,Rsnum 1000000377,2026-09-06,VZIINV01,AWAITING_REQUESTER,Received on 2025-12-27 against a planned use date of 2026-05-12; no goods issue after 14 days grace.
EXC-000091,NO_CONSUMPTION_PLAN,000000000030000161,3000,Rsnum 1000000378,2026-08-30,VZIINV01,CLOSED,"OAR reservation carries no assistant session identifier, so no consumption plan was captured."
EXC-000092,NO_CONSUMPTION_PLAN,000000000030000163,3000,Rsnum 1000000384,2026-09-03,VZIINV01,OPEN,"OAR reservation carries no assistant session identifier, so no consumption plan was captured."
EXC-000093,OVERDUE_USE,000000000030000166,1000,Rsnum 1000000389,2026-09-02,VZIINV01,OPEN,Received on 2026-07-11 against a planned use date of 2026-05-10; no goods issue after 14 days grace.
EXC-000094,OVERDUE_USE,000000000030000171,4000,Rsnum 1000000397,2026-09-01,VZIINV02,OPEN,Received on 2026-01-12 against a planned use date of 2026-08-04; no goods issue after 14 days grace.
EXC-000095,OVERDUE_USE,000000000030000172,2000,Rsnum 1000000400,2026-08-28,VZIINV02,CLOSED,Received on 2026-05-28 against a planned use date of 2026-05-12; no goods issue after 14 days grace.
EXC-000096,OVERDUE_USE,000000000030000173,4000,Rsnum 1000000402,2026-09-04,VZIINV01,AWAITING_REQUESTER,Received on 2025-12-05 against a planned use date of 2026-08-19; no goods issue after 14 days grace.
EXC-000097,OVERDUE_USE,000000000030000173,4000,Rsnum 1000000403,2026-09-07,VZIINV01,OPEN,Received on 2025-11-22 against a planned use date of 2026-05-11; no goods issue after 14 days grace.
EXC-000098,OVERDUE_USE,000000000030000174,2000,Rsnum 1000000407,2026-09-07,VZIINV01,AWAITING_REQUESTER,Received on 2026-07-26 against a planned use date of 2026-07-27; no goods issue after 14 days grace.
EXC-000099,OVERDUE_USE,000000000030000175,1000,Rsnum 1000000412,2026-09-02,VZIINV02,AWAITING_REQUESTER,Received on 2026-02-25 against a planned use date of 2026-05-23; no goods issue after 14 days grace.
EXC-000100,NO_CONSUMPTION_PLAN,000000000030000176,3000,Rsnum 1000000414,2026-08-30,VZIINV01,AWAITING_REQUESTER,"OAR reservation carries no assistant session identifier, so no consumption plan was captured."
EXC-000101,OVERDUE_USE,000000000030000177,2000,Rsnum 1000000415,2026-08-30,VZIINV02,CLOSED,Received on 2025-12-14 against a planned use date of 2026-07-13; no goods issue after 14 days grace.
EXC-000102,OVERDUE_USE,000000000030000178,3000,Rsnum 1000000418,2026-08-31,VZIINV01,CLOSED,Received on 2026-07-30 against a planned use date of 2026-05-11; no goods issue after 14 days grace.
EXC-000103,OVERDUE_USE,000000000030000178,3000,Rsnum 1000000419,2026-09-02,VZIINV02,CLOSED,Received on 2026-08-09 against a planned use date of 2026-08-14; no goods issue after 14 days grace.
EXC-000104,OVERDUE_USE,000000000030000178,4000,Rsnum 1000000420,2026-09-06,VZIINV01,OPEN,Received on 2026-08-12 against a planned use date of 2026-06-11; no goods issue after 14 days grace.
EXC-000105,OVERDUE_USE,000000000030000179,1000,Rsnum 1000000424,2026-09-02,VZIINV02,OPEN,Received on 2026-06-12 against a planned use date of 2026-06-23; no goods issue after 14 days grace.
EXC-000106,OVERDUE_USE,000000000030000180,4000,Rsnum 1000000425,2026-09-03,VZIINV02,CLOSED,Received on 2026-02-18 against a planned use date of 2026-07-02; no goods issue after 14 days grace.
EXC-000107,OVERDUE_USE,000000000030000182,1000,Rsnum 1000000429,2026-09-05,VZIINV01,AWAITING_REQUESTER,Received on 2025-12-22 against a planned use date of 2026-07-05; no goods issue after 14 days grace.
EXC-000108,OVERDUE_USE,000000000030000182,3000,Rsnum 1000000431,2026-09-02,VZIINV01,OPEN,Received on 2026-04-29 against a planned use date of 2026-08-08; no goods issue after 14 days grace.
EXC-000109,OVERDUE_USE,000000000030000183,4000,Rsnum 1000000432,2026-09-01,VZIINV01,CLOSED,Received on 2025-11-09 against a planned use date of 2026-05-13; no goods issue after 14 days grace.
EXC-000110,OVERDUE_USE,000000000030000183,4000,Rsnum 1000000433,2026-08-31,VZIINV02,OPEN,Received on 2026-05-12 against a planned use date of 2026-04-29; no goods issue after 14 days grace.
EXC-000111,OVERDUE_USE,000000000030000185,4000,Rsnum 1000000439,2026-09-04,VZIINV01,OPEN,Received on 2026-01-14 against a planned use date of 2026-06-14; no goods issue after 14 days grace.
EXC-000112,OVERDUE_USE,000000000030000189,4000,Rsnum 1000000446,2026-09-03,VZIINV02,CLOSED,Received on 2025-12-28 against a planned use date of 2026-07-13; no goods issue after 14 days grace.
EXC-000113,OVERDUE_USE,000000000030000189,4000,Rsnum 1000000447,2026-09-06,VZIINV02,AWAITING_REQUESTER,Received on 2026-03-24 against a planned use date of 2026-05-19; no goods issue after 14 days grace.
EXC-000114,OVERDUE_USE,000000000030000190,4000,Rsnum 1000000450,2026-08-28,VZIINV01,OPEN,Received on 2026-05-31 against a planned use date of 2026-06-29; no goods issue after 14 days grace.
EXC-000115,OVERDUE_USE,000000000030000191,1000,Rsnum 1000000452,2026-09-02,VZIINV02,OPEN,Received on 2026-07-16 against a planned use date of 2026-07-09; no goods issue after 14 days grace.
EXC-000116,OVERDUE_USE,000000000030000192,2000,Rsnum 1000000453,2026-08-30,VZIINV01,AWAITING_REQUESTER,Received on 2026-05-05 against a planned use date of 2026-08-14; no goods issue after 14 days grace.
EXC-000117,OVERDUE_USE,000000000030000193,1000,Rsnum 1000000454,2026-08-28,VZIINV01,OPEN,Received on 2026-03-15 against a planned use date of 2026-07-15; no goods issue after 14 days grace.
EXC-000118,OVERDUE_USE,000000000030000193,2000,Rsnum 1000000457,2026-09-01,VZIINV02,OPEN,Received on 2026-07-07 against a planned use date of 2026-06-15; no goods issue after 14 days grace.
EXC-000119,OVERDUE_USE,000000000030000194,4000,Rsnum 1000000459,2026-08-29,VZIINV02,OPEN,Received on 2026-05-22 against a planned use date of 2026-05-30; no goods issue after 14 days grace.
EXC-000120,NO_CONSUMPTION_PLAN,000000000030000196,2000,Rsnum 1000000461,2026-09-06,VZIINV02,AWAITING_REQUESTER,"OAR reservation carries no assistant session identifier, so no consumption plan was captured."
EXC-000121,NO_CONSUMPTION_PLAN,000000000030000197,1000,Rsnum 1000000464,2026-09-02,VZIINV01,CLOSED,"OAR reservation carries no assistant session identifier, so no consumption plan was captured."
EXC-000122,OVERDUE_USE,000000000030000201,3000,Rsnum 1000000473,2026-09-03,VZIINV02,OPEN,Received on 2026-03-26 against a planned use date of 2026-05-20; no goods issue after 14 days grace.
EXC-000123,NO_CONSUMPTION_PLAN,000000000030000202,3000,Rsnum 1000000475,2026-09-04,VZIINV01,AWAITING_REQUESTER,"OAR reservation carries no assistant session identifier, so no consumption plan was captured."
EXC-000124,OVERDUE_USE,000000000030000202,3000,Rsnum 1000000476,2026-08-28,VZIINV02,AWAITING_REQUESTER,Received on 2026-03-12 against a planned use date of 2026-08-10; no goods issue after 14 days grace.
EXC-000125,NO_CONSUMPTION_PLAN,000000000030000203,2000,Rsnum 1000000479,2026-09-02,VZIINV02,CLOSED,"OAR reservation carries no assistant session identifier, so no consumption plan was captured."
EXC-000126,OVERDUE_USE,000000000030000205,3000,Rsnum 1000000483,2026-09-02,VZIINV02,OPEN,Received on 2026-03-09 against a planned use date of 2026-08-13; no goods issue after 14 days grace.
EXC-000127,OVERDUE_USE,000000000030000207,1000,Rsnum 1000000487,2026-09-06,VZIINV01,OPEN,Received on 2026-08-01 against a planned use date of 2026-07-01; no goods issue after 14 days grace.
EXC-000128,OVERDUE_USE,000000000030000207,3000,Rsnum 1000000489,2026-09-05,VZIINV02,AWAITING_REQUESTER,Received on 2026-05-15 against a planned use date of 2026-07-14; no goods issue after 14 days grace.
EXC-000129,OVERDUE_USE,000000000030000207,3000,Rsnum 1000000490,2026-09-07,VZIINV02,OPEN,Received on 2026-04-11 against a planned use date of 2026-04-26; no goods issue after 14 days grace.
EXC-000130,OVERDUE_USE,000000000030000210,1000,Rsnum 1000000496,2026-09-03,VZIINV01,CLOSED,Received on 2026-03-09 against a planned use date of 2026-05-30; no goods issue after 14 days grace.
EXC-000131,NO_CONSUMPTION_PLAN,000000000030000213,2000,Rsnum 1000000502,2026-09-06,VZIINV01,OPEN,"OAR reservation carries no assistant session identifier, so no consumption plan was captured."
EXC-000132,NO_CONSUMPTION_PLAN,000000000030000218,4000,Rsnum 1000000516,2026-09-07,VZIINV01,AWAITING_REQUESTER,"OAR reservation carries no assistant session identifier, so no consumption plan was captured."
EXC-000133,OVERDUE_USE,000000000030000222,3000,Rsnum 1000000524,2026-08-31,VZIINV01,OPEN,Received on 2026-01-22 against a planned use date of 2026-06-10; no goods issue after 14 days grace.
EXC-000134,OVERDUE_USE,000000000030000226,2000,Rsnum 1000000532,2026-09-03,VZIINV02,OPEN,Received on 2026-06-26 against a planned use date of 2026-06-30; no goods issue after 14 days grace.
EXC-000135,OVERDUE_USE,000000000030000227,2000,Rsnum 1000000538,2026-08-30,VZIINV02,OPEN,Received on 2026-06-18 against a planned use date of 2026-07-08; no goods issue after 14 days grace.
EXC-000136,NO_CONSUMPTION_PLAN,000000000030000230,3000,Rsnum 1000000543,2026-09-01,VZIINV02,OPEN,"OAR reservation carries no assistant session identifier, so no consumption plan was captured."
EXC-000137,OVERDUE_USE,000000000030000232,3000,Rsnum 1000000548,2026-09-05,VZIINV02,OPEN,Received on 2026-04-03 against a planned use date of 2026-06-03; no goods issue after 14 days grace.
EXC-000138,OVERDUE_USE,000000000030000233,4000,Rsnum 1000000551,2026-09-04,VZIINV01,OPEN,Received on 2026-07-05 against a planned use date of 2026-08-09; no goods issue after 14 days grace.
EXC-000139,NO_CONSUMPTION_PLAN,000000000030000233,4000,Rsnum 1000000552,2026-09-05,VZIINV01,CLOSED,"OAR reservation carries no assistant session identifier, so no consumption plan was captured."
EXC-000140,NO_CONSUMPTION_PLAN,000000000030000237,2000,Rsnum 1000000558,2026-09-03,VZIINV01,CLOSED,"OAR reservation carries no assistant session identifier, so no consumption plan was captured."
EXC-000141,OVERDUE_USE,000000000030000237,1000,Rsnum 1000000560,2026-09-04,VZIINV01,OPEN,Received on 2026-08-04 against a planned use date of 2026-05-29; no goods issue after 14 days grace.
EXC-000142,NO_CONSUMPTION_PLAN,000000000030000237,1000,Rsnum 1000000562,2026-09-06,VZIINV02,CLOSED,"OAR reservation carries no assistant session identifier, so no consumption plan was captured."
EXC-000143,OVERDUE_USE,000000000030000238,4000,Rsnum 1000000563,2026-09-06,VZIINV02,AWAITING_REQUESTER,Received on 2026-08-20 against a planned use date of 2026-04-28; no goods issue after 14 days grace.
EXC-000144,OVERDUE_USE,000000000030000239,3000,Rsnum 1000000565,2026-08-29,VZIINV02,OPEN,Received on 2026-02-07 against a planned use date of 2026-08-04; no goods issue after 14 days grace.
EXC-000145,OVERDUE_USE,000000000030000240,4000,Rsnum 1000000566,2026-09-04,VZIINV02,AWAITING_REQUESTER,Received on 2026-08-20 against a planned use date of 2026-06-17; no goods issue after 14 days grace.
EXC-000146,OVERDUE_USE,000000000030000240,4000,Rsnum 1000000568,2026-09-05,VZIINV02,OPEN,Received on 2025-11-24 against a planned use date of 2026-07-23; no goods issue after 14 days grace.
EXC-000147,OVERDUE_USE,000000000030000245,3000,Rsnum 1000000580,2026-08-30,VZIINV02,CLOSED,Received on 2026-05-02 against a planned use date of 2026-07-17; no goods issue after 14 days grace.
EXC-000148,OVERDUE_USE,000000000030000248,1000,Rsnum 1000000587,2026-09-06,VZIINV01,OPEN,Received on 2026-09-01 against a planned use date of 2026-07-17; no goods issue after 14 days grace.
EXC-000149,OVERDUE_USE,000000000030000250,4000,Rsnum 1000000592,2026-09-03,VZIINV02,AWAITING_REQUESTER,Received on 2025-12-11 against a planned use date of 2026-08-13; no goods issue after 14 days grace.
EXC-000150,NO_CONSUMPTION_PLAN,000000000030000254,3000,Rsnum 1000000601,2026-09-02,VZIINV01,CLOSED,"OAR reservation carries no assistant session identifier, so no consumption plan was captured."
EXC-000151,OVERDUE_USE,000000000030000259,2000,Rsnum 1000000609,2026-08-30,VZIINV01,AWAITING_REQUESTER,Received on 2026-03-20 against a planned use date of 2026-07-28; no goods issue after 14 days grace.
EXC-000152,OVERDUE_USE,000000000030000260,4000,Rsnum 1000000611,2026-09-02,VZIINV02,AWAITING_REQUESTER,Received on 2026-08-13 against a planned use date of 2026-07-14; no goods issue after 14 days grace.
EXC-000153,OVERDUE_USE,000000000030000263,4000,Rsnum 1000000620,2026-09-02,VZIINV01,AWAITING_REQUESTER,Received on 2025-12-10 against a planned use date of 2026-08-17; no goods issue after 14 days grace.
EXC-000154,OVERDUE_USE,000000000030000264,1000,Rsnum 1000000622,2026-09-05,VZIINV02,OPEN,Received on 2026-07-15 against a planned use date of 2026-06-11; no goods issue after 14 days grace.
EXC-000155,OVERDUE_USE,000000000030000264,1000,Rsnum 1000000624,2026-09-03,VZIINV02,OPEN,Received on 2026-02-10 against a planned use date of 2026-08-06; no goods issue after 14 days grace.
EXC-000156,OVERDUE_USE,000000000030000265,2000,Rsnum 1000000628,2026-09-03,VZIINV02,OPEN,Received on 2026-06-18 against a planned use date of 2026-06-18; no goods issue after 14 days grace.
EXC-000157,OVERDUE_USE,000000000030000269,2000,Rsnum 1000000634,2026-09-04,VZIINV02,AWAITING_REQUESTER,Received on 2026-06-04 against a planned use date of 2026-05-12; no goods issue after 14 days grace.
EXC-000158,OVERDUE_USE,000000000030000271,4000,Rsnum 1000000641,2026-08-29,VZIINV01,OPEN,Received on 2026-02-27 against a planned use date of 2026-05-26; no goods issue after 14 days grace.
EXC-000159,OVERDUE_USE,000000000030000272,2000,Rsnum 1000000642,2026-09-02,VZIINV01,CLOSED,Received on 2025-12-26 against a planned use date of 2026-07-24; no goods issue after 14 days grace.
EXC-000160,OVERDUE_USE,000000000030000272,2000,Rsnum 1000000643,2026-08-28,VZIINV02,OPEN,Received on 2026-03-24 against a planned use date of 2026-08-05; no goods issue after 14 days grace.
EXC-000161,OVERDUE_USE,000000000030000274,2000,Rsnum 1000000648,2026-09-01,VZIINV01,AWAITING_REQUESTER,Received on 2025-12-26 against a planned use date of 2026-05-12; no goods issue after 14 days grace.
EXC-000162,OVERDUE_USE,000000000030000276,4000,Rsnum 1000000651,2026-09-01,VZIINV02,CLOSED,Received on 2026-03-21 against a planned use date of 2026-06-13; no goods issue after 14 days grace.
EXC-000163,OVERDUE_USE,000000000030000279,1000,Rsnum 1000000659,2026-09-06,VZIINV02,OPEN,Received on 2026-05-08 against a planned use date of 2026-07-01; no goods issue after 14 days grace.
EXC-000164,OVERDUE_USE,000000000030000280,3000,Rsnum 1000000660,2026-09-01,VZIINV02,OPEN,Received on 2026-07-07 against a planned use date of 2026-07-05; no goods issue after 14 days grace.
EXC-000165,OVERDUE_USE,000000000030000287,1000,Rsnum 1000000675,2026-08-30,VZIINV02,OPEN,Received on 2026-06-29 against a planned use date of 2026-07-18; no goods issue after 14 days grace.
EXC-000166,OVERDUE_USE,000000000030000287,1000,Rsnum 1000000677,2026-08-29,VZIINV01,OPEN,Received on 2026-06-29 against a planned use date of 2026-06-18; no goods issue after 14 days grace.
EXC-000167,OVERDUE_USE,000000000030000289,1000,Rsnum 1000000680,2026-08-28,VZIINV02,OPEN,Received on 2026-01-08 against a planned use date of 2026-08-18; no goods issue after 14 days grace.
EXC-000168,NO_CONSUMPTION_PLAN,000000000030000290,2000,Rsnum 1000000682,2026-09-02,VZIINV01,OPEN,"OAR reservation carries no assistant session identifier, so no consumption plan was captured."
EXC-000169,OVERDUE_USE,000000000030000291,4000,Rsnum 1000000684,2026-09-03,VZIINV01,CLOSED,Received on 2026-05-14 against a planned use date of 2026-08-06; no goods issue after 14 days grace.
EXC-000170,OVERDUE_USE,000000000030000291,4000,Rsnum 1000000685,2026-08-29,VZIINV02,OPEN,Received on 2026-02-23 against a planned use date of 2026-06-20; no goods issue after 14 days grace.
EXC-000171,OVERDUE_USE,000000000030000293,4000,Rsnum 1000000690,2026-09-04,VZIINV02,CLOSED,Received on 2026-05-31 against a planned use date of 2026-08-12; no goods issue after 14 days grace.
EXC-000172,OVERDUE_USE,000000000030000295,4000,Rsnum 1000000692,2026-09-04,VZIINV02,OPEN,Received on 2026-03-01 against a planned use date of 2026-05-09; no goods issue after 14 days grace.
EXC-000173,OVERDUE_USE,000000000030000295,4000,Rsnum 1000000693,2026-08-28,VZIINV02,OPEN,Received on 2026-04-05 against a planned use date of 2026-08-09; no goods issue after 14 days grace.
EXC-000174,OVERDUE_USE,000000000030000297,3000,Rsnum 1000000698,2026-08-29,VZIINV01,OPEN,Received on 2026-07-11 against a planned use date of 2026-06-15; no goods issue after 14 days grace.
EXC-000175,OVERDUE_USE,000000000030000303,3000,Rsnum 1000000710,2026-09-07,VZIINV01,OPEN,Received on 2026-01-06 against a planned use date of 2026-05-04; no goods issue after 14 days grace.
EXC-000176,OVERDUE_USE,000000000030000303,3000,Rsnum 1000000711,2026-08-29,VZIINV02,CLOSED,Received on 2026-05-10 against a planned use date of 2026-05-01; no goods issue after 14 days grace.
EXC-000177,OVERDUE_USE,000000000030000308,3000,Rsnum 1000000722,2026-09-06,VZIINV02,CLOSED,Received on 2026-02-27 against a planned use date of 2026-08-16; no goods issue after 14 days grace.
EXC-000178,OVERDUE_USE,000000000030000310,4000,Rsnum 1000000730,2026-09-02,VZIINV02,OPEN,Received on 2025-11-04 against a planned use date of 2026-08-03; no goods issue after 14 days grace.
EXC-000179,OVERDUE_USE,000000000030000311,1000,Rsnum 1000000731,2026-09-04,VZIINV01,OPEN,Received on 2026-06-24 against a planned use date of 2026-06-25; no goods issue after 14 days grace.
EXC-000180,OVERDUE_USE,000000000030000311,2000,Rsnum 1000000734,2026-09-07,VZIINV02,CLOSED,Received on 2025-12-01 against a planned use date of 2026-04-27; no goods issue after 14 days grace.
EXC-000181,NO_CONSUMPTION_PLAN,000000000030000315,4000,Rsnum 1000000744,2026-09-04,VZIINV02,OPEN,"OAR reservation carries no assistant session identifier, so no consumption plan was captured."
EXC-000182,OVERDUE_USE,000000000030000321,4000,Rsnum 1000000756,2026-09-02,VZIINV01,AWAITING_REQUESTER,Received on 2026-07-18 against a planned use date of 2026-06-16; no goods issue after 14 days grace.
EXC-000183,OVERDUE_USE,000000000030000321,4000,Rsnum 1000000757,2026-08-30,VZIINV01,OPEN,Received on 2026-05-16 against a planned use date of 2026-06-29; no goods issue after 14 days grace.
EXC-000184,MISSING_ATTESTATION,000000000080000001,4000,PO 4500008610/00010,2026-08-28,VZIINV02,OPEN,Repair purchase order raised with no condition-to-repair attestation.
EXC-000185,OVERDUE_REPAIR,000000000080000003,1000,PO 4500008613/00010,2026-09-06,VZIINV02,OPEN,"Promised back on 2026-06-25, which is 74 days ago, beyond the 7-day grace period."
EXC-000186,MISSING_ATTESTATION,000000000080000003,1000,PO 4500008613/00010,2026-09-07,VZIINV01,OPEN,Repair purchase order raised with no condition-to-repair attestation.
EXC-000187,MISSING_ATTESTATION,000000000080000004,3000,PO 4500008614/00010,2026-08-30,VZIINV02,OPEN,Repair purchase order raised with no condition-to-repair attestation.
EXC-000188,MISSING_ATTESTATION,000000000080000012,3000,PO 4500008624/00010,2026-09-05,VZIINV01,OPEN,Repair purchase order raised with no condition-to-repair attestation.
EXC-000189,MISSING_ATTESTATION,000000000080000015,1000,PO 4500008628/00010,2026-09-03,VZIINV02,OPEN,Repair purchase order raised with no condition-to-repair attestation.
EXC-000190,OVERDUE_REPAIR,000000000080000019,3000,PO 4500008632/00010,2026-09-05,VZIINV01,OPEN,"Promised back on 2026-06-19, which is 80 days ago, beyond the 7-day grace period."
EXC-000191,MISSING_ATTESTATION,000000000080000019,3000,PO 4500008632/00010,2026-09-01,VZIINV02,AWAITING_REQUESTER,Repair purchase order raised with no condition-to-repair attestation.
EXC-000192,MISSING_ATTESTATION,000000000080000020,1000,PO 4500008634/00010,2026-08-30,VZIINV02,OPEN,Repair purchase order raised with no condition-to-repair attestation.
EXC-000193,OVERDUE_REPAIR,000000000080000021,2000,PO 4500008636/00010,2026-08-30,VZIINV02,CLOSED,"Promised back on 2026-06-14, which is 85 days ago, beyond the 7-day grace period."
EXC-000194,OVERDUE_REPAIR,000000000080000022,3000,PO 4500008637/00010,2026-08-31,VZIINV02,CLOSED,"Promised back on 2026-06-12, which is 87 days ago, beyond the 7-day grace period."
EXC-000195,MISSING_ATTESTATION,000000000080000026,2000,PO 4500008643/00010,2026-09-04,VZIINV01,AWAITING_REQUESTER,Repair purchase order raised with no condition-to-repair attestation.
EXC-000196,MISSING_ATTESTATION,000000000080000027,4000,PO 4500008644/00010,2026-09-05,VZIINV01,AWAITING_REQUESTER,Repair purchase order raised with no condition-to-repair attestation.
EXC-000197,OVERDUE_REPAIR,000000000080000030,1000,PO 4500008649/00010,2026-08-31,VZIINV02,CLOSED,"Promised back on 2026-06-15, which is 84 days ago, beyond the 7-day grace period."
EXC-000198,MISSING_ATTESTATION,000000000080000031,2000,PO 4500008650/00010,2026-09-07,VZIINV01,OPEN,Repair purchase order raised with no condition-to-repair attestation.
EXC-000199,OVERDUE_REPAIR,000000000080000036,3000,PO 4500008657/00010,2026-08-28,VZIINV02,OPEN,"Promised back on 2026-08-25, which is 13 days ago, beyond the 7-day grace period."
EXC-000200,OVERDUE_REPAIR,000000000080000039,4000,PO 4500008660/00010,2026-08-30,VZIINV02,OPEN,"Promised back on 2026-07-16, which is 53 days ago, beyond the 7-day grace period."
EXC-000201,MISSING_ATTESTATION,000000000080000042,4000,PO 4500008663/00010,2026-09-06,VZIINV02,OPEN,Repair purchase order raised with no condition-to-repair attestation.
EXC-000202,OVERDUE_REPAIR,000000000080000046,4000,PO 4500008668/00010,2026-08-28,VZIINV02,OPEN,"Promised back on 2026-08-09, which is 29 days ago, beyond the 7-day grace period."
EXC-000203,OVERDUE_REPAIR,000000000080000048,3000,PO 4500008671/00010,2026-09-03,VZIINV01,OPEN,"Promised back on 2026-08-14, which is 24 days ago, beyond the 7-day grace period."
EXC-000204,OVERDUE_REPAIR,000000000080000049,3000,PO 4500008672/00010,2026-09-04,VZIINV01,AWAITING_REQUESTER,"Promised back on 2026-07-03, which is 66 days ago, beyond the 7-day grace period."
EXC-000205,MISSING_ATTESTATION,000000000080000049,3000,PO 4500008672/00010,2026-09-05,VZIINV01,OPEN,Repair purchase order raised with no condition-to-repair attestation.
EXC-000206,OVERDUE_REPAIR,000000000080000051,2000,PO 4500008674/00010,2026-09-03,VZIINV02,OPEN,"Promised back on 2026-07-12, which is 57 days ago, beyond the 7-day grace period."
EXC-000207,OVERDUE_REPAIR,000000000080000052,4000,PO 4500008675/00010,2026-08-31,VZIINV02,OPEN,"Promised back on 2026-07-08, which is 61 days ago, beyond the 7-day grace period."
EXC-000208,MISSING_ATTESTATION,000000000080000052,4000,PO 4500008675/00010,2026-08-29,VZIINV02,OPEN,Repair purchase order raised with no condition-to-repair attestation.
EXC-000209,MISSING_ATTESTATION,000000000080000054,3000,PO 4500008677/00010,2026-09-04,VZIINV01,AWAITING_REQUESTER,Repair purchase order raised with no condition-to-repair attestation.
EXC-000210,OVERDUE_REPAIR,000000000080000057,3000,PO 4500008681/00010,2026-09-01,VZIINV01,OPEN,"Promised back on 2026-07-07, which is 62 days ago, beyond the 7-day grace period."
EXC-000211,MISSING_ATTESTATION,000000000080000057,3000,PO 4500008681/00010,2026-08-29,VZIINV02,OPEN,Repair purchase order raised with no condition-to-repair attestation.
EXC-000212,OVERDUE_REPAIR,000000000080000061,2000,PO 4500008684/00010,2026-08-28,VZIINV01,CLOSED,"Promised back on 2026-07-08, which is 61 days ago, beyond the 7-day grace period."
EXC-000213,OVERDUE_REPAIR,000000000080000061,3000,PO 4500008685/00010,2026-09-06,VZIINV01,OPEN,"Promised back on 2026-07-16, which is 53 days ago, beyond the 7-day grace period."
EXC-000214,OVERDUE_REPAIR,000000000080000062,3000,PO 4500008686/00010,2026-09-04,VZIINV01,OPEN,"Promised back on 2026-08-07, which is 31 days ago, beyond the 7-day grace period."
EXC-000215,MISSING_ATTESTATION,000000000080000062,3000,PO 4500008686/00010,2026-09-07,VZIINV01,AWAITING_REQUESTER,Repair purchase order raised with no condition-to-repair attestation.
EXC-000216,OVERDUE_REPAIR,000000000080000066,4000,PO 4500008693/00010,2026-08-28,VZIINV02,CLOSED,"Promised back on 2026-06-11, which is 88 days ago, beyond the 7-day grace period."
EXC-000217,MISSING_ATTESTATION,000000000080000067,2000,PO 4500008694/00010,2026-09-05,VZIINV02,OPEN,Repair purchase order raised with no condition-to-repair attestation.
EXC-000218,OVERDUE_REPAIR,000000000080000068,3000,PO 4500008696/00010,2026-08-31,VZIINV02,AWAITING_REQUESTER,"Promised back on 2026-06-12, which is 87 days ago, beyond the 7-day grace period."
EXC-000219,MISSING_ATTESTATION,000000000080000069,4000,PO 4500008698/00010,2026-08-28,VZIINV01,OPEN,Repair purchase order raised with no condition-to-repair attestation.
EXC-000220,MISSING_ATTESTATION,000000000080000071,1000,PO 4500008701/00010,2026-08-28,VZIINV01,CLOSED,Repair purchase order raised with no condition-to-repair attestation.
EXC-000221,OVERDUE_REPAIR,000000000080000074,2000,PO 4500008704/00010,2026-08-31,VZIINV02,AWAITING_REQUESTER,"Promised back on 2026-07-26, which is 43 days ago, beyond the 7-day grace period."
EXC-000222,MISSING_ATTESTATION,000000000080000075,2000,PO 4500008705/00010,2026-09-06,VZIINV01,OPEN,Repair purchase order raised with no condition-to-repair attestation.
EXC-000223,OVERDUE_REPAIR,000000000080000077,2000,PO 4500008707/00010,2026-09-06,VZIINV01,OPEN,"Promised back on 2026-08-20, which is 18 days ago, beyond the 7-day grace period."
EXC-000224,MISSING_ATTESTATION,000000000080000083,1000,PO 4500008713/00010,2026-08-28,VZIINV02,AWAITING_REQUESTER,Repair purchase order raised with no condition-to-repair attestation.
EXC-000225,OVERDUE_REPAIR,000000000080000084,3000,PO 4500008715/00010,2026-09-02,VZIINV01,AWAITING_REQUESTER,"Promised back on 2026-07-14, which is 55 days ago, beyond the 7-day grace period."
EXC-000226,MISSING_ATTESTATION,000000000080000085,4000,PO 4500008716/00010,2026-08-30,VZIINV02,OPEN,Repair purchase order raised with no condition-to-repair attestation.
EXC-000227,OVERDUE_REPAIR,000000000080000087,3000,PO 4500008718/00010,2026-09-03,VZIINV02,OPEN,"Promised back on 2026-08-01, which is 37 days ago, beyond the 7-day grace period."
EXC-000228,OVERDUE_REPAIR,000000000080000093,3000,PO 4500008725/00010,2026-08-29,VZIINV02,OPEN,"Promised back on 2026-07-21, which is 48 days ago, beyond the 7-day grace period."
EXC-000229,OVERDUE_REPAIR,000000000080000098,1000,PO 4500008730/00010,2026-09-03,VZIINV01,OPEN,"Promised back on 2026-07-15, which is 54 days ago, beyond the 7-day grace period."
EXC-000230,OVERDUE_REPAIR,000000000080000104,4000,PO 4500008737/00010,2026-08-29,VZIINV02,AWAITING_REQUESTER,"Promised back on 2026-07-15, which is 54 days ago, beyond the 7-day grace period."
EXC-000231,MISSING_ATTESTATION,000000000080000109,4000,PO 4500008747/00010,2026-08-29,VZIINV02,CLOSED,Repair purchase order raised with no condition-to-repair attestation.
EXC-000232,MISSING_ATTESTATION,000000000080000112,2000,PO 4500008750/00010,2026-09-02,VZIINV01,OPEN,Repair purchase order raised with no condition-to-repair attestation.
EXC-000233,OVERDUE_REPAIR,000000000080000115,3000,PO 4500008754/00010,2026-09-05,VZIINV02,AWAITING_REQUESTER,"Promised back on 2026-06-10, which is 89 days ago, beyond the 7-day grace period."
EXC-000234,OVERDUE_REPAIR,000000000080000117,3000,PO 4500008756/00010,2026-09-04,VZIINV02,OPEN,"Promised back on 2026-06-11, which is 88 days ago, beyond the 7-day grace period."
EXC-000235,OVERDUE_REPAIR,000000000080000118,2000,PO 4500008757/00010,2026-09-04,VZIINV02,AWAITING_REQUESTER,"Promised back on 2026-08-06, which is 32 days ago, beyond the 7-day grace period."
EXC-000236,MISSING_ATTESTATION,000000000080000118,2000,PO 4500008757/00010,2026-09-05,VZIINV02,OPEN,Repair purchase order raised with no condition-to-repair attestation.
EXC-000237,OVERDUE_REPAIR,000000000080000120,4000,PO 4500008760/00010,2026-08-31,VZIINV01,OPEN,"Promised back on 2026-06-22, which is 77 days ago, beyond the 7-day grace period."
EXC-000238,OVERDUE_REPAIR,000000000080000121,1000,PO 4500008761/00010,2026-09-04,VZIINV01,CLOSED,"Promised back on 2026-07-03, which is 66 days ago, beyond the 7-day grace period."
EXC-000239,OVERDUE_REPAIR,000000000080000122,3000,PO 4500008763/00010,2026-09-02,VZIINV01,AWAITING_REQUESTER,"Promised back on 2026-06-13, which is 86 days ago, beyond the 7-day grace period."
EXC-000240,OVERDUE_REPAIR,000000000080000123,3000,PO 4500008764/00010,2026-09-01,VZIINV01,AWAITING_REQUESTER,"Promised back on 2026-07-13, which is 56 days ago, beyond the 7-day grace period."
EXC-000241,MISSING_ATTESTATION,000000000080000123,3000,PO 4500008764/00010,2026-09-06,VZIINV02,OPEN,Repair purchase order raised with no condition-to-repair attestation.
EXC-000242,OVERDUE_REPAIR,000000000080000124,2000,PO 4500008765/00010,2026-09-05,VZIINV01,CLOSED,"Promised back on 2026-08-14, which is 24 days ago, beyond the 7-day grace period."
EXC-000243,MISSING_ATTESTATION,000000000080000125,2000,PO 4500008766/00010,2026-09-03,VZIINV01,OPEN,Repair purchase order raised with no condition-to-repair attestation.
EXC-000244,MISSING_ATTESTATION,000000000080000126,3000,PO 4500008767/00010,2026-08-31,VZIINV02,OPEN,Repair purchase order raised with no condition-to-repair attestation.
EXC-000245,MISSING_ATTESTATION,000000000080000128,3000,PO 4500008769/00010,2026-09-04,VZIINV01,AWAITING_REQUESTER,Repair purchase order raised with no condition-to-repair attestation.
EXC-000246,OVERDUE_REPAIR,000000000080000134,2000,PO 4500008777/00010,2026-08-30,VZIINV02,CLOSED,"Promised back on 2026-07-07, which is 62 days ago, beyond the 7-day grace period."
EXC-000247,OVERDUE_REPAIR,000000000080000134,4000,PO 4500008778/00010,2026-09-01,VZIINV01,OPEN,"Promised back on 2026-06-13, which is 86 days ago, beyond the 7-day grace period."
EXC-000248,OVERDUE_REPAIR,000000000080000136,1000,PO 4500008780/00010,2026-09-01,VZIINV02,OPEN,"Promised back on 2026-07-07, which is 62 days ago, beyond the 7-day grace period."
EXC-000249,MISSING_ATTESTATION,000000000080000136,1000,PO 4500008780/00010,2026-08-29,VZIINV02,OPEN,Repair purchase order raised with no condition-to-repair attestation.
EXC-000250,MISSING_ATTESTATION,000000000080000137,3000,PO 4500008781/00010,2026-09-06,VZIINV01,OPEN,Repair purchase order raised with no condition-to-repair attestation.
EXC-000251,MISSING_ATTESTATION,000000000080000138,4000,PO 4500008782/00010,2026-09-01,VZIINV02,OPEN,Repair purchase order raised with no condition-to-repair attestation.
EXC-000252,OVERDUE_REPAIR,000000000080000140,4000,PO 4500008784/00010,2026-08-30,VZIINV02,CLOSED,"Promised back on 2026-07-18, which is 51 days ago, beyond the 7-day grace period."
EXC-000253,MISSING_ATTESTATION,000000000080000141,1000,PO 4500008785/00010,2026-09-01,VZIINV01,CLOSED,Repair purchase order raised with no condition-to-repair attestation.
EXC-000254,OVERDUE_REPAIR,000000000080000142,4000,PO 4500008786/00010,2026-08-30,VZIINV01,OPEN,"Promised back on 2026-06-22, which is 77 days ago, beyond the 7-day grace period."
EXC-000255,MISSING_ATTESTATION,000000000080000142,4000,PO 4500008786/00010,2026-08-31,VZIINV02,CLOSED,Repair purchase order raised with no condition-to-repair attestation.
EXC-000256,OVERDUE_REPAIR,000000000080000146,1000,PO 4500008792/00010,2026-08-31,VZIINV02,OPEN,"Promised back on 2026-08-13, which is 25 days ago, beyond the 7-day grace period."
EXC-000257,OVERDUE_REPAIR,000000000080000152,1000,PO 4500008798/00010,2026-09-05,VZIINV02,AWAITING_REQUESTER,"Promised back on 2026-06-12, which is 87 days ago, beyond the 7-day grace period."
EXC-000258,OVERDUE_REPAIR,000000000080000153,4000,PO 4500008799/00010,2026-08-30,VZIINV01,OPEN,"Promised back on 2026-06-09, which is 90 days ago, beyond the 7-day grace period."
EXC-000259,MISSING_ATTESTATION,000000000080000153,4000,PO 4500008799/00010,2026-08-28,VZIINV02,OPEN,Repair purchase order raised with no condition-to-repair attestation.
EXC-000260,OVERDUE_REPAIR,000000000080000155,2000,PO 4500008802/00010,2026-09-07,VZIINV01,OPEN,"Promised back on 2026-08-21, which is 17 days ago, beyond the 7-day grace period."
EXC-000261,MISSING_ATTESTATION,000000000080000155,2000,PO 4500008802/00010,2026-09-05,VZIINV02,AWAITING_REQUESTER,Repair purchase order raised with no condition-to-repair attestation.
EXC-000262,MISSING_ATTESTATION,000000000080000155,3000,PO 4500008803/00010,2026-09-01,VZIINV01,OPEN,Repair purchase order raised with no condition-to-repair attestation.
EXC-000263,MISSING_ATTESTATION,000000000080000159,1000,PO 4500008806/00010,2026-09-04,VZIINV01,OPEN,Repair purchase order raised with no condition-to-repair attestation.
EXC-000264,OVERDUE_REPAIR,000000000080000162,3000,PO 4500008809/00010,2026-08-28,VZIINV02,AWAITING_REQUESTER,"Promised back on 2026-07-27, which is 42 days ago, beyond the 7-day grace period."
EXC-000265,MISSING_ATTESTATION,000000000080000164,1000,PO 4500008812/00010,2026-09-02,VZIINV02,OPEN,Repair purchase order raised with no condition-to-repair attestation.
EXC-000266,OVERDUE_REPAIR,000000000080000168,2000,PO 4500008818/00010,2026-09-04,VZIINV02,OPEN,"Promised back on 2026-07-10, which is 59 days ago, beyond the 7-day grace period."
EXC-000267,MISSING_ATTESTATION,000000000080000168,2000,PO 4500008818/00010,2026-09-04,VZIINV01,OPEN,Repair purchase order raised with no condition-to-repair attestation.
EXC-000268,OVERDUE_REPAIR,000000000080000169,2000,PO 4500008819/00010,2026-09-07,VZIINV02,OPEN,"Promised back on 2026-06-25, which is 74 days ago, beyond the 7-day grace period."
EXC-000269,OVERDUE_REPAIR,000000000080000173,4000,PO 4500008823/00010,2026-08-30,VZIINV02,AWAITING_REQUESTER,"Promised back on 2026-08-22, which is 16 days ago, beyond the 7-day grace period."
EXC-000270,OVERDUE_REPAIR,000000000080000176,1000,PO 4500008828/00010,2026-09-01,VZIINV02,OPEN,"Promised back on 2026-07-18, which is 51 days ago, beyond the 7-day grace period."
EXC-000271,MISSING_ATTESTATION,000000000080000176,1000,PO 4500008828/00010,2026-09-02,VZIINV02,OPEN,Repair purchase order raised with no condition-to-repair attestation.
EXC-000272,OVERDUE_REPAIR,000000000080000178,1000,PO 4500008831/00010,2026-09-02,VZIINV02,OPEN,"Promised back on 2026-07-11, which is 58 days ago, beyond the 7-day grace period."
EXC-000273,OVERDUE_REPAIR,000000000080000179,4000,PO 4500008833/00010,2026-09-05,VZIINV02,AWAITING_REQUESTER,"Promised back on 2026-07-02, which is 67 days ago, beyond the 7-day grace period."
EXC-000274,MISSING_ATTESTATION,000000000080000179,4000,PO 4500008833/00010,2026-09-02,VZIINV01,CLOSED,Repair purchase order raised with no condition-to-repair attestation.
EXC-000275,OVERDUE_REPAIR,000000000080000183,3000,PO 4500008839/00010,2026-09-05,VZIINV02,AWAITING_REQUESTER,"Promised back on 2026-06-18, which is 81 days ago, beyond the 7-day grace period."
EXC-000276,MISSING_ATTESTATION,000000000080000185,3000,PO 4500008841/00010,2026-09-03,VZIINV01,AWAITING_REQUESTER,Repair purchase order raised with no condition-to-repair attestation.
EXC-000277,OVERDUE_REPAIR,000000000080000187,2000,PO 4500008844/00010,2026-08-29,VZIINV02,AWAITING_REQUESTER,"Promised back on 2026-08-13, which is 25 days ago, beyond the 7-day grace period."
EXC-000278,MISSING_ATTESTATION,000000000080000189,3000,PO 4500008846/00010,2026-09-02,VZIINV01,CLOSED,Repair purchase order raised with no condition-to-repair attestation.
EXC-000279,OVERDUE_REPAIR,000000000080000190,4000,PO 4500008847/00010,2026-09-05,VZIINV02,AWAITING_REQUESTER,"Promised back on 2026-07-15, which is 54 days ago, beyond the 7-day grace period."
EXC-000280,OVERDUE_REPAIR,000000000080000196,4000,PO 4500008854/00010,2026-09-06,VZIINV02,CLOSED,"Promised back on 2026-08-16, which is 22 days ago, beyond the 7-day grace period."
EXC-000281,MISSING_ATTESTATION,000000000080000196,4000,PO 4500008854/00010,2026-08-29,VZIINV02,CLOSED,Repair purchase order raised with no condition-to-repair attestation.
EXC-000282,OVERDUE_REPAIR,000000000080000202,2000,PO 4500008860/00010,2026-08-30,VZIINV01,OPEN,"Promised back on 2026-06-19, which is 80 days ago, beyond the 7-day grace period."
EXC-000283,MISSING_ATTESTATION,000000000080000202,2000,PO 4500008860/00010,2026-09-04,VZIINV02,OPEN,Repair purchase order raised with no condition-to-repair attestation.
EXC-000284,MISSING_ATTESTATION,000000000080000204,4000,PO 4500008864/00010,2026-09-05,VZIINV01,CLOSED,Repair purchase order raised with no condition-to-repair attestation.
EXC-000285,MISSING_ATTESTATION,000000000080000208,3000,PO 4500008868/00010,2026-09-03,VZIINV02,CLOSED,Repair purchase order raised with no condition-to-repair attestation.
EXC-000286,OVERDUE_REPAIR,000000000080000214,4000,PO 4500008875/00010,2026-09-04,VZIINV02,OPEN,"Promised back on 2026-08-27, which is 11 days ago, beyond the 7-day grace period."
EXC-000287,MISSING_ATTESTATION,000000000080000217,1000,PO 4500008878/00010,2026-09-07,VZIINV02,OPEN,Repair purchase order raised with no condition-to-repair attestation.
EXC-000288,MISSING_ATTESTATION,000000000080000224,1000,PO 4500008886/00010,2026-09-05,VZIINV01,OPEN,Repair purchase order raised with no condition-to-repair attestation.
EXC-000289,OVERDUE_REPAIR,000000000080000226,3000,PO 4500008888/00010,2026-09-03,VZIINV01,CLOSED,"Promised back on 2026-06-24, which is 75 days ago, beyond the 7-day grace period."
EXC-000290,MISSING_ATTESTATION,000000000080000226,4000,PO 4500008889/00010,2026-09-05,VZIINV02,AWAITING_REQUESTER,Repair purchase order raised with no condition-to-repair attestation.
EXC-000291,MISSING_ATTESTATION,000000000080000229,4000,PO 4500008891/00010,2026-09-01,VZIINV01,OPEN,Repair purchase order raised with no condition-to-repair attestation.
EXC-000292,OVERDUE_REPAIR,000000000080000233,3000,PO 4500008895/00010,2026-09-05,VZIINV02,OPEN,"Promised back on 2026-06-30, which is 69 days ago, beyond the 7-day grace period."
EXC-000293,MISSING_ATTESTATION,000000000080000237,4000,PO 4500008899/00010,2026-09-04,VZIINV02,AWAITING_REQUESTER,Repair purchase order raised with no condition-to-repair attestation.
EXC-000294,OVERDUE_REPAIR,000000000080000238,4000,PO 4500008900/00010,2026-09-05,VZIINV01,CLOSED,"Promised back on 2026-08-09, which is 29 days ago, beyond the 7-day grace period."
EXC-000295,MISSING_ATTESTATION,000000000080000245,3000,PO 4500008908/00010,2026-09-04,VZIINV01,CLOSED,Repair purchase order raised with no condition-to-repair attestation.
EXC-000296,OVERDUE_REPAIR,000000000080000246,3000,PO 4500008909/00010,2026-09-03,VZIINV02,AWAITING_REQUESTER,"Promised back on 2026-06-07, which is 92 days ago, beyond the 7-day grace period."
EXC-000297,MISSING_ATTESTATION,000000000080000246,3000,PO 4500008909/00010,2026-08-30,VZIINV02,AWAITING_REQUESTER,Repair purchase order raised with no condition-to-repair attestation.
EXC-000298,MISSING_ATTESTATION,000000000080000250,3000,PO 4500008914/00010,2026-09-06,VZIINV01,CLOSED,Repair purchase order raised with no condition-to-repair attestation.
EXC-000299,MISSING_ATTESTATION,000000000080000254,1000,PO 4500008917/00010,2026-08-29,VZIINV01,OPEN,Repair purchase order raised with no condition-to-repair attestation.
EXC-000300,MISSING_ATTESTATION,000000000080000256,3000,PO 4500008919/00010,2026-08-30,VZIINV01,AWAITING_REQUESTER,Repair purchase order raised with no condition-to-repair attestation.
EXC-000301,OVERDUE_REPAIR,000000000080000258,1000,PO 4500008922/00010,2026-09-05,VZIINV02,OPEN,"Promised back on 2026-07-18, which is 51 days ago, beyond the 7-day grace period."
EXC-000302,OVERDUE_REPAIR,000000000080000260,4000,PO 4500008925/00010,2026-09-03,VZIINV01,CLOSED,"Promised back on 2026-07-12, which is 57 days ago, beyond the 7-day grace period."
EXC-000303,MISSING_ATTESTATION,000000000080000262,4000,PO 4500008927/00010,2026-09-03,VZIINV01,OPEN,Repair purchase order raised with no condition-to-repair attestation.
EXC-000304,OVERDUE_REPAIR,000000000080000269,4000,PO 4500008937/00010,2026-09-01,VZIINV01,CLOSED,"Promised back on 2026-08-05, which is 33 days ago, beyond the 7-day grace period."
EXC-000305,OVERDUE_REPAIR,000000000080000273,1000,PO 4500008941/00010,2026-09-07,VZIINV02,CLOSED,"Promised back on 2026-07-29, which is 40 days ago, beyond the 7-day grace period."
EXC-000306,MISSING_ATTESTATION,000000000080000274,4000,PO 4500008942/00010,2026-09-03,VZIINV02,OPEN,Repair purchase order raised with no condition-to-repair attestation.
EXC-000307,OVERDUE_REPAIR,000000000080000275,1000,PO 4500008943/00010,2026-09-01,VZIINV02,OPEN,"Promised back on 2026-08-09, which is 29 days ago, beyond the 7-day grace period."
EXC-000308,OVERDUE_REPAIR,000000000080000280,2000,PO 4500008949/00010,2026-09-01,VZIINV01,OPEN,"Promised back on 2026-07-18, which is 51 days ago, beyond the 7-day grace period."
EXC-000309,OVERDUE_REPAIR,000000000080000281,2000,PO 4500008950/00010,2026-09-01,VZIINV02,AWAITING_REQUESTER,"Promised back on 2026-08-14, which is 24 days ago, beyond the 7-day grace period."
EXC-000310,OVERDUE_REPAIR,000000000080000284,1000,PO 4500008954/00010,2026-09-02,VZIINV01,OPEN,"Promised back on 2026-06-16, which is 83 days ago, beyond the 7-day grace period."
EXC-000311,OVERDUE_REPAIR,000000000080000286,3000,PO 4500008957/00010,2026-08-29,VZIINV02,CLOSED,"Promised back on 2026-08-17, which is 21 days ago, beyond the 7-day grace period."
EXC-000312,MISSING_ATTESTATION,000000000080000287,2000,PO 4500008958/00010,2026-08-30,VZIINV01,OPEN,Repair purchase order raised with no condition-to-repair attestation.
EXC-000313,OVERDUE_REPAIR,000000000080000290,1000,PO 4500008961/00010,2026-09-01,VZIINV01,AWAITING_REQUESTER,"Promised back on 2026-07-26, which is 43 days ago, beyond the 7-day grace period."
EXC-000314,OVERDUE_REPAIR,000000000080000292,3000,PO 4500008965/00010,2026-09-03,VZIINV02,OPEN,"Promised back on 2026-08-24, which is 14 days ago, beyond the 7-day grace period."
EXC-000315,MISSING_ATTESTATION,000000000080000293,3000,PO 4500008966/00010,2026-09-03,VZIINV02,OPEN,Repair purchase order raised with no condition-to-repair attestation.
EXC-000316,MISSING_ATTESTATION,000000000080000294,1000,PO 4500008967/00010,2026-09-03,VZIINV02,AWAITING_REQUESTER,Repair purchase order raised with no condition-to-repair attestation.
EXC-000317,OVERDUE_REPAIR,000000000080000297,4000,PO 4500008972/00010,2026-09-02,VZIINV01,CLOSED,"Promised back on 2026-08-26, which is 12 days ago, beyond the 7-day grace period."
