case_id,Matnr,Werks,repair_pr,repair_po,repair_po_item,session_id,attestation_id,stage,removed_on,expected_back_on,returned_on,overdue,vendor_turnaround_days,notes
RPR-000001,000000000080000000,1000,,,,SESS-000730,,NEW_PURCHASE_INSTEAD,,,,false,,New purchase on 4500008609 while a repairable unit was on hand.
RPR-000002,000000000080000001,4000,2000008660,4500008610,00010,SESS-000731,,BACK_IN_STOCK,2026-03-23,2026-04-21,2026-04-26,false,28,Repair vendor Copperton Gearbox Refurbishment (Pt.
RPR-000003,000000000080000002,1000,2000008661,4500008611,00010,SESS-000732,ATT-000001,IN_REPAIR,2026-08-22,2026-09-28,,false,,Repair vendor Aggeneys Rotating Equipment Service.
RPR-000004,000000000080000002,2000,2000008662,4500008612,00010,SESS-000733,ATT-000002,RETURNED,2025-11-08,2026-01-16,2026-01-20,false,69,Repair vendor Aggeneys Rotating Equipment Service.
RPR-000005,000000000080000003,1000,2000008663,4500008613,00010,SESS-000734,,OVERDUE,2026-04-19,2026-06-25,,true,,Repair vendor Kalahari Rotating Equipment Service.
RPR-000006,000000000080000004,3000,2000008664,4500008614,00010,SESS-000735,,IN_REPAIR,2026-08-14,2026-10-01,,false,,Repair vendor Copperton Gearbox Refurbishment (Pt.
RPR-000007,000000000080000005,2000,2000008665,4500008615,00010,SESS-000736,ATT-000003,BACK_IN_STOCK,2026-03-09,2026-05-22,2026-05-29,false,76,Repair vendor Prieska Mechanical Repair Works (Pt.
RPR-000008,000000000080000006,3000,2000008666,4500008616,00010,SESS-000737,ATT-000004,BACK_IN_STOCK,2025-12-22,2026-02-25,2026-03-13,false,67,Repair vendor Kalahari Rotating Equipment Service.
RPR-000009,000000000080000006,4000,2000008667,4500008617,00010,SESS-000738,ATT-000005,IN_REPAIR,2026-08-23,2026-10-02,,false,,Repair vendor Aggeneys Rotating Equipment Service.
RPR-000010,000000000080000007,3000,2000008668,4500008618,00010,SESS-000739,ATT-000006,IN_REPAIR,2026-08-17,2026-09-19,,false,,Repair vendor Kalahari Rotating Equipment Service.
RPR-000011,000000000080000008,3000,2000008669,4500008619,00010,SESS-000740,ATT-000007,RETURNED,2026-04-25,2026-07-28,2026-08-22,false,115,Repair vendor Orange River Hydraulic Service Cent.
RPR-000012,000000000080000008,2000,2000008670,4500008620,00010,SESS-000741,ATT-000008,BACK_IN_STOCK,2026-03-13,2026-06-09,2026-06-10,false,84,Repair vendor Copperton Gearbox Refurbishment (Pt.
RPR-000013,000000000080000009,3000,,,,SESS-000742,,NEW_PURCHASE_INSTEAD,,,,false,,New purchase on 4500008621 while a repairable unit was on hand.
RPR-000014,000000000080000010,3000,2000008672,4500008622,00010,SESS-000743,ATT-000009,RETURNED,2026-03-28,2026-05-10,2026-06-01,false,55,Repair vendor Gariep Hydraulic Service Centre (Pt.
RPR-000015,000000000080000011,3000,2000008673,4500008623,00010,SESS-000744,ATT-000010,IN_REPAIR,2026-08-15,2026-10-11,,false,,Repair vendor Kalahari Rotating Equipment Service.
RPR-000016,000000000080000012,3000,2000008674,4500008624,00010,SESS-000745,,RETURNED,2026-03-17,2026-04-19,2026-04-25,false,29,Repair vendor Orange River Gearbox Refurbishment .
RPR-000017,000000000080000013,4000,2000008675,4500008625,00010,SESS-000746,ATT-000011,BACK_IN_STOCK,2026-05-11,2026-06-18,2026-06-26,false,34,Repair vendor Copperton Gearbox Refurbishment (Pt.
RPR-000018,000000000080000014,3000,,,,SESS-000747,,NEW_PURCHASE_INSTEAD,,,,false,,New purchase on 4500008626 while a repairable unit was on hand.
RPR-000019,000000000080000014,1000,2000008677,4500008627,00010,SESS-000748,ATT-000012,RETURNED,2026-05-24,2026-07-24,2026-08-13,false,75,Repair vendor Gariep Hydraulic Service Centre (Pt.
RPR-000020,000000000080000015,1000,2000008678,4500008628,00010,SESS-000749,,EXPECTED_BACK,2026-08-02,2026-09-10,,false,,Repair vendor Kalahari Rotating Equipment Service.
RPR-000021,000000000080000016,3000,2000008679,4500008629,00010,SESS-000750,ATT-000013,EXPECTED_BACK,2026-06-11,2026-09-07,,false,,Repair vendor Kalahari Rotating Equipment Service.
RPR-000022,000000000080000017,2000,2000008680,4500008630,00010,SESS-000751,ATT-000014,EXPECTED_BACK,2026-06-13,2026-09-09,,false,,Repair vendor Gariep Hydraulic Service Centre (Pt.
RPR-000023,000000000080000018,2000,2000008681,4500008631,00010,SESS-000752,ATT-000015,RETURNED,2025-12-27,2026-02-24,2026-03-02,false,62,Repair vendor Orange River Gearbox Refurbishment .
RPR-000024,000000000080000019,3000,2000008682,4500008632,00010,SESS-000753,,OVERDUE,2026-04-11,2026-06-19,,true,,Repair vendor Springbok Mechanical Repair Works (.
RPR-000025,000000000080000019,1000,2000008683,4500008633,00010,SESS-000754,ATT-000016,IN_REPAIR,2026-07-27,2026-09-25,,false,,Repair vendor Springbok Hydraulic Service Centre .
RPR-000026,000000000080000020,1000,2000008684,4500008634,00010,SESS-000755,,BACK_IN_STOCK,2025-11-18,2026-01-30,2026-01-30,false,66,Repair vendor Aggeneys Rotating Equipment Service.
RPR-000027,000000000080000021,4000,2000008685,4500008635,00010,SESS-000756,ATT-000017,EXPECTED_BACK,2026-08-01,2026-09-09,,false,,Repair vendor Springbok Rewind Services (Pty) Ltd.
RPR-000028,000000000080000021,2000,2000008686,4500008636,00010,SESS-000757,ATT-000018,OVERDUE,2026-04-18,2026-06-14,,true,,Repair vendor Gariep Hydraulic Service Centre (Pt.
RPR-000029,000000000080000022,3000,2000008687,4500008637,00010,SESS-000758,ATT-000019,OVERDUE,2026-03-11,2026-06-12,,true,,Repair vendor Aggeneys Rotating Equipment Service.
RPR-000030,000000000080000022,1000,2000008688,4500008638,00010,SESS-000759,ATT-000020,BACK_IN_STOCK,2026-03-30,2026-05-02,2026-05-12,false,37,Repair vendor Namaqua Hydraulic Service Centre (P.
RPR-000031,000000000080000023,3000,2000008689,4500008639,00010,SESS-000760,ATT-000021,RETURNED,2026-02-28,2026-05-01,2026-05-13,false,68,Repair vendor Kalahari Rotating Equipment Service.
RPR-000032,000000000080000024,1000,2000008690,4500008640,00010,SESS-000761,ATT-000022,RETURNED,2026-01-15,2026-04-27,2026-05-07,false,105,Repair vendor Kalahari Rotating Equipment Service.
RPR-000033,000000000080000025,2000,,,,SESS-000762,,NEW_PURCHASE_INSTEAD,,,,false,,New purchase on 4500008641 while a repairable unit was on hand.
RPR-000034,000000000080000025,4000,2000008692,4500008642,00010,SESS-000763,ATT-000023,IN_REPAIR,2026-08-25,2026-09-28,,false,,Repair vendor Copperton Gearbox Refurbishment (Pt.
RPR-000035,000000000080000026,2000,2000008693,4500008643,00010,SESS-000764,,EXPECTED_BACK,2026-07-06,2026-09-13,,false,,Repair vendor Orange River Hydraulic Service Cent.
RPR-000036,000000000080000027,4000,2000008694,4500008644,00010,SESS-000765,,BACK_IN_STOCK,2026-02-11,2026-05-02,2026-05-06,false,74,Repair vendor Namaqua Hydraulic Service Centre (P.
RPR-000037,000000000080000028,2000,2000008695,4500008645,00010,SESS-000766,ATT-000024,RETURNED,2025-10-10,2026-01-13,2026-01-22,false,97,Repair vendor Springbok Mechanical Repair Works (.
RPR-000038,000000000080000029,3000,,,,SESS-000767,,NEW_PURCHASE_INSTEAD,,,,false,,New purchase on 4500008646 while a repairable unit was on hand.
RPR-000039,000000000080000029,1000,,,,SESS-000768,,NEW_PURCHASE_INSTEAD,,,,false,,New purchase on 4500008647 while a repairable unit was on hand.
RPR-000040,000000000080000030,3000,2000008698,4500008648,00010,SESS-000769,ATT-000025,BACK_IN_STOCK,2026-01-06,2026-03-07,2026-03-13,false,54,Repair vendor Springbok Mechanical Repair Works (.
RPR-000041,000000000080000030,1000,2000008699,4500008649,00010,SESS-000770,ATT-000026,OVERDUE,2026-04-16,2026-06-15,,true,,Repair vendor Kalahari Rotating Equipment Service.
RPR-000042,000000000080000031,2000,2000008700,4500008650,00010,SESS-000771,,BACK_IN_STOCK,2026-05-12,2026-07-03,2026-07-19,false,57,Repair vendor Springbok Rewind Services (Pty) Ltd.
RPR-000043,000000000080000032,4000,2000008701,4500008651,00010,SESS-000772,ATT-000027,RETURNED,2026-03-02,2026-05-15,2026-06-03,false,84,Repair vendor Copperton Gearbox Refurbishment (Pt.
RPR-000044,000000000080000033,1000,2000008702,4500008652,00010,SESS-000773,ATT-000028,BACK_IN_STOCK,2025-12-13,2026-01-23,2026-01-29,false,39,Repair vendor Prieska Mechanical Repair Works (Pt.
RPR-000045,000000000080000033,3000,2000008703,4500008653,00010,SESS-000774,ATT-000029,EXPECTED_BACK,2026-07-31,2026-09-11,,false,,Repair vendor Springbok Mechanical Repair Works (.
RPR-000046,000000000080000034,1000,,,,SESS-000775,,NEW_PURCHASE_INSTEAD,,,,false,,New purchase on 4500008654 while a repairable unit was on hand.
RPR-000047,000000000080000035,1000,2000008705,4500008655,00010,SESS-000776,ATT-000030,IN_REPAIR,2026-08-23,2026-10-07,,false,,Repair vendor Copperton Gearbox Refurbishment (Pt.
RPR-000048,000000000080000035,2000,2000008706,4500008656,00010,SESS-000777,ATT-000031,BACK_IN_STOCK,2026-03-05,2026-06-06,2026-06-26,false,105,Repair vendor Gariep Hydraulic Service Centre (Pt.
RPR-000049,000000000080000036,3000,2000008707,4500008657,00010,SESS-000778,ATT-000032,OVERDUE,2026-06-12,2026-08-25,,true,,Repair vendor Prieska Mechanical Repair Works (Pt.
RPR-000050,000000000080000037,4000,2000008708,4500008658,00010,SESS-000779,ATT-000033,EXPECTED_BACK,2026-07-19,2026-09-07,,false,,Repair vendor Kalahari Rotating Equipment Service.
RPR-000051,000000000080000038,4000,,,,SESS-000780,,NEW_PURCHASE_INSTEAD,,,,false,,New purchase on 4500008659 while a repairable unit was on hand.
RPR-000052,000000000080000039,4000,2000008710,4500008660,00010,SESS-000781,ATT-000034,OVERDUE,2026-05-09,2026-07-16,,true,,Repair vendor Namaqua Mechanical Repair Works (Pt.
RPR-000053,000000000080000040,1000,,,,SESS-000782,,NEW_PURCHASE_INSTEAD,,,,false,,New purchase on 4500008661 while a repairable unit was on hand.
RPR-000054,000000000080000041,2000,2000008712,4500008662,00010,SESS-000783,ATT-000035,BACK_IN_STOCK,2026-05-29,2026-07-08,2026-07-19,false,44,Repair vendor Namaqua Mechanical Repair Works (Pt.
RPR-000055,000000000080000042,4000,2000008713,4500008663,00010,SESS-000784,,BACK_IN_STOCK,2026-05-16,2026-08-06,2026-08-17,false,90,Repair vendor Orange River Hydraulic Service Cent.
RPR-000056,000000000080000043,4000,2000008714,4500008664,00010,SESS-000785,ATT-000036,BACK_IN_STOCK,2026-06-26,2026-08-21,2026-08-23,false,48,Repair vendor Orange River Gearbox Refurbishment .
RPR-000057,000000000080000044,3000,2000008715,4500008665,00010,SESS-000786,ATT-000037,IN_REPAIR,2026-08-08,2026-09-26,,false,,Repair vendor Kalahari Rotating Equipment Service.
RPR-000058,000000000080000045,3000,2000008716,4500008666,00010,SESS-000787,ATT-000038,EXPECTED_BACK,2026-07-11,2026-09-07,,false,,Repair vendor Copperton Gearbox Refurbishment (Pt.
RPR-000059,000000000080000046,3000,2000008717,4500008667,00010,SESS-000788,ATT-000039,IN_REPAIR,2026-08-23,2026-09-29,,false,,Repair vendor Springbok Hydraulic Service Centre .
RPR-000060,000000000080000046,4000,2000008718,4500008668,00010,SESS-000789,ATT-000040,OVERDUE,2026-06-29,2026-08-09,,true,,Repair vendor Copperton Gearbox Refurbishment (Pt.
RPR-000061,000000000080000047,4000,,,,SESS-000790,,NEW_PURCHASE_INSTEAD,,,,false,,New purchase on 4500008669 while a repairable unit was on hand.
RPR-000062,000000000080000047,2000,2000008720,4500008670,00010,SESS-000791,ATT-000041,RETURNED,2026-02-12,2026-04-17,2026-04-19,false,56,Repair vendor Aggeneys Rotating Equipment Service.
RPR-000063,000000000080000048,3000,2000008721,4500008671,00010,SESS-000792,ATT-000042,OVERDUE,2026-05-20,2026-08-14,,true,,Repair vendor Copperton Gearbox Refurbishment (Pt.
RPR-000064,000000000080000049,3000,2000008722,4500008672,00010,SESS-000793,,OVERDUE,2026-05-07,2026-07-03,,true,,Repair vendor Aggeneys Rotating Equipment Service.
RPR-000065,000000000080000050,3000,2000008723,4500008673,00010,SESS-000794,ATT-000043,RETURNED,2025-11-22,2026-02-20,2026-03-09,false,103,Repair vendor Orange River Hydraulic Service Cent.
RPR-000066,000000000080000051,2000,2000008724,4500008674,00010,SESS-000795,ATT-000044,OVERDUE,2026-06-10,2026-07-12,,true,,Repair vendor Aggeneys Rotating Equipment Service.
RPR-000067,000000000080000052,4000,2000008725,4500008675,00010,SESS-000796,,OVERDUE,2026-05-02,2026-07-08,,true,,Repair vendor Prieska Mechanical Repair Works (Pt.
RPR-000068,000000000080000053,1000,2000008726,4500008676,00010,SESS-000797,ATT-000045,BACK_IN_STOCK,2025-11-14,2026-01-28,2026-02-21,false,91,Repair vendor Springbok Mechanical Repair Works (.
RPR-000069,000000000080000054,3000,2000008727,4500008677,00010,SESS-000798,,RETURNED,2026-04-23,2026-06-23,2026-07-06,false,62,Repair vendor Springbok Rewind Services (Pty) Ltd.
RPR-000070,000000000080000055,2000,2000008728,4500008678,00010,SESS-000799,ATT-000046,BACK_IN_STOCK,2026-02-27,2026-05-04,2026-05-10,false,62,Repair vendor Gariep Hydraulic Service Centre (Pt.
RPR-000071,000000000080000055,3000,2000008729,4500008679,00010,SESS-000800,ATT-000047,BACK_IN_STOCK,2026-06-02,2026-07-03,2026-07-05,false,27,Repair vendor Namaqua Hydraulic Service Centre (P.
RPR-000072,000000000080000056,2000,2000008730,4500008680,00010,SESS-000801,ATT-000048,BACK_IN_STOCK,2026-02-12,2026-04-19,2026-05-04,false,78,Repair vendor Kalahari Rotating Equipment Service.
RPR-000073,000000000080000057,3000,2000008731,4500008681,00010,SESS-000802,,OVERDUE,2026-03-28,2026-07-07,,true,,Repair vendor Kalahari Rotating Equipment Service.
RPR-000074,000000000080000058,1000,2000008732,4500008682,00010,SESS-000803,ATT-000049,IN_REPAIR,2026-08-10,2026-10-04,,false,,Repair vendor Copperton Gearbox Refurbishment (Pt.
RPR-000075,000000000080000060,3000,2000008733,4500008683,00010,SESS-000804,ATT-000050,BACK_IN_STOCK,2026-04-26,2026-08-01,2026-08-24,false,106,Repair vendor Springbok Rewind Services (Pty) Ltd.
RPR-000076,000000000080000061,2000,2000008734,4500008684,00010,SESS-000805,ATT-000051,OVERDUE,2026-06-11,2026-07-08,,true,,Repair vendor Namaqua Hydraulic Service Centre (P.
RPR-000077,000000000080000061,3000,2000008735,4500008685,00010,SESS-000806,ATT-000052,OVERDUE,2026-05-07,2026-07-16,,true,,Repair vendor Orange River Hydraulic Service Cent.
RPR-000078,000000000080000062,3000,2000008736,4500008686,00010,SESS-000807,,OVERDUE,2026-06-06,2026-08-07,,true,,Repair vendor Kalahari Rotating Equipment Service.
RPR-000079,000000000080000063,2000,2000008737,4500008687,00010,SESS-000808,ATT-000053,RETURNED,2026-07-02,2026-08-17,2026-09-05,false,58,Repair vendor Springbok Mechanical Repair Works (.
RPR-000080,000000000080000063,3000,2000008738,4500008688,00010,SESS-000809,ATT-000054,BACK_IN_STOCK,2026-02-25,2026-04-07,2026-04-17,false,39,Repair vendor Namaqua Mechanical Repair Works (Pt.
RPR-000081,000000000080000064,4000,,,,SESS-000810,,NEW_PURCHASE_INSTEAD,,,,false,,New purchase on 4500008689 while a repairable unit was on hand.
RPR-000082,000000000080000065,4000,2000008740,4500008690,00010,SESS-000811,ATT-000055,BACK_IN_STOCK,2026-03-06,2026-05-31,2026-06-19,false,99,Repair vendor Copperton Gearbox Refurbishment (Pt.
RPR-000083,000000000080000065,3000,,,,SESS-000812,,NEW_PURCHASE_INSTEAD,,,,false,,New purchase on 4500008691 while a repairable unit was on hand.
RPR-000084,000000000080000066,1000,,,,SESS-000813,,NEW_PURCHASE_INSTEAD,,,,false,,New purchase on 4500008692 while a repairable unit was on hand.
RPR-000085,000000000080000066,4000,2000008743,4500008693,00010,SESS-000814,ATT-000056,OVERDUE,2026-03-30,2026-06-11,,true,,Repair vendor Copperton Gearbox Refurbishment (Pt.
RPR-000086,000000000080000067,2000,2000008744,4500008694,00010,SESS-000815,,EXPECTED_BACK,2026-07-22,2026-09-12,,false,,Repair vendor Springbok Hydraulic Service Centre .
RPR-000087,000000000080000067,3000,2000008745,4500008695,00010,SESS-000816,ATT-000057,BACK_IN_STOCK,2026-01-18,2026-02-27,2026-03-17,false,54,Repair vendor Prieska Mechanical Repair Works (Pt.
RPR-000088,000000000080000068,3000,2000008746,4500008696,00010,SESS-000817,ATT-000058,OVERDUE,2026-04-05,2026-06-12,,true,,Repair vendor Namaqua Mechanical Repair Works (Pt.
RPR-000089,000000000080000069,2000,,,,SESS-000818,,NEW_PURCHASE_INSTEAD,,,,false,,New purchase on 4500008697 while a repairable unit was on hand.
RPR-000090,000000000080000069,4000,2000008748,4500008698,00010,SESS-000819,,BACK_IN_STOCK,2026-06-16,2026-08-07,2026-08-07,false,45,Repair vendor Namaqua Mechanical Repair Works (Pt.
RPR-000091,000000000080000070,4000,2000008749,4500008699,00010,SESS-000820,ATT-000059,EXPECTED_BACK,2026-06-23,2026-09-09,,false,,Repair vendor Namaqua Hydraulic Service Centre (P.
RPR-000092,000000000080000070,2000,2000008750,4500008700,00010,SESS-000821,ATT-000060,RETURNED,2026-01-23,2026-02-27,2026-03-17,false,43,Repair vendor Namaqua Hydraulic Service Centre (P.
RPR-000093,000000000080000071,1000,2000008751,4500008701,00010,SESS-000822,,EXPECTED_BACK,2026-06-29,2026-09-11,,false,,Repair vendor Orange River Hydraulic Service Cent.
RPR-000094,000000000080000072,1000,2000008752,4500008702,00010,SESS-000823,ATT-000061,BACK_IN_STOCK,2026-04-13,2026-05-21,2026-05-25,false,32,Repair vendor Orange River Gearbox Refurbishment .
RPR-000095,000000000080000073,3000,,,,SESS-000824,,NEW_PURCHASE_INSTEAD,,,,false,,New purchase on 4500008703 while a repairable unit was on hand.
RPR-000096,000000000080000074,2000,2000008754,4500008704,00010,SESS-000825,ATT-000062,OVERDUE,2026-04-28,2026-07-26,,true,,Repair vendor Namaqua Hydraulic Service Centre (P.
RPR-000097,000000000080000075,2000,2000008755,4500008705,00010,SESS-000826,,BACK_IN_STOCK,2026-06-24,2026-08-14,2026-08-23,false,47,Repair vendor Namaqua Mechanical Repair Works (Pt.
RPR-000098,000000000080000076,4000,,,,SESS-000827,,NEW_PURCHASE_INSTEAD,,,,false,,New purchase on 4500008706 while a repairable unit was on hand.
RPR-000099,000000000080000077,2000,2000008757,4500008707,00010,SESS-000828,ATT-000063,OVERDUE,2026-05-24,2026-08-20,,true,,Repair vendor Springbok Hydraulic Service Centre .
RPR-000100,000000000080000078,2000,2000008758,4500008708,00010,SESS-000829,ATT-000064,IN_REPAIR,2026-08-17,2026-11-25,,false,,Repair vendor Springbok Rewind Services (Pty) Ltd.
RPR-000101,000000000080000079,2000,,,,SESS-000830,,NEW_PURCHASE_INSTEAD,,,,false,,New purchase on 4500008709 while a repairable unit was on hand.
RPR-000102,000000000080000080,4000,2000008760,4500008710,00010,SESS-000831,ATT-000065,RETURNED,2026-05-18,2026-08-07,2026-08-07,false,76,Repair vendor Gariep Hydraulic Service Centre (Pt.
RPR-000103,000000000080000081,1000,2000008761,4500008711,00010,SESS-000832,ATT-000066,IN_REPAIR,2026-08-22,2026-09-29,,false,,Repair vendor Orange River Gearbox Refurbishment .
RPR-000104,000000000080000082,1000,2000008762,4500008712,00010,SESS-000833,ATT-000067,BACK_IN_STOCK,2026-03-05,2026-05-19,2026-05-19,false,70,Repair vendor Orange River Gearbox Refurbishment .
RPR-000105,000000000080000083,1000,2000008763,4500008713,00010,SESS-000834,,EXPECTED_BACK,2026-06-30,2026-09-09,,false,,Repair vendor Springbok Rewind Services (Pty) Ltd.
RPR-000106,000000000080000083,3000,2000008764,4500008714,00010,SESS-000835,ATT-000068,EXPECTED_BACK,2026-05-31,2026-09-14,,false,,Repair vendor Kalahari Rotating Equipment Service.
RPR-000107,000000000080000084,3000,2000008765,4500008715,00010,SESS-000836,ATT-000069,OVERDUE,2026-04-11,2026-07-14,,true,,Repair vendor Orange River Gearbox Refurbishment .
RPR-000108,000000000080000085,4000,2000008766,4500008716,00010,SESS-000837,,IN_REPAIR,2026-07-28,2026-09-22,,false,,Repair vendor Namaqua Mechanical Repair Works (Pt.
RPR-000109,000000000080000086,1000,2000008767,4500008717,00010,SESS-000838,ATT-000070,BACK_IN_STOCK,2025-12-04,2026-01-15,2026-01-17,false,33,Repair vendor Prieska Mechanical Repair Works (Pt.
RPR-000110,000000000080000087,3000,2000008768,4500008718,00010,SESS-000839,ATT-000071,OVERDUE,2026-05-27,2026-08-01,,true,,Repair vendor Prieska Mechanical Repair Works (Pt.
RPR-000111,000000000080000089,3000,2000008769,4500008719,00010,SESS-000840,ATT-000072,RETURNED,2026-03-03,2026-04-19,2026-05-09,false,57,Repair vendor Prieska Mechanical Repair Works (Pt.
RPR-000112,000000000080000090,3000,2000008770,4500008720,00010,SESS-000841,ATT-000073,IN_REPAIR,2026-07-23,2026-10-24,,false,,Repair vendor Orange River Gearbox Refurbishment .
RPR-000113,000000000080000090,1000,2000008771,4500008721,00010,SESS-000842,ATT-000074,IN_REPAIR,2026-07-28,2026-10-28,,false,,Repair vendor Orange River Hydraulic Service Cent.
RPR-000114,000000000080000091,3000,2000008772,4500008722,00010,SESS-000843,ATT-000075,IN_REPAIR,2026-08-07,2026-11-15,,false,,Repair vendor Springbok Rewind Services (Pty) Ltd.
RPR-000115,000000000080000092,3000,2000008773,4500008723,00010,SESS-000844,ATT-000076,RETURNED,2026-03-19,2026-04-20,2026-05-06,false,39,Repair vendor Springbok Rewind Services (Pty) Ltd.
RPR-000116,000000000080000092,1000,2000008774,4500008724,00010,SESS-000845,ATT-000077,BACK_IN_STOCK,2026-02-26,2026-06-02,2026-06-12,false,96,Repair vendor Copperton Gearbox Refurbishment (Pt.
RPR-000117,000000000080000093,3000,2000008775,4500008725,00010,SESS-000846,ATT-000078,OVERDUE,2026-04-07,2026-07-21,,true,,Repair vendor Springbok Hydraulic Service Centre .
RPR-000118,000000000080000095,2000,2000008776,4500008726,00010,SESS-000847,ATT-000079,EXPECTED_BACK,2026-08-08,2026-09-08,,false,,Repair vendor Kalahari Rotating Equipment Service.
RPR-000119,000000000080000096,3000,2000008777,4500008727,00010,SESS-000848,ATT-000080,EXPECTED_BACK,2026-07-29,2026-09-11,,false,,Repair vendor Springbok Mechanical Repair Works (.
RPR-000120,000000000080000096,4000,2000008778,4500008728,00010,SESS-000849,ATT-000081,IN_REPAIR,2026-08-26,2026-10-04,,false,,Repair vendor Orange River Gearbox Refurbishment .
RPR-000121,000000000080000097,4000,2000008779,4500008729,00010,SESS-000850,ATT-000082,IN_REPAIR,2026-07-14,2026-09-19,,false,,Repair vendor Namaqua Hydraulic Service Centre (P.
RPR-000122,000000000080000098,1000,2000008780,4500008730,00010,SESS-000851,ATT-000083,OVERDUE,2026-06-18,2026-07-15,,true,,Repair vendor Orange River Gearbox Refurbishment .
RPR-000123,000000000080000098,3000,2000008781,4500008731,00010,SESS-000852,ATT-000084,RETURNED,2025-11-09,2026-01-26,2026-02-11,false,85,Repair vendor Namaqua Mechanical Repair Works (Pt.
RPR-000124,000000000080000099,3000,2000008782,4500008732,00010,SESS-000853,ATT-000085,IN_REPAIR,2026-08-06,2026-10-23,,false,,Repair vendor Copperton Gearbox Refurbishment (Pt.
RPR-000125,000000000080000100,1000,2000008783,4500008733,00010,SESS-000854,ATT-000086,IN_REPAIR,2026-08-17,2026-09-20,,false,,Repair vendor Kalahari Rotating Equipment Service.
RPR-000126,000000000080000101,4000,,,,SESS-000855,,NEW_PURCHASE_INSTEAD,,,,false,,New purchase on 4500008734 while a repairable unit was on hand.
RPR-000127,000000000080000102,4000,2000008785,4500008735,00010,SESS-000856,ATT-000087,BACK_IN_STOCK,2026-03-16,2026-06-24,2026-07-03,false,101,Repair vendor Orange River Gearbox Refurbishment .
RPR-000128,000000000080000103,1000,2000008786,4500008736,00010,SESS-000857,ATT-000088,BACK_IN_STOCK,2025-12-27,2026-02-06,2026-02-12,false,35,Repair vendor Orange River Gearbox Refurbishment .
RPR-000129,000000000080000104,4000,2000008787,4500008737,00010,SESS-000858,ATT-000089,OVERDUE,2026-05-25,2026-07-15,,true,,Repair vendor Prieska Mechanical Repair Works (Pt.
RPR-000130,000000000080000104,3000,2000008788,4500008738,00010,SESS-000859,ATT-000090,BACK_IN_STOCK,2026-05-09,2026-06-19,2026-07-06,false,48,Repair vendor Gariep Hydraulic Service Centre (Pt.
RPR-000131,000000000080000105,3000,,,,SESS-000860,,NEW_PURCHASE_INSTEAD,,,,false,,New purchase on 4500008739 while a repairable unit was on hand.
RPR-000132,000000000080000105,4000,2000008790,4500008740,00010,SESS-000861,ATT-000091,IN_REPAIR,2026-08-21,2026-09-29,,false,,Repair vendor Orange River Gearbox Refurbishment .
RPR-000133,000000000080000106,3000,2000008791,4500008741,00010,SESS-000862,ATT-000092,BACK_IN_STOCK,2026-02-18,2026-05-03,2026-05-03,false,70,Repair vendor Namaqua Hydraulic Service Centre (P.
RPR-000134,000000000080000107,4000,2000008792,4500008742,00010,SESS-000863,ATT-000093,IN_REPAIR,2026-08-13,2026-11-05,,false,,Repair vendor Orange River Gearbox Refurbishment .
RPR-000135,000000000080000107,3000,2000008793,4500008743,00010,SESS-000864,ATT-000094,RETURNED,2025-12-01,2026-03-11,2026-04-02,false,115,Repair vendor Springbok Rewind Services (Pty) Ltd.
RPR-000136,000000000080000108,3000,,,,SESS-000865,,NEW_PURCHASE_INSTEAD,,,,false,,New purchase on 4500008744 while a repairable unit was on hand.
RPR-000137,000000000080000108,4000,,,,SESS-000866,,NEW_PURCHASE_INSTEAD,,,,false,,New purchase on 4500008745 while a repairable unit was on hand.
RPR-000138,000000000080000109,2000,2000008796,4500008746,00010,SESS-000867,ATT-000095,BACK_IN_STOCK,2026-04-23,2026-06-06,2026-06-17,false,49,Repair vendor Aggeneys Rotating Equipment Service.
RPR-000139,000000000080000109,4000,2000008797,4500008747,00010,SESS-000868,,RETURNED,2026-02-26,2026-05-20,2026-06-06,false,92,Repair vendor Aggeneys Rotating Equipment Service.
RPR-000140,000000000080000110,2000,2000008798,4500008748,00010,SESS-000869,ATT-000096,IN_REPAIR,2026-08-26,2026-10-28,,false,,Repair vendor Namaqua Hydraulic Service Centre (P.
RPR-000141,000000000080000111,4000,,,,SESS-000870,,NEW_PURCHASE_INSTEAD,,,,false,,New purchase on 4500008749 while a repairable unit was on hand.
RPR-000142,000000000080000112,2000,2000008800,4500008750,00010,SESS-000871,,BACK_IN_STOCK,2026-01-23,2026-03-03,2026-03-26,false,48,Repair vendor Kalahari Rotating Equipment Service.
RPR-000143,000000000080000113,4000,2000008801,4500008751,00010,SESS-000872,ATT-000097,EXPECTED_BACK,2026-07-27,2026-09-10,,false,,Repair vendor Copperton Gearbox Refurbishment (Pt.
RPR-000144,000000000080000114,1000,,,,SESS-000873,,NEW_PURCHASE_INSTEAD,,,,false,,New purchase on 4500008752 while a repairable unit was on hand.
RPR-000145,000000000080000114,3000,2000008803,4500008753,00010,SESS-000874,ATT-000098,RETURNED,2026-03-17,2026-04-17,2026-04-25,false,30,Repair vendor Copperton Gearbox Refurbishment (Pt.
RPR-000146,000000000080000115,3000,2000008804,4500008754,00010,SESS-000875,ATT-000099,OVERDUE,2026-05-01,2026-06-10,,true,,Repair vendor Namaqua Hydraulic Service Centre (P.
RPR-000147,000000000080000116,4000,2000008805,4500008755,00010,SESS-000876,ATT-000100,RETURNED,2025-10-28,2026-01-31,2026-02-03,false,92,Repair vendor Kalahari Rotating Equipment Service.
RPR-000148,000000000080000117,3000,2000008806,4500008756,00010,SESS-000877,ATT-000101,OVERDUE,2026-05-01,2026-06-11,,true,,Repair vendor Kalahari Rotating Equipment Service.
RPR-000149,000000000080000118,2000,2000008807,4500008757,00010,SESS-000878,,OVERDUE,2026-04-25,2026-08-06,,true,,Repair vendor Namaqua Hydraulic Service Centre (P.
RPR-000150,000000000080000119,4000,2000008808,4500008758,00010,SESS-000879,ATT-000102,BACK_IN_STOCK,2026-01-22,2026-04-19,2026-05-10,false,96,Repair vendor Springbok Mechanical Repair Works (.
RPR-000151,000000000080000119,2000,2000008809,4500008759,00010,SESS-000880,ATT-000103,BACK_IN_STOCK,2025-11-03,2026-01-12,2026-02-05,false,88,Repair vendor Kalahari Rotating Equipment Service.
RPR-000152,000000000080000120,4000,2000008810,4500008760,00010,SESS-000881,ATT-000104,OVERDUE,2026-04-24,2026-06-22,,true,,Repair vendor Copperton Gearbox Refurbishment (Pt.
RPR-000153,000000000080000121,1000,2000008811,4500008761,00010,SESS-000882,ATT-000105,OVERDUE,2026-04-29,2026-07-03,,true,,Repair vendor Aggeneys Rotating Equipment Service.
RPR-000154,000000000080000122,1000,2000008812,4500008762,00010,SESS-000883,ATT-000106,BACK_IN_STOCK,2026-06-12,2026-08-13,2026-08-29,false,71,Repair vendor Aggeneys Rotating Equipment Service.
RPR-000155,000000000080000122,3000,2000008813,4500008763,00010,SESS-000884,ATT-000107,OVERDUE,2026-04-15,2026-06-13,,true,,Repair vendor Orange River Hydraulic Service Cent.
RPR-000156,000000000080000123,3000,2000008814,4500008764,00010,SESS-000885,,OVERDUE,2026-04-18,2026-07-13,,true,,Repair vendor Namaqua Hydraulic Service Centre (P.
RPR-000157,000000000080000124,2000,2000008815,4500008765,00010,SESS-000886,ATT-000108,OVERDUE,2026-05-24,2026-08-14,,true,,Repair vendor Namaqua Hydraulic Service Centre (P.
RPR-000158,000000000080000125,2000,2000008816,4500008766,00010,SESS-000887,,EXPECTED_BACK,2026-05-28,2026-09-07,,false,,Repair vendor Namaqua Hydraulic Service Centre (P.
RPR-000159,000000000080000126,3000,2000008817,4500008767,00010,SESS-000888,,RETURNED,2025-11-14,2026-02-23,2026-03-06,false,101,Repair vendor Aggeneys Rotating Equipment Service.
RPR-000160,000000000080000127,1000,2000008818,4500008768,00010,SESS-000889,ATT-000109,EXPECTED_BACK,2026-07-09,2026-09-11,,false,,Repair vendor Springbok Mechanical Repair Works (.
RPR-000161,000000000080000128,3000,2000008819,4500008769,00010,SESS-000890,,BACK_IN_STOCK,2026-03-03,2026-05-08,2026-05-17,false,62,Repair vendor Orange River Gearbox Refurbishment .
RPR-000162,000000000080000128,1000,2000008820,4500008770,00010,SESS-000891,ATT-000110,BACK_IN_STOCK,2025-12-18,2026-03-12,2026-03-20,false,84,Repair vendor Copperton Gearbox Refurbishment (Pt.
RPR-000163,000000000080000129,2000,,,,SESS-000892,,NEW_PURCHASE_INSTEAD,,,,false,,New purchase on 4500008771 while a repairable unit was on hand.
RPR-000164,000000000080000130,4000,,,,SESS-000893,,NEW_PURCHASE_INSTEAD,,,,false,,New purchase on 4500008772 while a repairable unit was on hand.
RPR-000165,000000000080000131,2000,,,,SESS-000894,,NEW_PURCHASE_INSTEAD,,,,false,,New purchase on 4500008773 while a repairable unit was on hand.
RPR-000166,000000000080000132,2000,2000008824,4500008774,00010,SESS-000895,ATT-000111,BACK_IN_STOCK,2026-05-15,2026-07-26,2026-08-20,false,91,Repair vendor Aggeneys Rotating Equipment Service.
RPR-000167,000000000080000132,1000,2000008825,4500008775,00010,SESS-000896,ATT-000112,BACK_IN_STOCK,2026-06-20,2026-08-05,2026-08-20,false,56,Repair vendor Kalahari Rotating Equipment Service.
RPR-000168,000000000080000133,4000,2000008826,4500008776,00010,SESS-000897,ATT-000113,BACK_IN_STOCK,2025-11-01,2026-01-27,2026-02-20,false,108,Repair vendor Copperton Gearbox Refurbishment (Pt.
RPR-000169,000000000080000134,2000,2000008827,4500008777,00010,SESS-000898,ATT-000114,OVERDUE,2026-05-06,2026-07-07,,true,,Repair vendor Springbok Hydraulic Service Centre .
RPR-000170,000000000080000134,4000,2000008828,4500008778,00010,SESS-000899,ATT-000115,OVERDUE,2026-05-01,2026-06-13,,true,,Repair vendor Prieska Mechanical Repair Works (Pt.
RPR-000171,000000000080000135,1000,2000008829,4500008779,00010,SESS-000900,ATT-000116,BACK_IN_STOCK,2026-03-15,2026-05-11,2026-06-05,false,79,Repair vendor Springbok Hydraulic Service Centre .
RPR-000172,000000000080000136,1000,2000008830,4500008780,00010,SESS-000901,,OVERDUE,2026-04-16,2026-07-07,,true,,Repair vendor Gariep Hydraulic Service Centre (Pt.
RPR-000173,000000000080000137,3000,2000008831,4500008781,00010,SESS-000902,,IN_REPAIR,2026-07-15,2026-09-22,,false,,Repair vendor Springbok Hydraulic Service Centre .
RPR-000174,000000000080000138,4000,2000008832,4500008782,00010,SESS-000903,,IN_REPAIR,2026-08-31,2026-09-29,,false,,Repair vendor Namaqua Mechanical Repair Works (Pt.
RPR-000175,000000000080000139,3000,,,,SESS-000904,,NEW_PURCHASE_INSTEAD,,,,false,,New purchase on 4500008783 while a repairable unit was on hand.
RPR-000176,000000000080000140,4000,2000008834,4500008784,00010,SESS-000905,ATT-000117,OVERDUE,2026-06-01,2026-07-18,,true,,Repair vendor Kalahari Rotating Equipment Service.
RPR-000177,000000000080000141,1000,2000008835,4500008785,00010,SESS-000906,,BACK_IN_STOCK,2025-12-31,2026-03-20,2026-04-13,false,94,Repair vendor Namaqua Hydraulic Service Centre (P.
RPR-000178,000000000080000142,4000,2000008836,4500008786,00010,SESS-000907,,OVERDUE,2026-03-30,2026-06-22,,true,,Repair vendor Springbok Rewind Services (Pty) Ltd.
RPR-000179,000000000080000142,2000,2000008837,4500008787,00010,SESS-000908,ATT-000118,IN_REPAIR,2026-08-14,2026-10-16,,false,,Repair vendor Gariep Hydraulic Service Centre (Pt.
RPR-000180,000000000080000143,3000,2000008838,4500008788,00010,SESS-000909,ATT-000119,IN_REPAIR,2026-08-09,2026-10-31,,false,,Repair vendor Copperton Gearbox Refurbishment (Pt.
RPR-000181,000000000080000144,1000,2000008839,4500008789,00010,SESS-000910,ATT-000120,RETURNED,2026-06-26,2026-07-27,2026-08-10,false,38,Repair vendor Copperton Gearbox Refurbishment (Pt.
RPR-000182,000000000080000145,3000,2000008840,4500008790,00010,SESS-000911,ATT-000121,IN_REPAIR,2026-08-24,2026-10-19,,false,,Repair vendor Orange River Gearbox Refurbishment .
RPR-000183,000000000080000145,2000,,,,SESS-000912,,NEW_PURCHASE_INSTEAD,,,,false,,New purchase on 4500008791 while a repairable unit was on hand.
RPR-000184,000000000080000146,1000,2000008842,4500008792,00010,SESS-000913,ATT-000122,OVERDUE,2026-07-09,2026-08-13,,true,,Repair vendor Orange River Hydraulic Service Cent.
RPR-000185,000000000080000147,3000,2000008843,4500008793,00010,SESS-000914,ATT-000123,EXPECTED_BACK,2026-07-06,2026-09-08,,false,,Repair vendor Springbok Hydraulic Service Centre .
RPR-000186,000000000080000148,4000,2000008844,4500008794,00010,SESS-000915,ATT-000124,BACK_IN_STOCK,2026-01-15,2026-02-15,2026-02-22,false,28,Repair vendor Aggeneys Rotating Equipment Service.
RPR-000187,000000000080000149,1000,2000008845,4500008795,00010,SESS-000916,ATT-000125,RETURNED,2026-05-25,2026-08-17,2026-08-20,false,82,Repair vendor Prieska Mechanical Repair Works (Pt.
RPR-000188,000000000080000150,3000,,,,SESS-000917,,NEW_PURCHASE_INSTEAD,,,,false,,New purchase on 4500008796 while a repairable unit was on hand.
RPR-000189,000000000080000151,3000,2000008847,4500008797,00010,SESS-000918,ATT-000126,BACK_IN_STOCK,2025-12-08,2026-01-30,2026-02-13,false,61,Repair vendor Springbok Mechanical Repair Works (.
RPR-000190,000000000080000152,1000,2000008848,4500008798,00010,SESS-000919,ATT-000127,OVERDUE,2026-04-20,2026-06-12,,true,,Repair vendor Copperton Gearbox Refurbishment (Pt.
RPR-000191,000000000080000153,4000,2000008849,4500008799,00010,SESS-000920,,OVERDUE,2026-05-04,2026-06-09,,true,,Repair vendor Springbok Hydraulic Service Centre .
RPR-000192,000000000080000154,4000,2000008850,4500008800,00010,SESS-000921,ATT-000128,IN_REPAIR,2026-07-27,2026-09-21,,false,,Repair vendor Prieska Mechanical Repair Works (Pt.
RPR-000193,000000000080000154,3000,,,,SESS-000922,,NEW_PURCHASE_INSTEAD,,,,false,,New purchase on 4500008801 while a repairable unit was on hand.
RPR-000194,000000000080000155,2000,2000008852,4500008802,00010,SESS-000923,,OVERDUE,2026-07-09,2026-08-21,,true,,Repair vendor Prieska Mechanical Repair Works (Pt.
RPR-000195,000000000080000155,3000,2000008853,4500008803,00010,SESS-000924,,EXPECTED_BACK,2026-06-24,2026-09-14,,false,,Repair vendor Kalahari Rotating Equipment Service.
RPR-000196,000000000080000156,3000,2000008854,4500008804,00010,SESS-000925,ATT-000129,IN_REPAIR,2026-07-15,2026-10-08,,false,,Repair vendor Copperton Gearbox Refurbishment (Pt.
RPR-000197,000000000080000158,1000,2000008855,4500008805,00010,SESS-000926,ATT-000130,RETURNED,2025-11-27,2026-01-10,2026-01-13,false,40,Repair vendor Kalahari Rotating Equipment Service.
RPR-000198,000000000080000159,1000,2000008856,4500008806,00010,SESS-000927,,BACK_IN_STOCK,2026-03-30,2026-06-20,2026-07-06,false,89,Repair vendor Namaqua Hydraulic Service Centre (P.
RPR-000199,000000000080000160,4000,2000008857,4500008807,00010,SESS-000928,ATT-000131,IN_REPAIR,2026-06-29,2026-10-09,,false,,Repair vendor Namaqua Mechanical Repair Works (Pt.
RPR-000200,000000000080000161,3000,2000008858,4500008808,00010,SESS-000929,ATT-000132,EXPECTED_BACK,2026-07-31,2026-09-09,,false,,Repair vendor Aggeneys Rotating Equipment Service.
RPR-000201,000000000080000162,3000,2000008859,4500008809,00010,SESS-000930,ATT-000133,OVERDUE,2026-06-25,2026-07-27,,true,,Repair vendor Namaqua Hydraulic Service Centre (P.
RPR-000202,000000000080000163,2000,2000008860,4500008810,00010,SESS-000931,ATT-000134,IN_REPAIR,2026-08-15,2026-11-13,,false,,Repair vendor Copperton Gearbox Refurbishment (Pt.
RPR-000203,000000000080000163,1000,2000008861,4500008811,00010,SESS-000932,ATT-000135,BACK_IN_STOCK,2025-12-20,2026-02-28,2026-03-04,false,71,Repair vendor Prieska Mechanical Repair Works (Pt.
RPR-000204,000000000080000164,1000,2000008862,4500008812,00010,SESS-000933,,IN_REPAIR,2026-08-19,2026-10-22,,false,,Repair vendor Copperton Gearbox Refurbishment (Pt.
RPR-000205,000000000080000164,4000,,,,SESS-000934,,NEW_PURCHASE_INSTEAD,,,,false,,New purchase on 4500008813 while a repairable unit was on hand.
RPR-000206,000000000080000165,2000,,,,SESS-000935,,NEW_PURCHASE_INSTEAD,,,,false,,New purchase on 4500008814 while a repairable unit was on hand.
RPR-000207,000000000080000166,2000,2000008865,4500008815,00010,SESS-000936,ATT-000136,EXPECTED_BACK,2026-06-02,2026-09-13,,false,,Repair vendor Springbok Rewind Services (Pty) Ltd.
RPR-000208,000000000080000166,3000,2000008866,4500008816,00010,SESS-000937,ATT-000137,IN_REPAIR,2026-07-24,2026-10-06,,false,,Repair vendor Copperton Gearbox Refurbishment (Pt.
RPR-000209,000000000080000167,4000,2000008867,4500008817,00010,SESS-000938,ATT-000138,IN_REPAIR,2026-07-05,2026-10-07,,false,,Repair vendor Gariep Hydraulic Service Centre (Pt.
RPR-000210,000000000080000168,2000,2000008868,4500008818,00010,SESS-000939,,OVERDUE,2026-04-16,2026-07-10,,true,,Repair vendor Springbok Rewind Services (Pty) Ltd.
RPR-000211,000000000080000169,2000,2000008869,4500008819,00010,SESS-000940,ATT-000139,OVERDUE,2026-05-12,2026-06-25,,true,,Repair vendor Kalahari Rotating Equipment Service.
RPR-000212,000000000080000171,4000,2000008870,4500008820,00010,SESS-000941,ATT-000140,BACK_IN_STOCK,2025-12-03,2026-03-01,2026-03-05,false,86,Repair vendor Copperton Gearbox Refurbishment (Pt.
RPR-000213,000000000080000171,1000,2000008871,4500008821,00010,SESS-000942,ATT-000141,IN_REPAIR,2026-08-07,2026-11-16,,false,,Repair vendor Kalahari Rotating Equipment Service.
RPR-000214,000000000080000172,2000,2000008872,4500008822,00010,SESS-000943,ATT-000142,IN_REPAIR,2026-08-26,2026-11-15,,false,,Repair vendor Aggeneys Rotating Equipment Service.
RPR-000215,000000000080000173,4000,2000008873,4500008823,00010,SESS-000944,ATT-000143,OVERDUE,2026-06-06,2026-08-22,,true,,Repair vendor Springbok Mechanical Repair Works (.
RPR-000216,000000000080000173,2000,2000008874,4500008824,00010,SESS-000945,ATT-000144,IN_REPAIR,2026-07-17,2026-10-05,,false,,Repair vendor Namaqua Mechanical Repair Works (Pt.
RPR-000217,000000000080000174,1000,2000008875,4500008825,00010,SESS-000946,ATT-000145,IN_REPAIR,2026-08-01,2026-10-25,,false,,Repair vendor Namaqua Hydraulic Service Centre (P.
RPR-000218,000000000080000175,3000,2000008876,4500008826,00010,SESS-000947,ATT-000146,IN_REPAIR,2026-08-01,2026-10-13,,false,,Repair vendor Namaqua Mechanical Repair Works (Pt.
RPR-000219,000000000080000175,2000,2000008877,4500008827,00010,SESS-000948,ATT-000147,EXPECTED_BACK,2026-07-08,2026-09-07,,false,,Repair vendor Prieska Mechanical Repair Works (Pt.
RPR-000220,000000000080000176,1000,2000008878,4500008828,00010,SESS-000949,,OVERDUE,2026-04-25,2026-07-18,,true,,Repair vendor Kalahari Rotating Equipment Service.
RPR-000221,000000000080000177,4000,2000008879,4500008829,00010,SESS-000950,ATT-000148,RETURNED,2026-05-18,2026-07-31,2026-08-14,false,79,Repair vendor Kalahari Rotating Equipment Service.
RPR-000222,000000000080000177,1000,2000008880,4500008830,00010,SESS-000951,ATT-000149,BACK_IN_STOCK,2026-05-30,2026-08-03,2026-08-11,false,67,Repair vendor Springbok Hydraulic Service Centre .
RPR-000223,000000000080000178,1000,2000008881,4500008831,00010,SESS-000952,ATT-000150,OVERDUE,2026-04-12,2026-07-11,,true,,Repair vendor Springbok Mechanical Repair Works (.
RPR-000224,000000000080000179,1000,2000008882,4500008832,00010,SESS-000953,ATT-000151,IN_REPAIR,2026-07-24,2026-10-01,,false,,Repair vendor Namaqua Hydraulic Service Centre (P.
RPR-000225,000000000080000179,4000,2000008883,4500008833,00010,SESS-000954,,OVERDUE,2026-06-03,2026-07-02,,true,,Repair vendor Kalahari Rotating Equipment Service.
RPR-000226,000000000080000180,3000,2000008884,4500008834,00010,SESS-000955,ATT-000152,IN_REPAIR,2026-08-04,2026-09-26,,false,,Repair vendor Aggeneys Rotating Equipment Service.
RPR-000227,000000000080000180,1000,2000008885,4500008835,00010,SESS-000956,ATT-000153,BACK_IN_STOCK,2026-05-25,2026-06-23,2026-06-25,false,24,Repair vendor Copperton Gearbox Refurbishment (Pt.
RPR-000228,000000000080000181,2000,2000008886,4500008836,00010,SESS-000957,ATT-000154,IN_REPAIR,2026-08-06,2026-09-20,,false,,Repair vendor Namaqua Hydraulic Service Centre (P.
RPR-000229,000000000080000182,3000,,,,SESS-000958,,NEW_PURCHASE_INSTEAD,,,,false,,New purchase on 4500008837 while a repairable unit was on hand.
RPR-000230,000000000080000183,1000,2000008888,4500008838,00010,SESS-000959,ATT-000155,BACK_IN_STOCK,2026-05-07,2026-06-19,2026-06-25,false,36,Repair vendor Springbok Rewind Services (Pty) Ltd.
RPR-000231,000000000080000183,3000,2000008889,4500008839,00010,SESS-000960,ATT-000156,OVERDUE,2026-04-10,2026-06-18,,true,,Repair vendor Namaqua Hydraulic Service Centre (P.
RPR-000232,000000000080000184,3000,2000008890,4500008840,00010,SESS-000961,ATT-000157,IN_REPAIR,2026-08-11,2026-09-22,,false,,Repair vendor Copperton Gearbox Refurbishment (Pt.
RPR-000233,000000000080000185,3000,2000008891,4500008841,00010,SESS-000962,,BACK_IN_STOCK,2026-07-07,2026-08-17,2026-09-02,false,54,Repair vendor Orange River Gearbox Refurbishment .
RPR-000234,000000000080000186,4000,2000008892,4500008842,00010,SESS-000963,ATT-000158,BACK_IN_STOCK,2026-05-29,2026-07-08,2026-07-25,false,52,Repair vendor Aggeneys Rotating Equipment Service.
RPR-000235,000000000080000186,2000,2000008893,4500008843,00010,SESS-000964,ATT-000159,BACK_IN_STOCK,2026-03-19,2026-05-29,2026-06-04,false,69,Repair vendor Springbok Hydraulic Service Centre .
RPR-000236,000000000080000187,2000,2000008894,4500008844,00010,SESS-000965,ATT-000160,OVERDUE,2026-06-26,2026-08-13,,true,,Repair vendor Namaqua Mechanical Repair Works (Pt.
RPR-000237,000000000080000188,2000,2000008895,4500008845,00010,SESS-000966,ATT-000161,BACK_IN_STOCK,2026-05-29,2026-07-17,2026-07-20,false,38,Repair vendor Prieska Mechanical Repair Works (Pt.
RPR-000238,000000000080000189,3000,2000008896,4500008846,00010,SESS-000967,,BACK_IN_STOCK,2026-05-18,2026-07-30,2026-08-20,false,89,Repair vendor Orange River Gearbox Refurbishment .
RPR-000239,000000000080000190,4000,2000008897,4500008847,00010,SESS-000968,ATT-000162,OVERDUE,2026-06-07,2026-07-15,,true,,Repair vendor Namaqua Hydraulic Service Centre (P.
RPR-000240,000000000080000191,1000,,,,SESS-000969,,NEW_PURCHASE_INSTEAD,,,,false,,New purchase on 4500008848 while a repairable unit was on hand.
RPR-000241,000000000080000192,1000,2000008899,4500008849,00010,SESS-000970,ATT-000163,BACK_IN_STOCK,2026-05-10,2026-06-12,2026-06-25,false,40,Repair vendor Springbok Rewind Services (Pty) Ltd.
RPR-000242,000000000080000193,2000,,,,SESS-000971,,NEW_PURCHASE_INSTEAD,,,,false,,New purchase on 4500008850 while a repairable unit was on hand.
RPR-000243,000000000080000194,4000,2000008901,4500008851,00010,SESS-000972,ATT-000164,BACK_IN_STOCK,2026-01-11,2026-02-16,2026-02-17,false,31,Repair vendor Gariep Hydraulic Service Centre (Pt.
RPR-000244,000000000080000195,1000,,,,SESS-000973,,NEW_PURCHASE_INSTEAD,,,,false,,New purchase on 4500008852 while a repairable unit was on hand.
RPR-000245,000000000080000196,3000,2000008903,4500008853,00010,SESS-000974,ATT-000165,BACK_IN_STOCK,2026-04-30,2026-07-20,2026-07-31,false,83,Repair vendor Springbok Hydraulic Service Centre .
RPR-000246,000000000080000196,4000,2000008904,4500008854,00010,SESS-000975,,OVERDUE,2026-06-26,2026-08-16,,true,,Repair vendor Aggeneys Rotating Equipment Service.
RPR-000247,000000000080000197,4000,,,,SESS-000976,,NEW_PURCHASE_INSTEAD,,,,false,,New purchase on 4500008855 while a repairable unit was on hand.
RPR-000248,000000000080000197,3000,,,,SESS-000977,,NEW_PURCHASE_INSTEAD,,,,false,,New purchase on 4500008856 while a repairable unit was on hand.
RPR-000249,000000000080000199,4000,2000008907,4500008857,00010,SESS-000978,ATT-000166,IN_REPAIR,2026-08-26,2026-11-27,,false,,Repair vendor Springbok Rewind Services (Pty) Ltd.
RPR-000250,000000000080000200,3000,2000008908,4500008858,00010,SESS-000979,ATT-000167,EXPECTED_BACK,2026-08-12,2026-09-11,,false,,Repair vendor Orange River Gearbox Refurbishment .
RPR-000251,000000000080000201,1000,2000008909,4500008859,00010,SESS-000980,ATT-000168,IN_REPAIR,2026-07-28,2026-10-24,,false,,Repair vendor Orange River Gearbox Refurbishment .
RPR-000252,000000000080000202,2000,2000008910,4500008860,00010,SESS-000981,,OVERDUE,2026-03-21,2026-06-19,,true,,Repair vendor Kalahari Rotating Equipment Service.
RPR-000253,000000000080000202,3000,2000008911,4500008861,00010,SESS-000982,ATT-000169,EXPECTED_BACK,2026-06-16,2026-09-10,,false,,Repair vendor Namaqua Mechanical Repair Works (Pt.
RPR-000254,000000000080000203,4000,2000008912,4500008862,00010,SESS-000983,ATT-000170,EXPECTED_BACK,2026-08-07,2026-09-07,,false,,Repair vendor Copperton Gearbox Refurbishment (Pt.
RPR-000255,000000000080000204,1000,2000008913,4500008863,00010,SESS-000984,ATT-000171,BACK_IN_STOCK,2026-02-13,2026-03-24,2026-03-30,false,39,Repair vendor Springbok Rewind Services (Pty) Ltd.
RPR-000256,000000000080000204,4000,2000008914,4500008864,00010,SESS-000985,,RETURNED,2026-04-12,2026-05-16,2026-06-06,false,49,Repair vendor Namaqua Mechanical Repair Works (Pt.
RPR-000257,000000000080000205,2000,,,,SESS-000986,,NEW_PURCHASE_INSTEAD,,,,false,,New purchase on 4500008865 while a repairable unit was on hand.
RPR-000258,000000000080000206,1000,2000008916,4500008866,00010,SESS-000987,ATT-000172,RETURNED,2026-01-20,2026-04-26,2026-05-19,false,115,Repair vendor Aggeneys Rotating Equipment Service.
RPR-000259,000000000080000207,1000,2000008917,4500008867,00010,SESS-000988,ATT-000173,RETURNED,2025-11-05,2026-01-24,2026-01-27,false,73,Repair vendor Springbok Mechanical Repair Works (.
RPR-000260,000000000080000208,3000,2000008918,4500008868,00010,SESS-000989,,RETURNED,2026-02-06,2026-04-22,2026-05-09,false,80,Repair vendor Orange River Hydraulic Service Cent.
RPR-000261,000000000080000209,2000,,,,SESS-000990,,NEW_PURCHASE_INSTEAD,,,,false,,New purchase on 4500008869 while a repairable unit was on hand.
RPR-000262,000000000080000210,3000,2000008920,4500008870,00010,SESS-000991,ATT-000174,EXPECTED_BACK,2026-06-04,2026-09-11,,false,,Repair vendor Springbok Mechanical Repair Works (.
RPR-000263,000000000080000211,4000,2000008921,4500008871,00010,SESS-000992,ATT-000175,IN_REPAIR,2026-08-21,2026-09-21,,false,,Repair vendor Kalahari Rotating Equipment Service.
RPR-000264,000000000080000212,3000,2000008922,4500008872,00010,SESS-000993,ATT-000176,IN_REPAIR,2026-08-16,2026-09-23,,false,,Repair vendor Copperton Gearbox Refurbishment (Pt.
RPR-000265,000000000080000212,2000,2000008923,4500008873,00010,SESS-000994,ATT-000177,RETURNED,2026-04-30,2026-06-08,2026-06-24,false,46,Repair vendor Namaqua Hydraulic Service Centre (P.
RPR-000266,000000000080000213,3000,2000008924,4500008874,00010,SESS-000995,ATT-000178,RETURNED,2026-06-02,2026-07-16,2026-08-05,false,60,Repair vendor Kalahari Rotating Equipment Service.
RPR-000267,000000000080000214,4000,2000008925,4500008875,00010,SESS-000996,ATT-000179,OVERDUE,2026-06-27,2026-08-27,,true,,Repair vendor Kalahari Rotating Equipment Service.
RPR-000268,000000000080000215,3000,2000008926,4500008876,00010,SESS-000997,ATT-000180,IN_REPAIR,2026-08-01,2026-09-26,,false,,Repair vendor Namaqua Mechanical Repair Works (Pt.
RPR-000269,000000000080000216,4000,2000008927,4500008877,00010,SESS-000998,ATT-000181,BACK_IN_STOCK,2026-06-26,2026-07-23,2026-08-16,false,47,Repair vendor Kalahari Rotating Equipment Service.
RPR-000270,000000000080000217,1000,2000008928,4500008878,00010,SESS-000999,,BACK_IN_STOCK,2026-02-01,2026-03-06,2026-03-14,false,29,Repair vendor Namaqua Hydraulic Service Centre (P.
RPR-000271,000000000080000217,4000,2000008929,4500008879,00010,SESS-001000,ATT-000182,BACK_IN_STOCK,2026-05-16,2026-08-09,2026-09-01,false,98,Repair vendor Gariep Hydraulic Service Centre (Pt.
RPR-000272,000000000080000218,4000,2000008930,4500008880,00010,SESS-001001,ATT-000183,IN_REPAIR,2026-08-24,2026-09-24,,false,,Repair vendor Namaqua Hydraulic Service Centre (P.
RPR-000273,000000000080000219,3000,2000008931,4500008881,00010,SESS-001002,ATT-000184,BACK_IN_STOCK,2026-01-02,2026-03-19,2026-03-23,false,70,Repair vendor Springbok Mechanical Repair Works (.
RPR-000274,000000000080000220,3000,2000008932,4500008882,00010,SESS-001003,ATT-000185,IN_REPAIR,2026-06-20,2026-09-21,,false,,Repair vendor Copperton Gearbox Refurbishment (Pt.
RPR-000275,000000000080000221,1000,2000008933,4500008883,00010,SESS-001004,ATT-000186,RETURNED,2026-04-20,2026-05-16,2026-05-17,false,22,Repair vendor Springbok Hydraulic Service Centre .
RPR-000276,000000000080000222,2000,2000008934,4500008884,00010,SESS-001005,ATT-000187,RETURNED,2025-11-14,2026-02-28,2026-03-05,false,98,Repair vendor Gariep Hydraulic Service Centre (Pt.
RPR-000277,000000000080000223,2000,2000008935,4500008885,00010,SESS-001006,ATT-000188,BACK_IN_STOCK,2026-03-05,2026-04-13,2026-05-05,false,53,Repair vendor Copperton Gearbox Refurbishment (Pt.
RPR-000278,000000000080000224,1000,2000008936,4500008886,00010,SESS-001007,,BACK_IN_STOCK,2026-03-24,2026-05-16,2026-06-04,false,59,Repair vendor Gariep Hydraulic Service Centre (Pt.
RPR-000279,000000000080000225,1000,2000008937,4500008887,00010,SESS-001008,ATT-000189,IN_REPAIR,2026-06-22,2026-09-23,,false,,Repair vendor Namaqua Hydraulic Service Centre (P.
RPR-000280,000000000080000226,3000,2000008938,4500008888,00010,SESS-001009,ATT-000190,OVERDUE,2026-04-12,2026-06-24,,true,,Repair vendor Orange River Hydraulic Service Cent.
RPR-000281,000000000080000226,4000,2000008939,4500008889,00010,SESS-001010,,RETURNED,2025-11-16,2026-02-01,2026-02-11,false,75,Repair vendor Namaqua Hydraulic Service Centre (P.
RPR-000282,000000000080000228,1000,,,,SESS-001011,,NEW_PURCHASE_INSTEAD,,,,false,,New purchase on 4500008890 while a repairable unit was on hand.
RPR-000283,000000000080000229,4000,2000008941,4500008891,00010,SESS-001012,,IN_REPAIR,2026-08-15,2026-11-28,,false,,Repair vendor Springbok Hydraulic Service Centre .
RPR-000284,000000000080000230,3000,2000008942,4500008892,00010,SESS-001013,ATT-000191,RETURNED,2025-12-12,2026-02-22,2026-03-14,false,86,Repair vendor Copperton Gearbox Refurbishment (Pt.
RPR-000285,000000000080000231,4000,2000008943,4500008893,00010,SESS-001014,ATT-000192,IN_REPAIR,2026-08-09,2026-09-25,,false,,Repair vendor Prieska Mechanical Repair Works (Pt.
RPR-000286,000000000080000232,1000,2000008944,4500008894,00010,SESS-001015,ATT-000193,IN_REPAIR,2026-08-30,2026-10-04,,false,,Repair vendor Copperton Gearbox Refurbishment (Pt.
RPR-000287,000000000080000233,3000,2000008945,4500008895,00010,SESS-001016,ATT-000194,OVERDUE,2026-05-26,2026-06-30,,true,,Repair vendor Springbok Rewind Services (Pty) Ltd.
RPR-000288,000000000080000234,2000,2000008946,4500008896,00010,SESS-001017,ATT-000195,BACK_IN_STOCK,2025-12-14,2026-01-30,2026-02-19,false,61,Repair vendor Orange River Gearbox Refurbishment .
RPR-000289,000000000080000235,2000,2000008947,4500008897,00010,SESS-001018,ATT-000196,IN_REPAIR,2026-07-06,2026-09-27,,false,,Repair vendor Kalahari Rotating Equipment Service.
RPR-000290,000000000080000236,2000,2000008948,4500008898,00010,SESS-001019,ATT-000197,BACK_IN_STOCK,2026-05-17,2026-07-07,2026-07-15,false,52,Repair vendor Springbok Hydraulic Service Centre .
RPR-000291,000000000080000237,4000,2000008949,4500008899,00010,SESS-001020,,BACK_IN_STOCK,2026-05-14,2026-07-21,2026-07-22,false,61,Repair vendor Springbok Hydraulic Service Centre .
RPR-000292,000000000080000238,4000,2000008950,4500008900,00010,SESS-001021,ATT-000198,OVERDUE,2026-06-30,2026-08-09,,true,,Repair vendor Namaqua Mechanical Repair Works (Pt.
RPR-000293,000000000080000239,3000,2000008951,4500008901,00010,SESS-001022,ATT-000199,IN_REPAIR,2026-08-04,2026-09-22,,false,,Repair vendor Orange River Hydraulic Service Cent.
RPR-000294,000000000080000240,3000,2000008952,4500008902,00010,SESS-001023,ATT-000200,BACK_IN_STOCK,2026-07-24,2026-08-27,2026-08-29,false,29,Repair vendor Orange River Hydraulic Service Cent.
RPR-000295,000000000080000241,1000,2000008953,4500008903,00010,SESS-001024,ATT-000201,BACK_IN_STOCK,2025-12-15,2026-03-13,2026-03-15,false,81,Repair vendor Kalahari Rotating Equipment Service.
RPR-000296,000000000080000241,4000,2000008954,4500008904,00010,SESS-001025,ATT-000202,BACK_IN_STOCK,2026-06-05,2026-08-01,2026-08-19,false,70,Repair vendor Namaqua Hydraulic Service Centre (P.
RPR-000297,000000000080000242,3000,,,,SESS-001026,,NEW_PURCHASE_INSTEAD,,,,false,,New purchase on 4500008905 while a repairable unit was on hand.
RPR-000298,000000000080000242,2000,2000008956,4500008906,00010,SESS-001027,ATT-000203,RETURNED,2025-12-15,2026-03-18,2026-03-20,false,89,Repair vendor Prieska Mechanical Repair Works (Pt.
RPR-000299,000000000080000244,3000,,,,SESS-001028,,NEW_PURCHASE_INSTEAD,,,,false,,New purchase on 4500008907 while a repairable unit was on hand.
RPR-000300,000000000080000245,3000,2000008958,4500008908,00010,SESS-001029,,BACK_IN_STOCK,2025-12-18,2026-02-20,2026-02-22,false,53,Repair vendor Springbok Rewind Services (Pty) Ltd.
RPR-000301,000000000080000246,3000,2000008959,4500008909,00010,SESS-001030,,OVERDUE,2026-05-02,2026-06-07,,true,,Repair vendor Prieska Mechanical Repair Works (Pt.
RPR-000302,000000000080000247,2000,,,,SESS-001031,,NEW_PURCHASE_INSTEAD,,,,false,,New purchase on 4500008910 while a repairable unit was on hand.
RPR-000303,000000000080000247,3000,2000008961,4500008911,00010,SESS-001032,ATT-000204,RETURNED,2026-03-16,2026-06-14,2026-07-07,false,104,Repair vendor Springbok Mechanical Repair Works (.
RPR-000304,000000000080000248,2000,2000008962,4500008912,00010,SESS-001033,ATT-000205,EXPECTED_BACK,2026-07-20,2026-09-12,,false,,Repair vendor Gariep Hydraulic Service Centre (Pt.
RPR-000305,000000000080000249,4000,2000008963,4500008913,00010,SESS-001034,ATT-000206,IN_REPAIR,2026-08-15,2026-09-29,,false,,Repair vendor Prieska Mechanical Repair Works (Pt.
RPR-000306,000000000080000250,3000,2000008964,4500008914,00010,SESS-001035,,BACK_IN_STOCK,2025-11-19,2026-02-11,2026-03-07,false,101,Repair vendor Kalahari Rotating Equipment Service.
RPR-000307,000000000080000251,2000,,,,SESS-001036,,NEW_PURCHASE_INSTEAD,,,,false,,New purchase on 4500008915 while a repairable unit was on hand.
RPR-000308,000000000080000252,2000,2000008966,4500008916,00010,SESS-001037,ATT-000207,BACK_IN_STOCK,2026-01-12,2026-02-09,2026-02-16,false,32,Repair vendor Orange River Hydraulic Service Cent.
RPR-000309,000000000080000254,1000,2000008967,4500008917,00010,SESS-001038,,IN_REPAIR,2026-08-29,2026-10-02,,false,,Repair vendor Copperton Gearbox Refurbishment (Pt.
RPR-000310,000000000080000255,2000,2000008968,4500008918,00010,SESS-001039,ATT-000208,IN_REPAIR,2026-07-03,2026-09-26,,false,,Repair vendor Orange River Hydraulic Service Cent.
RPR-000311,000000000080000256,3000,2000008969,4500008919,00010,SESS-001040,,IN_REPAIR,2026-09-03,2026-10-11,,false,,Repair vendor Springbok Hydraulic Service Centre .
RPR-000312,000000000080000256,4000,2000008970,4500008920,00010,SESS-001041,ATT-000209,IN_REPAIR,2026-08-29,2026-10-02,,false,,Repair vendor Springbok Rewind Services (Pty) Ltd.
RPR-000313,000000000080000257,2000,2000008971,4500008921,00010,SESS-001042,ATT-000210,IN_REPAIR,2026-07-20,2026-09-24,,false,,Repair vendor Kalahari Rotating Equipment Service.
RPR-000314,000000000080000258,1000,2000008972,4500008922,00010,SESS-001043,ATT-000211,OVERDUE,2026-06-06,2026-07-18,,true,,Repair vendor Kalahari Rotating Equipment Service.
RPR-000315,000000000080000259,1000,2000008973,4500008923,00010,SESS-001044,ATT-000212,BACK_IN_STOCK,2026-04-11,2026-05-06,2026-05-06,false,21,Repair vendor Springbok Mechanical Repair Works (.
RPR-000316,000000000080000260,2000,2000008974,4500008924,00010,SESS-001045,ATT-000213,IN_REPAIR,2026-08-20,2026-09-23,,false,,Repair vendor Copperton Gearbox Refurbishment (Pt.
RPR-000317,000000000080000260,4000,2000008975,4500008925,00010,SESS-001046,ATT-000214,OVERDUE,2026-05-11,2026-07-12,,true,,Repair vendor Prieska Mechanical Repair Works (Pt.
RPR-000318,000000000080000261,3000,2000008976,4500008926,00010,SESS-001047,ATT-000215,IN_REPAIR,2026-07-04,2026-10-06,,false,,Repair vendor Namaqua Hydraulic Service Centre (P.
RPR-000319,000000000080000262,4000,2000008977,4500008927,00010,SESS-001048,,BACK_IN_STOCK,2026-06-23,2026-08-19,2026-09-01,false,63,Repair vendor Springbok Rewind Services (Pty) Ltd.
RPR-000320,000000000080000262,2000,2000008978,4500008928,00010,SESS-001049,ATT-000216,IN_REPAIR,2026-08-07,2026-09-29,,false,,Repair vendor Kalahari Rotating Equipment Service.
RPR-000321,000000000080000263,4000,2000008979,4500008929,00010,SESS-001050,ATT-000217,IN_REPAIR,2026-07-16,2026-09-22,,false,,Repair vendor Namaqua Hydraulic Service Centre (P.
RPR-000322,000000000080000264,2000,,,,SESS-001051,,NEW_PURCHASE_INSTEAD,,,,false,,New purchase on 4500008930 while a repairable unit was on hand.
RPR-000323,000000000080000265,1000,2000008981,4500008931,00010,SESS-001052,ATT-000218,EXPECTED_BACK,2026-06-26,2026-09-08,,false,,Repair vendor Copperton Gearbox Refurbishment (Pt.
RPR-000324,000000000080000265,2000,2000008982,4500008932,00010,SESS-001053,ATT-000219,IN_REPAIR,2026-08-20,2026-11-26,,false,,Repair vendor Namaqua Hydraulic Service Centre (P.
RPR-000325,000000000080000266,2000,,,,SESS-001054,,NEW_PURCHASE_INSTEAD,,,,false,,New purchase on 4500008933 while a repairable unit was on hand.
RPR-000326,000000000080000267,4000,,,,SESS-001055,,NEW_PURCHASE_INSTEAD,,,,false,,New purchase on 4500008934 while a repairable unit was on hand.
RPR-000327,000000000080000268,3000,2000008985,4500008935,00010,SESS-001056,ATT-000220,IN_REPAIR,2026-08-15,2026-10-23,,false,,Repair vendor Namaqua Mechanical Repair Works (Pt.
RPR-000328,000000000080000269,1000,2000008986,4500008936,00010,SESS-001057,ATT-000221,BACK_IN_STOCK,2026-01-22,2026-03-05,2026-03-16,false,44,Repair vendor Springbok Mechanical Repair Works (.
RPR-000329,000000000080000269,4000,2000008987,4500008937,00010,SESS-001058,ATT-000222,OVERDUE,2026-05-31,2026-08-05,,true,,Repair vendor Springbok Mechanical Repair Works (.
RPR-000330,000000000080000270,3000,2000008988,4500008938,00010,SESS-001059,ATT-000223,RETURNED,2026-05-18,2026-07-12,2026-08-02,false,66,Repair vendor Orange River Hydraulic Service Cent.
RPR-000331,000000000080000271,4000,2000008989,4500008939,00010,SESS-001060,ATT-000224,IN_REPAIR,2026-08-15,2026-10-17,,false,,Repair vendor Namaqua Mechanical Repair Works (Pt.
RPR-000332,000000000080000272,4000,2000008990,4500008940,00010,SESS-001061,ATT-000225,EXPECTED_BACK,2026-06-25,2026-09-08,,false,,Repair vendor Orange River Gearbox Refurbishment .
RPR-000333,000000000080000273,1000,2000008991,4500008941,00010,SESS-001062,ATT-000226,OVERDUE,2026-04-20,2026-07-29,,true,,Repair vendor Orange River Gearbox Refurbishment .
RPR-000334,000000000080000274,4000,2000008992,4500008942,00010,SESS-001063,,BACK_IN_STOCK,2025-11-04,2026-01-19,2026-01-31,false,77,Repair vendor Gariep Hydraulic Service Centre (Pt.
RPR-000335,000000000080000275,1000,2000008993,4500008943,00010,SESS-001064,ATT-000227,OVERDUE,2026-05-03,2026-08-09,,true,,Repair vendor Copperton Gearbox Refurbishment (Pt.
RPR-000336,000000000080000276,4000,,,,SESS-001065,,NEW_PURCHASE_INSTEAD,,,,false,,New purchase on 4500008944 while a repairable unit was on hand.
RPR-000337,000000000080000276,2000,2000008995,4500008945,00010,SESS-001066,ATT-000228,BACK_IN_STOCK,2026-01-16,2026-03-28,2026-04-09,false,75,Repair vendor Prieska Mechanical Repair Works (Pt.
RPR-000338,000000000080000277,3000,,,,SESS-001067,,NEW_PURCHASE_INSTEAD,,,,false,,New purchase on 4500008946 while a repairable unit was on hand.
RPR-000339,000000000080000278,2000,2000008997,4500008947,00010,SESS-001068,ATT-000229,BACK_IN_STOCK,2026-03-02,2026-05-17,2026-05-24,false,72,Repair vendor Kalahari Rotating Equipment Service.
RPR-000340,000000000080000279,2000,2000008998,4500008948,00010,SESS-001069,ATT-000230,BACK_IN_STOCK,2026-03-23,2026-06-24,2026-07-09,false,101,Repair vendor Kalahari Rotating Equipment Service.
RPR-000341,000000000080000280,2000,2000008999,4500008949,00010,SESS-001070,ATT-000231,OVERDUE,2026-05-28,2026-07-18,,true,,Repair vendor Namaqua Hydraulic Service Centre (P.
RPR-000342,000000000080000281,2000,2000009000,4500008950,00010,SESS-001071,ATT-000232,OVERDUE,2026-05-24,2026-08-14,,true,,Repair vendor Prieska Mechanical Repair Works (Pt.
RPR-000343,000000000080000282,3000,2000009001,4500008951,00010,SESS-001072,ATT-000233,IN_REPAIR,2026-08-22,2026-09-23,,false,,Repair vendor Springbok Rewind Services (Pty) Ltd.
RPR-000344,000000000080000283,4000,,,,SESS-001073,,NEW_PURCHASE_INSTEAD,,,,false,,New purchase on 4500008952 while a repairable unit was on hand.
RPR-000345,000000000080000283,2000,2000009003,4500008953,00010,SESS-001074,ATT-000234,BACK_IN_STOCK,2026-01-04,2026-03-16,2026-03-21,false,69,Repair vendor Kalahari Rotating Equipment Service.
RPR-000346,000000000080000284,1000,2000009004,4500008954,00010,SESS-001075,ATT-000235,OVERDUE,2026-03-23,2026-06-16,,true,,Repair vendor Aggeneys Rotating Equipment Service.
RPR-000347,000000000080000285,2000,2000009005,4500008955,00010,SESS-001076,ATT-000236,BACK_IN_STOCK,2026-02-19,2026-05-25,2026-06-02,false,89,Repair vendor Namaqua Hydraulic Service Centre (P.
RPR-000348,000000000080000286,1000,2000009006,4500008956,00010,SESS-001077,ATT-000237,RETURNED,2026-02-22,2026-05-13,2026-06-01,false,94,Repair vendor Copperton Gearbox Refurbishment (Pt.
RPR-000349,000000000080000286,3000,2000009007,4500008957,00010,SESS-001078,ATT-000238,OVERDUE,2026-05-10,2026-08-17,,true,,Repair vendor Springbok Hydraulic Service Centre .
RPR-000350,000000000080000287,2000,2000009008,4500008958,00010,SESS-001079,,IN_REPAIR,2026-08-14,2026-11-16,,false,,Repair vendor Orange River Hydraulic Service Cent.
RPR-000351,000000000080000288,2000,2000009009,4500008959,00010,SESS-001080,ATT-000239,EXPECTED_BACK,2026-07-24,2026-09-11,,false,,Repair vendor Namaqua Hydraulic Service Centre (P.
RPR-000352,000000000080000289,1000,,,,SESS-001081,,NEW_PURCHASE_INSTEAD,,,,false,,New purchase on 4500008960 while a repairable unit was on hand.
RPR-000353,000000000080000290,1000,2000009011,4500008961,00010,SESS-001082,ATT-000240,OVERDUE,2026-04-19,2026-07-26,,true,,Repair vendor Namaqua Hydraulic Service Centre (P.
RPR-000354,000000000080000290,2000,,,,SESS-001083,,NEW_PURCHASE_INSTEAD,,,,false,,New purchase on 4500008962 while a repairable unit was on hand.
RPR-000355,000000000080000291,4000,2000009013,4500008963,00010,SESS-001084,ATT-000241,EXPECTED_BACK,2026-07-17,2026-09-10,,false,,Repair vendor Kalahari Rotating Equipment Service.
RPR-000356,000000000080000292,1000,2000009014,4500008964,00010,SESS-001085,ATT-000242,EXPECTED_BACK,2026-07-17,2026-09-13,,false,,Repair vendor Gariep Hydraulic Service Centre (Pt.
RPR-000357,000000000080000292,3000,2000009015,4500008965,00010,SESS-001086,ATT-000243,OVERDUE,2026-06-19,2026-08-24,,true,,Repair vendor Namaqua Mechanical Repair Works (Pt.
RPR-000358,000000000080000293,3000,2000009016,4500008966,00010,SESS-001087,,EXPECTED_BACK,2026-07-21,2026-09-11,,false,,Repair vendor Gariep Hydraulic Service Centre (Pt.
RPR-000359,000000000080000294,1000,2000009017,4500008967,00010,SESS-001088,,IN_REPAIR,2026-08-06,2026-09-30,,false,,Repair vendor Copperton Gearbox Refurbishment (Pt.
RPR-000360,000000000080000294,3000,2000009018,4500008968,00010,SESS-001089,ATT-000244,IN_REPAIR,2026-08-17,2026-11-21,,false,,Repair vendor Orange River Gearbox Refurbishment .
RPR-000361,000000000080000295,1000,2000009019,4500008969,00010,SESS-001090,ATT-000245,IN_REPAIR,2026-07-11,2026-10-11,,false,,Repair vendor Springbok Hydraulic Service Centre .
RPR-000362,000000000080000296,1000,2000009020,4500008970,00010,SESS-001091,ATT-000246,EXPECTED_BACK,2026-07-12,2026-09-13,,false,,Repair vendor Gariep Hydraulic Service Centre (Pt.
RPR-000363,000000000080000297,2000,2000009021,4500008971,00010,SESS-001092,ATT-000247,RETURNED,2026-05-05,2026-06-16,2026-06-23,false,40,Repair vendor Prieska Mechanical Repair Works (Pt.
RPR-000364,000000000080000297,4000,2000009022,4500008972,00010,SESS-001093,ATT-000248,OVERDUE,2026-06-24,2026-08-26,,true,,Repair vendor Aggeneys Rotating Equipment Service.
RPR-000365,000000000080000298,2000,2000009023,4500008973,00010,SESS-001094,ATT-000249,BACK_IN_STOCK,2026-04-05,2026-05-13,2026-06-07,false,50,Repair vendor Namaqua Mechanical Repair Works (Pt.
RPR-000366,000000000080000298,3000,,,,SESS-001095,,NEW_PURCHASE_INSTEAD,,,,false,,New purchase on 4500008974 while a repairable unit was on hand.
RPR-000367,000000000080000299,3000,2000009025,4500008975,00010,SESS-001096,ATT-000250,IN_REPAIR,2026-08-12,2026-09-20,,false,,Repair vendor Orange River Hydraulic Service Cent.
RPR-000368,000000000080000299,1000,2000009026,4500008976,00010,SESS-001097,ATT-000251,EXPECTED_BACK,2026-06-15,2026-09-11,,false,,Repair vendor Kalahari Rotating Equipment Service.
